asap,w,1
nice,thats,1
lot,shop,1
hallaq,loved,1
jay,noncomittal,1
docks,slept,1
think,yes,1
evening,spend,1
except,kb,1
better,feel,3
didn,one,1
lor,tv,4
sad,secretary,1
class,pm,1
problem,walk,1
bought,shuhui,1
avatar,nigro,1
day,return,1
jus,went,2
else,used,1
wisdom,without,2
ji,lambu,1
tirupur,way,1
mum,n,2
starting,stay,1
friends,understand,1
great,home,1
babes,hope,1
man,mine,1
havent,wined,1
almost,tried,1
first,play,1
il,nw,1
back,going,4
gep,go,1
break,hug,1
end,please,2
nice,something,1
resort,roller,1
indian,money,1
go,liao,1
sure,yep,1
sea,world,1
lost,way,1
drizzling,leh,1
da,dunno,1
dinner,steak,1
also,relax,1
hungover,think,1
clean,quite,1
moments,spent,1
spoke,woke,1
n,ron,1
back,id,1
must,summon,1
also,cost,1
go,shall,1
re,worried,1
hui,xin,1
alwys,touch,2
da,yes,1
life,people,2
cutie,goes,1
cash,yet,1
feel,make,1
also,hut,1
accordingly,reach,1
gentle,love,1
like,talking,1
find,sent,1
open,quickly,1
cum,pussy,1
dinner,ok,1
said,wait,4
sarcastic,x,1
come,late,1
7ish,maybe,1
move,think,1
includes,stuff42moro,1
lots,theyre,1
7,night,1
added,u,1
loooooool,trip,1
kudi,yarasu,2
lots,use,1
favor,pls,3
consider,walls,1
ask,carlos,1
l8tr,u,1
turn,u,1
anti,really,1
hav,signal,1
cup,tea,1
m,wat,1
700,900,1
gnun,sent,1
delete,tag,1
anything,comedy,1
cant,wait,7
aiyah,tok,1
frm,msg,1
life,need,1
bt,lttrs,2
go,hmph,1
gf,ur,1
m,officially,1
aiyah,e,1
lar,u,2
w,work,1
2,dead,1
acting,vibrate,1
alcohol,weed,1
lor,mayb,1
tayseer,tissco,1
junna,opinion,1
2,change,2
still,visit,1
drink,takes,1
hubby,nice,1
map,reading,1
nobody,usual,1
blogging,m,1
light,n,1
bring,thk,1
ask,doubt,1
1,day,1
still,sure,1
2,tat,1
say,still,1
aren,keys,1
contains,fizz,1
empty,looking,1
bit,l8,1
done,internet,1
newquay,time,1
company,hope,2
hope,sweetheart,1
facebook,see,1
bread,jam,1
comedy,night,1
much,snow,1
bcoz,teacher,1
mel,rock,1
class,image,1
green,quote,2
everything,fine,1
activities,planned,1
3,words,2
chennai,well,1
desparate,recorded,1
cos,da,1
greet,whenever,1
people,sure,1
intrude,pls,1
power,supplies,1
perform,write,1
gently,remove,3
give,water,1
beer,decades,1
smokes,wylie,1
ok,sound,1
job,need,1
mah,today,1
came,waves,1
called,mittelschmertz,1
avoids,dat,1
insurance,met,1
fun,lmao,1
m,usf,1
remove,sms,1
m,reason,2
hope,photo,1
e,forum,1
checked,surprise,1
however,moves,1
every,secret,1
resizing,watch,1
father,power,2
might,still,1
come,til,1
later,skype,1
denying,words,1
fires,putting,1
chile,please,1
pounded,prepare,1
re,whenever,3
crave,need,4
good,nowadays,1
stuff,week,1
doesn,fuck,1
bathe,yup,1
2,pizza,1
gt,ill,1
show,want,1
buying,self,1
4wrd,dear,1
inlude,previews,1
cleaning,ur,1
get,still,1
decision,feeling,2
car,park,3
dad,orchard,1
money,much,1
m,sorry,1
3g,lt,1
n,pros,1
catching,mate,1
home,r,2
ll,think,1
endowed,lt,1
b,day,11
ok,theory,1
means,selected,2
ago,already,2
arm,bless,1
half,like,1
guy,still,1
got,still,3
epi,fine,1
anything,done,1
number,number,1
day,one,9
tea,today,1
didn,right,1
phone,ring,1
e,ternal,1
n,pass,1
9,luvd,1
need,shit,1
dun,haf,6
hurts,sorry,2
software,tel,1
days,within,1
chennai,velachery,1
finish,wrk,1
dont,worry,4
ktv,wan,1
mum,take,1
bother,trying,1
fps,o,1
family,struggling,1
greeting,morning,1
abt,heard,1
guess,useless,1
1,blanket,1
together,wish,1
hurt,n,1
addicted,msging,2
got,knackered,1
concert,tmw,1
difficult,guys,1
hit,re,1
makes,put,1
calls,messages,3
day,hogidhe,1
home,went,3
special,stock,1
got,nothing,1
alone,take,1
come,smoke,3
everyone,money,1
lucky,man,1
call,re,1
im,night,1
enjoy,n,1
free,tonight,1
know,plus,1
5,rowdy,1
already,times,1
cool,princess,1
mah,today,2
lot,sorry,1
job,looking,1
first,genus,1
advice,enjoy,1
1,thing,2
hate,ll,1
dad,two,1
hasn,selling,1
tomorrow,txt,1
isn,man,1
hear,screamed,1
incident,lets,1
didn,intend,1
hu,sing,1
way,weaseling,1
class,lt,1
spend,wanna,1
cover,pg,1
dull,easy,1
come,time,2
mind,things,1
mag,people,1
number,please,1
ms,suman,1
looking,stock,1
b4,msg,1
eve,sunday,1
nver,thought,1
congrats,kano,1
enough,reserves,1
lar,tix,1
left,right,1
coast,east,1
hunny,well,1
slp,well,2
oh,stay,1
allowed,players,1
definitly,undrstnd,1
browsin,compulsory,1
get,please,1
doin,smidgin,1
juz,mah,2
buy,new,2
come,sec,1
give,might,1
u,w,3
soul,ur,1
got,lazy,1
think,wednesday,1
seriously,told,1
frnds,never,1
case,night,1
able,college,1
puzzles,solve,1
exciting,got,1
great,time,3
care,show,1
gd,quite,2
said,text,1
ask,say,1
babyjontet,txt,1
wishin,year,2
find,wot,1
days,one,1
dates,set,1
ha,joking,1
normally,use,1
good,nite,1
jus,romantic,1
paypal,voila,1
hold,right,1
saying,whatever,1
u,yes,4
call,go,1
know,m,6
even,want,1
customer,us,1
make,would,1
discuss,u,1
dat,like,1
say,yar,1
goes,hope,1
jason,k,1
informed,moji,1
liao,plan,1
day,meet,1
deep,snuggles,1
accept,even,1
got,lancaster,1
2,outta,1
1,go,3
hope,sorry,2
neglect,tel,1
much,paying,1
2,run,1
catch,footprints,1
2,gd,1
date,today,1
c,witin,1
coping,smiling,1
dear,oh,1
da,listed,1
dem,wit,1
come,later,2
need,see,1
solved,students,1
ask,transfer,1
asked,came,1
help,ur,1
buying,yun,1
aunties,finish,1
love,working,1
boytoy,well,1
nothing,won,1
song,wondarfull,1
reason,said,1
morphine,took,1
_,considering,1
knows,wants,1
fifteen,min,1
new,rudi,1
ll,tough,1
scratches,throat,1
colleagues,screaming,4
money,paying,1
awesome,cookies,1
umma,vava,1
dont,hey,1
noise,puppy,1
4the,gone,1
didn,stubborn,1
6,get,3
emerging,friends,1
day,rose,1
bf,oso,1
dao,ok,1
liao,still,1
hear,world,1
r,y,2
inperialmusic,listening2the,1
babe,teasing,1
friendsare,whereare,1
back,documents,1
frndship,love,1
000pes,around,1
hes,home,1
_,wat,1
2,b,2
call,lunch,1
hold,ur,1
go,sun,1
method,name,1
care,u,4
right,wondering,1
tlk,wnt,2
curious,sugar,1
frndz,ur,1
r,well,1
services,social,1
math,trust,1
ok,u,3
give,please,2
fuckin,showr,1
like,looking,1
3,waste,1
m,unable,2
ll,night,1
home,reaching,2
track,usf,1
first,kinda,1
hypertension,us,1
kisi,zyada,1
earth,wot,1
bishan,meet,1
flame,xoxo,1
2morrow,maga,1
r,things,1
havent,mus,1
home,tomorrow,1
click,friend,1
hey,morning,1
fren,frens,1
phone,still,1
bath,got,1
dis,knw,2
name,staff,1
get,police,1
hw,violence,1
fast,reply,1
funny,n,1
even,tho,1
darlings,fav,1
morphine,prescribed,1
2nite,love,1
cres,ubi,1
enjoyed,game,1
good,lecture,1
ask,nickey,1
mrt,tp,1
already,town,1
babe,said,1
4,nb,2
doesn,want,1
bother,wont,1
later,office,1
guess,re,1
real,thing,3
attributed,shitstorm,1
flame,rawring,1
seeing,smiling,4
name,software,1
stop,story,1
barcelona,way,1
help,texts,1
dogg,straight,1
stuff,ugh,1
fine,good,1
dont,eat,1
reflection,ur,1
love,symbol,1
dont,msg,1
beloved,one,1
6,fine,1
oh,okie,1
book,call,1
meeting,u,3
answer,u,1
ahmad,right,1
bored,izzit,1
gota,way,1
jolt,nice,1
mrt,orc,1
men,x,1
like,something,5
honey,thanks,2
aft,da,1
say,u,6
msg,u,7
distract,mark,1
9ja,torch,1
break,dabooks,1
lady,seeking,1
people,see,2
anybody,asks,1
ask,come,2
going,intro,1
best,open,1
lay,man,1
giv,vl,1
much,noe,1
frm,voucher,1
trip,yo,1
smart,tm,1
case,mail,1
good,team,1
didn,glad,1
parents,pretty,1
day,spend,1
lose,still,3
say,shuhui,2
dsn,tear,1
day,n,1
drop,unmits,1
love,luck,1
hours,went,1
2,callin,1
bit,different,1
fren,meeting,1
calls,texts,1
see,wake,1
bite,bite,1
courtroom,lt,1
ge,gn,3
lunch,wat,1
buy,newspapers,1
crazy,keep,1
alex,pizza,1
officially,philosophical,1
conference,da,1
ajith,watching,1
bless,god,1
bus,come,2
decide,easter,1
talk,time,2
4,let,1
crashing,place,1
today,weak,1
beach,long,1
get,may,2
know,old,2
call,ll,45
allah,tohar,1
3,hours,1
quite,tell,1
head,straight,1
alwys,stay,1
called,hoping,1
_,fr,1
hold,play,1
gal,hold,1
long,wake,1
ben,noe,1
around,life,1
accomodations,thought,1
hi,roger,1
card,d,1
haha,unlimited,1
asap,ring,1
8th,getting,1
4,place,3
heard,tht,1
ask,liao,1
mode,sha,1
informed,paying,1
m,ok,3
considering,test,1
outside,yes,1
4,luv,2
4,got,1
ll,run,1
many,returns,1
lt,mean,1
eat,sch,1
friendships,together,1
electricity,m,1
1405,dad,1
positions,study,1
go,sat,1
gm,gn,3
e,meeting,1
brisk,continue,1
even,gotten,1
15,trying,1
lift,see,1
dream,world,1
got,grams,1
remain,unconvinced,1
lei,stock,1
princess,well,1
mouth,use,1
eek,ground,1
gone,mates,1
going,tomorrow,2
gt,pm,3
maturity,start,2
bud,enough,1
care,something,1
samantha,warning,1
question,u,3
knackered,ok,1
new,week,1
fucked,gets,1
r,still,1
finish,tomorrow,1
get,mobile,1
actually,fall,1
steam,today,1
password,process,1
2,til,1
gang,yeah,1
please,swimming,1
doc,gave,1
loss,understand,1
2geva,spent,1
left,ll,1
2go,u,1
feel,legs,1
charge,usf,1
last,please,1
remind,tm,1
go,gym,4
ever,one,1
2,remove,1
home,still,1
amp,found,1
buy,ericsson,1
reliant,soon,1
2,suntec,2
deserve,sleep,1
keep,pls,3
easily,forgets,1
file,send,1
case,huiming,1
bcum,difficult,1
cared,ll,1
money,probably,1
sleep,u,2
prob,take,1
hamster,maybe,1
recovery,time,2
da,pub,1
anything,want,2
really,trying,1
dun,u,12
died,phone,1
love,wait,1
beautiful,get,1
run,word,1
love,smiles,1
message,offline,1
text,way,1
back,comes,2
anything,da,1
cool,let,1
alot,wiv,1
fill,fucking,1
go,sup,1
miss,need,1
knew,saw,1
al,ws,1
real,told,1
give,na,1
babe,take,1
page,set,1
d,situation,3
punto,woulda,1
plus,said,2
always,think,1
gets,lag,1
aint,bad,1
kanji,mm,1
also,smart,1
loving,rather,1
maid,went,3
call,vasai,1
_,okie,1
lovely,reply,1
frank,good,1
m,unemployed,1
make,u,2
must,speak,1
grahmbell,invnted,3
lovely,wisheds,1
soon,work,1
gonna,lol,1
credit,havin,1
give,m,1
hurts,leg,1
lucyxx,time,1
back,time,3
enna,student,1
looking,roommate,1
good,soooo,1
intelligent,woman,1
boy,hall,1
football,play,1
change,info,1
ard,rest,1
dude,sorry,1
tonight,u,3
flower,fresh,1
join,n,1
control,massive,1
_,got,2
busy,wun,1
da,msg,1
chennai,think,1
give,person,1
always,could,1
everything,give,1
call,class,1
everything,mind,1
greetings,sends,1
innings,outstanding,1
spot,would,1
anything,responding,1
gt,true,2
extra,stayin,1
available,m,1
wed,wot,1
boring,u,1
arithmetic,percentages,1
jus,testing,1
drops,wind,1
even,wasn,1
mobile,pa,1
ago,wtf,1
helloooo,wake,2
lei,might,1
friends,imma,1
friends,staying,1
name,whats,1
postcard,u,1
dr,told,1
dress,taking,1
take,well,5
amp,temple,3
dear,thank,1
big,man,1
gonna,pay,1
hey,rats,1
urself,witout,1
could,hoping,1
r,terminated,1
2,trying,2
nus,sc,1
disturb,wun,1
dunno,leh,2
shola,tell,1
missin,really,1
130,wewa,1
hospital,see,1
bognor,splendid,1
cine,go,1
26,sorry,1
great,message,1
left,message,1
alaikkum,salam,1
knew,never,1
getting,tickets,1
bout,early,1
got,really,1
beyond,joke,1
air1,new,1
bot,notes,1
angry,msg,1
checkup,regular,1
nice,wait,1
da,version,2
u,ummifying,1
lol,trying,1
another,meet,1
angry,take,1
cr,take,1
term,yr,1
care,people,1
call,gt,1
fucking,gas,1
get,ll,10
said,tell,2
college,cool,1
da,u,3
sis,wif,2
bang,battle,1
cry,give,1
buen,un,1
come,immediately,1
call,soon,1
bleak,lazy,1
light,waiting,1
beautiful,ure,1
dear,gudnyt,1
auction,come,1
already,booked,1
haha,wonder,1
ended,night,4
party,tarpon,1
date,real,1
aight,sounds,1
murder,sleeping,3
evn,frnds,2
busy,lol,1
april,feb,1
class,lunsford,1
envelope,envelope,2
ayn,wihtuot,2
4,search,2
m,repairs,1
send,strips,1
favor,pls,3
1,back,2
anand,asked,1
pases,un,1
keeping,us,1
blessed,hav,2
crave,love,1
plans,ur,2
opportunity,search,1
ok,umma,1
jus,yijue,1
came,neva,1
booked,ticket,1
event,laden,1
pap,smear,1
ignoring,message,1
happening,side,1
d,thm,2
first,wake,1
babe,thanks,2
go,ill,1
also,tel,2
decisions,tough,1
celebrated,occasion,1
self,temper,1
2,ask,3
lost,weighed,1
block,like,1
spoken,ve,1
go,trying,1
imin,town,1
8,evening,1
number,wil,1
grins,m,1
ask,gonna,2
every1,im,1
gower,mate,1
also,think,1
like,tell,1
one,version,2
letters,m,1
goin,yogasana,1
hurt,lot,1
tmr,working,1
get,shall,3
maintaining,stuff,1
dave,day,1
prometazine,syrup,1
dark,waited,1
4,leh,2
came,never,2
town,v,1
egg,potato,1
came,finally,1
extra,warm,1
missed,omg,1
ask,macho,3
nice,visit,1
choose,rather,1
like,u,6
late,want,1
d,moment,1
dined,wined,1
atlanta,uncles,3
lor,watch,1
dun,yun,1
bit,thats,1
spiffing,well,1
da,rs,1
lots,pls,1
boyfriend,si,1
_,wan,8
clearly,fault,1
bus,going,1
cuddle,want,1
c,got,1
ex,liao,1
frndship,give,1
goin,meet,1
getting,gram,1
babe,scool,1
good,like,1
hu,think,1
amp,teaches,1
askd,y,1
say,stupid,2
feel,friend,1
gotta,still,1
caveboy,lip,1
much,torch,1
wait,yay,1
go,mind,5
come,mths,1
irritated,u,1
light,turned,1
havent,want,1
drop,tear,1
monkeys,wot,2
frm,god,1
nope,thats,1
lunch,m,1
call,later,50
access,rimac,1
account,send,2
courageous,lt,1
thk,toot,1
cos,outside,1
come,wenever,1
happy,m,2
cant,make,1
gt,stylist,1
currently,m,2
amp,slip,1
shopping,wif,1
dub,nah,1
match,watching,1
ex,u,1
give,hmmm,1
re,see,2
moms,right,1
lei,tot,1
headache,morning,1
like,plan,1
cancelled,re,1
chennai,m,1
good,stuff,2
still,think,1
may,things,2
husband,marry,1
class,midnight,1
break,tears,1
check,text,1
even,fill,1
epsilon,like,1
problem,u,1
pleased,send,1
miles,though,1
arul,call,1
haf,today,1
fredericksburg,somewhere,1
cost,much,2
bt,propsd,2
anything,practical,1
invoices,outstanding,1
ask,pa,1
level,win,1
break,need,1
head,whos,1
dropped,guess,1
cochin,pls,1
plan,weekend,1
ah,opps,1
cheap,den,1
brilliant,wadebridge,1
beauties,handsomes,1
facebook,posted,1
2,finish,2
day,ur,3
dictionary,pieces,1
good,u,1
hamster,jealous,1
says,wherevr,1
birthday,dear,4
already,comes,1
oh,ok,6
red,wine,1
come,later,2
goodmorning,sleeping,1
ne,way,1
college,cum,1
collected,havent,1
cause,jay,1
15,cos,1
read,u,1
busy,fine,1
far,put,1
care,llspeak,1
called,pub,1
m,mad,1
best,rply,1
money,together,1
sc,wana,1
later,pick,3
class,home,2
course,tease,1
probably,won,1
2,report,1
girl,poor,1
lovely,u,1
bread,pick,1
anything,way,1
del,well,1
darren,go,1
gt,married,2
gd,got,1
juz,open,1
freely,move,1
slept,time,1
problem,renewal,1
day,moment,1
able,come,2
lot,takes,1
food,pack,1
number,way,1
bank,world,1
care,n,1
ah,gautham,1
every,get,2
call,right,1
hello,margaret,3
feel,ur,1
love,way,1
anything,jus,1
made,students,2
barred,ve,1
machi,problem,1
blood,heart,4
tonight,town,2
doctors,well,1
audrey,home,1
better,today,1
created,much,1
bec,send,1
20,4,1
girl,world,1
iff,sorry,1
ak,try,1
help,timi,1
everything,weather,1
letters,two,1
3,paper,2
ar,married,1
making,sure,2
many,yes,1
darlin,hello,1
call,didnt,1
bit,wee,2
get,stressful,1
6,visit,1
julianaland,oblivious,1
braindance,comp,1
sumthin,xx,1
little,meds,1
defo,il,1
may,office,1
dobby,get,1
sea,view,1
take,tram,1
important,sounds,1
forums,ppl,1
get,remind,1
boytoy,think,1
enjoyin,u,1
gary,split,1
cos,would,1
going,pm,1
4,press,3
mac,usb,1
thanks,weekend,1
eat,slice,1
da,sofa,1
hello,lover,1
need,tell,1
test,yesterday,1
dresser,fr,1
babe,ones,1
haf,passport,1
asked,wanted,1
feel,words,1
hey,know,1
flame,spark,1
filled,love,1
midnight,one,1
game,m,1
amp,dear,1
drop,later,1
gardener,picking,3
little,well,1
blown,couple,1
oreos,stores,1
eshxxxxxxxxxxx,ya,1
1,tacos,1
always,correct,3
buzz,seen,1
take,usually,1
frm,tmr,1
hey,one,1
might,oxygen,1
pretty,still,1
watch,well,1
im,pub,1
9,reach,1
prakasamanu,sneham,1
fancy,week,1
2,big,1
btw,random,1
hurt,really,1
bad,timing,1
management,money,1
concert,enjoy,1
2,another,1
long,time,6
another,one,1
hugh,whole,1
didnt,sura,2
followin,keep,1
c,horse,1
bother,ur,1
good,want,1
casting,re,1
e,sms,1
9,press,5
den,meet,1
juz,word,1
brownie,e,1
aft,dat,2
bars,sighs,1
dear,feeling,1
camera,quite,1
4,pm,1
something,think,1
luv,v,1
havent,u,2
movies,oh,1
eat,even,1
babysitting,monday,1
mum,thk,1
girls,know,1
nalla,timing,1
tried,yavnt,1
msg,sometext,1
change,field,1
forgotten,travelled,1
last,passed,1
gt,janarige,1
ll,quit,1
fathima,hr,1
funeral,home,2
figures,haha,1
9,gt,1
e,unlimited,1
africa,hope,1
cause,feel,1
call,need,1
quality,want,1
bend,rule,1
already,outside,1
4,sch,1
done,mean,1
olowoyey,usc,1
conference,press,1
drop,x,1
die,wen,1
dont,time,2
infront,times,1
heart,heart,2
house,near,1
athome,youwanna,1
annoying,isn,1
fucking,shoes,1
things,wish,1
d,decided,1
eat,liao,1
early,hee,1
result,surely,1
arr,birthday,1
amp,asks,2
forevr,whenevr,1
friendship,never,1
bloody,hell,1
colours,lor,1
n,oyster,1
anyways,gr8,1
interesting,little,1
cool,see,1
hourish,leave,1
50,deposit,1
lacs,thats,3
however,suggest,1
alright,new,1
2,get,2
cant,hell,1
files,send,1
leave,wif,1
needs,sac,1
like,wah,1
lots,lovejen,1
guess,might,1
idea,soon,1
mcat,study,1
meeting,today,2
give,sure,1
constantly,isn,1
da,quickly,1
baby,make,1
anyone,calling,2
become,quite,1
_,c,7
glad,talking,1
dry,today,1
bloo,ll,1
excellent,sub,1
many,page,1
dun,sad,1
dont,yes,1
brownies,sister,1
cos,shopping,1
kinda,ve,1
hr,told,1
dehydration,giving,1
go,haha,1
2years,dollars,1
also,bringing,1
mt,went,1
made,mummy,1
come,come,1
banks,used,1
class,early,1
age,appendix,1
caught,get,1
clever,either,1
come,search,2
class,hours,1
happiness,stability,1
failing,m,1
bank,find,1
birthday,shijas,3
totally,update,1
last,smoked,1
fine,imma,1
make,reservations,1
didn,together,1
fat,thanks,1
answer,cute,1
leave,note,1
care,close,1
able,join,1
im,im,1
go,ya,2
ability,mental,1
get,second,1
lt,year,1
mrt,take,1
left,victors,1
buyer,like,1
hard,rock,1
lst,nitw,1
diet,everyday,1
dun,like,3
timin,tmr,1
asap,ok,1
move,pain,1
forward,look,1
message,official,1
huh,hyde,1
guess,whenever,1
day,well,1
begging,come,1
help,see,1
chennai,hcl,1
join,ll,1
4,like,2
bathe,looks,1
apes,u,1
lar,watching,1
spontaneously,u,1
pounds,seventeen,1
held,sorry,1
2,go,6
something,up4,1
hip,yoga,1
lousy,sleep,1
buffet,cine,1
d,smile,1
pls,touch,1
hope,still,1
full,pls,1
meet,n,1
need,ur,1
blur,blur,1
mode,today,1
hope,year,1
boy,steve,1
god,happy,1
bed,wanted,1
get,hotel,1
heavy,someone,4
hello,per,1
post,take,1
ll,stay,2
man,see,1
trying,ve,2
mean,much,1
money,offer,1
giving,mind,1
already,since,1
5,_,1
bb,wont,1
bad,hmm,1
frnd,hw,1
bags,sister,1
odi,two,1
hope,j,1
library,see,1
havnt,met,3
place,send,2
happens,lol,1
cheat,others,1
cutting,quite,1
better,march,1
make,ur,2
message,type,1
card,got,1
v,wow,1
package,tour,1
care,stuff,1
n,search,2
aft,ask,1
night,yesterday,1
like,runs,1
advance,flung,1
picking,us,1
ipad,thinkin,1
every,night,4
maintain,till,3
least,think,1
mind,nxt,1
4,married,1
option,second,1
kills,u,2
check,sagamu,1
airport,bar,1
kz,sura,2
behind,flute,1
love,rakhesh,1
hype,park,1
go,movie,1
open,tonight,1
9ja,person,1
fell,one,1
auto,centre,1
multiply,numbers,1
chic,common,1
day,kind,1
latelyxxx,sweet,1
juz,thk,1
goin,later,1
car,got,3
buy,wnt,3
50,gd,1
guy,wants,2
gonna,ok,1
also,come,1
lookin,u,1
run,ttyl,1
ago,wat,1
aslamalaikkum,insha,1
office,still,1
even,though,3
dresser,say,1
good,im,2
ass,enjoy,1
allah,inshah,2
thing,working,1
2,maybe,1
march,start,2
come,shopping,1
finally,home,1
least,problem,2
dinner,n,1
home,hour,1
dresser,hair,3
know,ll,1
okay,unfolds,1
dey,laugh,1
num,ur,1
go,ok,2
da,settings,1
earlier,eat,1
alright,thinkin,1
another,hungover,1
go,shop,1
good,wk,1
oops,thk,1
already,dinner,1
enough,waiting,1
style,ur,4
poor,r,3
gonna,pick,1
auction,punj,1
arts,sis,1
hey,time,1
amp,re,1
car,keys,1
problem,ur,1
night,nobody,1
got,xmas,1
ain,knows,1
avoids,problems,1
dungerees,orange,1
call,ms,1
5,know,1
m,red,1
reason,shop,1
didn,see,3
almost,dat,1
shade,stuff,1
bit,long,1
cant,cloud,1
d,say,2
dont,listen,1
chill,let,1
use,wylie,1
going,huh,1
lt,upto,1
around,sit,1
msg,receive,1
lunch,way,1
bfore,u,1
dl,ill,1
develop,neva,1
konw,u,2
awake,like,1
better,respond,1
left,phone,3
matter,saying,1
afternon,good,1
den,hug,1
book,u,1
receive,sir,1
ruining,shit,1
later,money,1
content,prey,1
great,wishing,3
bag,sleeping,1
belive,wont,1
early,lesson,1
believe,im,1
etc,ll,1
1,favourite,1
neva,tell,1
doctor,india,1
cake,peach,1
love,whatever,1
percent,sure,1
give,happiness,1
anyway,cheat,1
goodnite,shame,1
line,paragraphs,1
holiday,ofice,1
find,pay,1
lor,muz,1
darlin,hope,1
d,phne,3
great,outrageous,1
find,maybe,1
heart,warming,1
florida,university,1
ur,waiting,1
got,roger,1
christmas,perfect,1
change,weekends,1
cos,oic,1
lock,locks,1
kalainar,tv,1
hopefully,lose,1
hey,say,1
advance,haha,1
pretty,yep,1
_,esplanade,1
shop,showrooms,1
four,ok,1
grins,reminding,1
r,stayin,1
case,wake,1
lovely,see,1
ask,ll,1
dream,u,1
best1,dear1,3
buff,still,1
u,win,3
girls,night,1
first,strike,1
fucking,idiot,1
number,reference,2
age,ride,1
bit,somerset,1
closer,little,1
acc,transfer,1
thk,waiting,1
lot,moving,1
bed,god,1
back,text,1
flaked,said,1
could,work,1
gd,nite,1
god,jesus,1
id,transaction,2
ans,engaged,1
hi,missed,1
earlier,station,1
ic,oh,1
acc,wen,1
bad,girl,2
khelate,kintu,1
6hrs,even,1
naked,sofa,4
didn,phone,1
boytoy,hello,3
1,20,1
ru,whr,1
doesn,hurt,1
looks,normal,1
fast,u,1
naseeb,se,1
goin,late,1
cancer,might,1
going,write,1
sch,waiting,1
dismay,many,1
online,still,1
blackberry,buy,1
told,true,1
close,oredi,1
hope,time,1
bit,ex,1
coz,need,1
lovable,reply,1
like,ok,1
member,u,1
company,could,1
biro,masters,1
membership,regarding,1
cherthala,dear,1
angry,bcums,4
quick,taking,1
life,takes,1
msg,u,1
boss,call,2
though,unrecognized,1
liked,since,1
hectic,would,1
intro,textbook,1
brdget,jones,1
come,vikky,2
birth,effects,1
love,selflessness,1
seen,u,1
good,great,1
call,got,1
gopalettan,planning,1
may,ur,2
wiv,work,1
juicy,pizza,1
dead,hey,1
jus,telling,1
orange,thnk,1
deposited,swiss,1
kano,movie,1
gurl,would,1
tough,world,2
busy,wif,1
l,m,1
den,take,1
early,u,1
bold,torch,1
however,said,1
elaine,today,2
c,nope,1
forget,study,1
going,xin,1
bet,town,1
family,whole,2
per,times,4
re,rite,1
e,mail,1
ice,use,1
neekunna,prakasamanu,1
another,go,1
face,update,1
everyone,shouted,1
detail,want,1
keep,ur,2
deduct,lesson,1
aunt,said,1
call,tmorrow,1
doggy,style,2
friend,priest,1
tablets,u,1
school,starting,1
mca,opening,1
told,well,1
din,lock,1
appreciate,call,1
u,wah,1
bored,wat,1
come,yes,1
face,test,1
licks,many,1
dear,u,1
allah,rakhesh,1
shower,years,2
sitll,yuo,2
finishes,lect,1
like,set,1
2,songs,1
get,ice,1
project,went,2
pounds,seven,1
even,uttered,1
anymore,live,1
live,realizes,1
dis,fight,1
guys,wit,1
meet,nice,1
second,takes,1
2,gravy,1
enough,today,1
red,strike,1
film,see,1
evenings,good,1
got,urself,1
addie,looked,1
bin,doin,1
day,good,9
ever,track,1
already,u,3
get,song,1
asked,ok,1
comin,ok,1
lol,sighs,1
showing,way,4
juliana,whatever,1
abt,hw,2
love,well,1
3,pictures,1
friends,kick,3
head,towards,1
found,sack,1
naughty,ve,1
ok,tell,3
ard,haf,1
skinny,white,1
around,hillsborough,1
nt,scarcasim,1
best,friends,1
told,u,2
fri,leh,1
seriously,spell,1
12,taunton,1
hope,march,1
great,honey,1
hope,messages,1
ll,oops,1
goin,im,2
2,yeah,1
hoping,laugh,1
heard,neither,1
nothing,relax,1
boye,replying,1
la,noe,1
emailed,yifeng,1
haul,tell,1
feel,speak,1
father,u,2
k,sent,3
transfr,u,2
get4an18th,loves,1
that2worzels,want2come,1
actually,something,1
live,world,1
force,u,2
nd,offc,1
tv,watch,2
abt,tht,2
afternoon,late,1
condition,hw,1
bhayandar,east,1
half,one,1
dinner,u,2
ok,popped,1
finn,going,1
normal,starting,1
chad,yo,1
eerulli,kodthini,1
emily,exorcism,1
light,quite,1
need,sms,1
able,wont,2
mine,want,1
arranging,time,1
pls,send,22
cool,fun,1
jus,nothing,1
contents,n,1
ll,submitting,1
clean,fold,1
converted,get,1
message,responce,3
abt,u,6
awkward,den,1
goin2bed,m,1
later,try,3
lose,u,3
gt,religiously,1
fault,spouse,1
huh,late,1
go,wanna,2
bathe,dun,1
friend,ryan,1
escape,wetherspoons,1
earning,money,1
market,paid,1
vth,yen,1
thanx,u,2
1st,visit,1
bud,kidding,1
late,notice,1
isnt,tb,1
reception,waiting,1
problems,ur,1
lor,pm,1
put,skip,1
happy,returns,4
finish,gonna,1
terrible,wk,1
tell,wait,1
goodtime,oli,1
iwas,marine,1
april,ll,1
bsn,class,1
deciding,re,1
belive,god,1
meet,yck,2
ok,thats,1
teju,think,1
missions,nigeria,1
people,sms,2
4the,driving,1
get,pickle,2
buying,wif,1
bit,lor,1
7,romantic,1
green,n,1
cared,missed,1
oso,workin,1
needs,poet,1
get,planning,1
dinner,til,1
seeing,silver,1
e,top,1
expression,truth,1
give,ok,1
new,school,2
find,hella,1
see,without,2
questions,wants,1
dot,ya,1
movie,vijay,1
caring,vote,1
access,til,1
necklace,token,1
dis,sent,1
lt,plz,1
barrel,scraped,1
come,river,1
haiyoh,maybe,1
theatre,wit,1
collages,mo,1
frnd,juz,1
liao,raining,1
hardcore,re,1
semester,thanks,1
aunty,manege,1
corporation,meet,1
face,lt,1
car,one,1
havent,paragon,1
ignore,irritation,1
think,would,3
good,take,1
gets,smokes,1
cuddled,sofa,1
cougar,pen,1
d,wins,3
approve,panalam,1
brolly,left,1
arrival,e,1
darker,e,1
every,week,1
scold,u,1
come,forgot,2
dear,umma,1
giv,u,1
face,recognise,1
anyway,shite,1
gave,much,1
confused,number,1
one,orange,1
away,moved,1
close,ur,1
joke,name,1
im,relaxing,1
pa,self,1
arrested,day,1
memorable,truly,1
locaxx,u,1
address,bank,1
guys,unless,1
hoped,much,1
pie,pookie,1
new,room,1
flower,twittering,1
need,yellow,1
sleeping,still,1
double,ll,1
got,trip,1
find,job,1
jst,nw,1
hope,know,2
blood,done,1
chief,hey,1
care,rest,1
creative,neva,1
see,year,1
shd,u,1
donno,genes,1
day,republic,1
back,dinner,1
hear,sound,1
arms,right,1
floating,go,1
2,work,1
saw,true,1
meet,sat,1
slave,smiles,1
good,sleep,2
shall,wat,1
dose,small,1
1hr,another,1
arun,dha,1
gone,lt,1
50,thk,1
l8r,meet,1
laughs,mine,1
drive,inch,1
pleased,shop,1
much,spending,1
bed,like,1
sort,stuff,1
girl,k,1
disappointment,texted,1
also,upload,1
get,physics,1
aeroplane,sit,2
free,goodmorning,1
lunch,senor,1
im,lonely,1
lots,sn,1
email,send,3
flash,jealous,1
signing,sounds,1
bt,frnds,2
anyway,hitter,1
friend,help,1
actually,think,1
photo,shoot,1
applebees,night,1
dude,saw,1
mistake,side,1
hungry,really,1
motive,tor,1
limited,texts,1
great,guys,3
feel,u,7
house,look,1
smoke,wanted,1
forgot,n,5
go,would,1
stage,told,1
snake,sux,1
_,ya,1
driving,play,1
difficulties,phone,1
smith,waste,1
mom,would,1
office,started,1
cold,dont,1
really,wanted,1
new,squatting,1
meant,nothing,1
basically,times,1
completely,diff,1
account,send,1
cine,ends,1
people,wear,1
2,colours,1
right,well,1
like,stop,1
long,world,1
even,work,5
captain,tv,1
money,want,2
c,ing,1
meet,outside,1
barely,keeping,1
online,store,1
company,pleasure,2
tel,want,1
ad,found,1
project,twins,1
thank,words,1
hole,philosophical,1
ll,yeah,5
2,long,2
already,c,1
life,sometimes,1
6,u,1
online,see,1
spend,together,1
gt,kg,1
comedy,vijaykanth,1
ass,buzz,1
4,oops,1
ok,says,1
dear,take,2
alrite,good,1
ve,yes,1
come,il,1
home,soon,1
number,told,1
snow,want,1
anything,tomo,1
need,someone,1
cutter,nutter,1
gt,still,1
many,pesky,1
concentrating,jus,1
mean,u,1
always,sleep,1
m,wylie,1
checking,iq,2
d,day,3
like,seemed,1
something,tonight,1
chikku,simple,1
fast,quite,1
make,saturday,1
actually,invited,1
anyone,hold,1
empty,slots,1
4,finish,1
4,abt,1
legal,talk,1
oh,slob,1
friend,tomeandsaid,2
harish,rent,1
good,v,1
menu,night,2
amp,fills,3
2,companion,1
didn,even,3
station,would,1
anal,sex,1
fine,shall,1
haha,heard,1
instead,naked,1
arrange,shipping,1
dhoni,rocks,1
song,stuck,1
ahead,month,2
d,v,3
callers,press,5
castor,need,1
chain,dis,1
swing,usf,1
home,moment,1
monday,sorry,1
dinner,help,1
ll,right,2
broken,said,1
absence,gud,1
b,need,1
ll,text,12
actually,thk,1
begin,life,2
coming,probably,1
cable,internet,1
2,students,1
shirts,thing,1
collapsed,garage,1
sib,threats,2
evil,remixed,1
parent,support,1
ah,driving,1
astrology,waiting,1
bet,brothas,1
blank,blank,1
loooooool,makes,1
job,take,2
4u,go,1
leave,supposed,1
bday,thanx,1
asked,fun,1
gym,wanna,2
arun,u,1
bugis,n,1
much,show,1
1,childish,1
english,talk,1
6pm,directly,1
check,get,1
hesitate,know,1
get,ten,1
calling,keep,1
d,wendy,1
copy,send,1
sharing,thanks,1
impede,much,1
everything,top,1
bit,much,1
february,mid,1
far,weiyi,1
imma,well,1
line,single,2
4,satsgettin,1
bus,gt,2
alright,babe,2
back,every,1
booked,table,1
ll,text,1
gonna,head,1
baby,doll,1
8,8,1
hear,v,1
called,thats,2
reminded,sorry,1
dancin,drinkin,1
broke,really,1
great,timing,1
inside,reach,1
dont,keep,2
cha,quiteamuzing,1
doesnt,get,1
5,transfered,1
feb,give,1
buy,ovulation,1
im,wkend,1
dear,hav,3
darren,frens,1
end,till,3
going,partnership,1
beautiful,lady,1
much,work,1
meetin,unless,1
bad,nice,1
ccna,write,1
fb,pics,1
affections,desires,1
put,thought,1
fb,still,1
lambda,table,1
day,left,1
faglord,unbelievable,1
billion,classes,1
denis,mina,1
believe,didnt,1
books,vth,1
message,sent,3
lt,side,1
cookies,jelly,1
4u,didn,1
minnaminunginte,oru,3
girl,go,1
others,play,1
21,think,1
tot,u,9
new,nice,1
skyving,staying,1
call,hate,1
dear,ok,1
forgot,hairdressers,1
gt,healer,1
ask,situation,1
2,concentrate,2
concerned,re,1
1,started,1
food,type,1
watching,yo,1
bought,clothes,1
happen,tell,1
must,see,1
choose,number,1
aging,products,1
remb,yup,1
know,mean,1
since,wake,1
lousy,u,1
hair,ll,2
evening,hope,1
mistakes,valuing,1
gone,probably,1
hopes,offer,1
forgot,lor,1
lol,play,1
didnt,okay,1
eve,sat,1
believe,tomo,2
fine,issue,1
ok,shit,1
2,like,5
every,real,1
didn,give,1
_,juz,1
bak,neway,1
den,dinner,1
right,skip,1
creep,go,1
fainting,housework,1
2mro,coming,1
running,world,1
cleared,footprints,1
make,us,1
diwali,happy,1
entertain,u,1
imma,yeah,1
pub,seven,2
bt,good,1
shuhui,tell,1
call,meeting,4
type,want,1
askin,juz,1
time,ur,3
loved,ur,1
reach,u,5
pissed,remember,1
exist,must,1
joke,school,1
hope,ll,1
settled,well,1
apply,phd,1
12,lect,1
going,stopped,1
hrs,remind,1
boy,mummy,1
quite,sure,2
gonna,swing,1
den,nd,1
lovingly,touched,2
10,3,1
since,sister,1
mandara,olave,1
love,though,1
address,carlos,1
mayb,remember,1
wish,woke,1
2,torch,1
friends,lancaster,1
kavalan,watch,2
4,payoh,1
die,told,1
ask,mom,1
half,n,1
bribe,may,1
receive,reference,1
1120,1205,1
bathe,n,1
dat,small,1
dont,kanji,1
mind,never,1
foreign,use,3
keep,raining,1
9,stylish,4
dude,random,2
incomm,right,1
didn,u,2
contents,send,1
frndsship,never,1
one,yes,1
2,hard,2
better,call,1
courage,earth,2
could,half,1
sight,worlds,1
lot,love,2
cos,want,1
easy,mate,1
tear,ur,2
loving,someone,1
great,new,1
going,something,2
meet,wanna,3
still,yet,1
dat,dun,1
feeling,m,1
night,prolly,1
need,tell,2
hotel,market,1
cars,ship,1
go,nydc,1
gonna,yay,1
friends,plan,2
ikno,nowhere,1
narcotics,situation,1
aft,u,2
intention,run,1
ah,poop,1
10,squid,1
boys,pissed,1
message,pandy,1
difficult,little,1
life,till,3
go,well,2
return,smth,1
camry,toyota,1
room,settled,1
fun,guys,2
8lb,birth,1
coming,deliver,1
asked,could,1
3,lover,1
full,people,1
christ,living,1
hear,omg,1
also,wan,1
extra,week,1
haf,walk,1
frnds,loving,1
hasn,sent,1
download,message,1
message,test,1
fact,leave,1
alian,like,1
6,finish,2
slept,well,1
buy,smth,1
lazy,v,1
never,says,1
lor,lunch,2
compass,ur,1
phone,today,1
home,thanksgiving,1
cant,get,2
long,ugh,1
add,figures,1
birth,hi,1
also,mail,1
kane,tho,1
love,oh,1
gr8,happiness,1
corrupt,rights,1
ew,one,1
friday,stuffed,1
maybe,visitors,1
cute,r,1
maybe,meet,1
asked,saved,2
hey,something,1
beautiful,morning,1
put,stuff,2
raj,rajitha,1
dentists,go,1
braved,buses,1
2,lt,2
shiny,sun,1
anything,ask,1
copy,kept,1
flim,full,1
confused,r,1
end,might,1
bed,going,2
butt,sore,1
d,sweetest,3
female,re,1
boytoy,made,1
baby,real,1
30,4,1
ground,home,1
lik,u,2
free,isnt,1
dunno,yet,1
morphine,move,1
get,u,22
things,tonite,1
results,sent,1
gt,naal,1
also,pack,1
lots,soon,1
panicks,starts,1
phone,wanted,1
uttered,word,1
blake,text,1
apartment,talk,1
early,nite,2
guys,hooked,1
match,office,1
marandratha,print,1
m,time,1
leave,week,1
shopping,yes,1
aight,pick,1
bored,da,1
mia,watch,1
lor,petrol,1
ahmad,wait,1
like,something,1
1030,sun,1
things,work,1
secrets,wish,1
u,usual,1
real,soon,1
got,tea,1
friend,mind,2
amp,wer,2
italian,taking,1
4thnov,behind,1
ex,rakhesh,2
everything,tried,1
little,need,1
found,persevered,1
aight,call,1
cos,daddy,1
juz,lor,4
cardin,one,1
k,wish,1
buy,go,2
cartoon,jerry,2
problem,time,1
hurt,n,1
back,money,2
happens,right,1
cause,old,1
worried,x,1
green,red,1
clearer,sections,1
onion,rs,1
diwali,one,1
citizen,get,1
app,phone,1
dude,really,1
_,time,5
man,younger,1
american,pie,1
chillin,much,1
nice,time,1
axis,need,1
buzz,cock,1
_thanks,think,1
plumbing,remixed,1
alive,come,1
archive,sim,1
shower,take,1
getting,regretted,1
forgot,yeah,1
1st,confirm,1
gudni8,hoping,1
dad,went,3
mu,people,1
see,xx,1
happy,seemed,1
bday,ill,1
guilty,yet,1
earth,finished,1
itxt,u,1
study,wanna,1
already,sad,1
much,need,2
freaking,looked,1
section,wishlist,1
around,fooled,1
darlin,youphone,1
process,training,1
love,safe,1
4,exactly,1
faber,mt,1
royal,wedding,1
b,d,1
mon,okie,1
gt,kerala,1
give,kindly,1
530,ard,2
3optical,5digital,1
almost,game,1
come,luck,1
account,another,1
dont,slippers,1
give,stupid,1
half,use,1
da,laptop,2
faded,glory,1
means,right,1
ok,vikky,1
eckankar,fakeye,1
evening,ill,1
loved,thinking,1
know,room,1
gives,letters,1
didn,dont,1
go,wan,3
back,ortxt,1
laptop,ur,4
christians,class,1
hi,wk,1
dsn,lik,1
babe,didn,1
box,right,1
glands,swollen,1
thanks,weigh,1
gimmi,holiday,1
room,went,1
open,stretch,1
u,wherever,1
def,yeh,1
going,like,2
means,rply,3
4,bluff,1
fuckin,u,1
approx,cost,1
misundrstud,thought,1
coz,persons,1
ah,muz,1
happy,im,1
nose,well,1
accept,one,1
ok,words,1
kisses,ya,1
discuss,meet,1
cut,get,1
5,give,1
drink,tea,1
avoiding,know,1
hows,revision,1
lor,tmr,2
dear,lot,1
lovly,phone,1
babe,love,6
life,named,1
cute,question,1
515,ard,1
forgot,know,1
tomorrow,tough,1
losing,without,3
swoop,u,1
another,making,1
ears,keep,1
lead,today,1
da,good,2
lor,sorry,1
b,letter,1
eh,wow,1
tomorrow,tuesday,1
dear,got,3
nature,ur,4
h,though,1
one,use,1
angry,b,1
anywhere,investigate,1
ve,wesley,1
anyone,bb,1
got,phone,1
released,remind,1
first,ladies,1
message,speak,1
coming,mini,1
rain,soon,2
4,made,1
da,forward,1
family,time,1
blue,wearing,1
dependents,many,1
go,teach,2
somethin,tonight,1
cann,problem,1
dun,rem,2
bcoz,u,2
book,e,2
free,reply,1
blimey,exercise,1
already,work,1
talking,thats,1
important,see,1
15,26,1
tel,ya,1
got,k,1
thought,wish,1
get,na,1
sufficient,thx,1
compromised,ever,1
come,took,1
cause,doin,1
come,forever,1
say,wont,1
call,dear,2
good,sir,1
cheaper,find,1
fightng,some1,3
hustle,stay,1
negative,positive,1
evening,pray,1
alright,tyler,1
4,beggar,1
added,gt,2
happy,today,1
admit,feeling,1
4u,meet,1
bed,ll,1
lose,muz,1
meant,sent,1
dear,nice,1
food,like,1
like,showed,1
2day,u,1
always,online,1
morning,thats,2
2nd,opinion,1
arithmetic,simple,1
alrite,jod,1
bank,say,1
didnt,work,1
already,module,1
birthday,loving,2
get,going,2
rite,sary,1
cheque,collect,1
start,using,1
send,virtual,1
morning,see,1
bone,day,1
actually,please,1
full,joy,2
fone,switch,1
base,players,1
man,please,1
june,start,1
e,thk,3
day,hoping,1
fool,go,1
7,jay,1
night,phone,1
buy,torch,1
work,yeah,1
close,dunno,1
come,room,2
buy,shit,1
couldn,make,2
power,tahan,1
tear,weight,1
ard,finish,1
eating,tea,1
called,work,2
day,moji,1
anything,day,1
miss,teaching,1
millions,u,1
cos,thats,2
finally,get,1
full,msg,2
already,sighs,1
play,usb,1
merely,word,1
choose,friend,1
sleep,today,1
assume,friday,1
babe,friend,1
enjoy,jogging,1
babysitting,m,1
get,pic,1
teaching,til,1
espe,ll,1
barolla,madoke,1
anything,wont,2
love,words,1
missing,send,1
true,understand,1
baby,need,1
cant,leh,1
peace,xmas,2
send,slave,1
atm,could,1
1030,basic,1
outs,print,1
mrt,station,2
expensive,ones,1
care,worries,1
date,ready,1
splash,wine,1
hey,j,1
forum,post,1
lt,selling,1
facebook,huh,2
god,know,3
order,slippers,1
also,fuck,1
m,someone,1
love,xxx,2
bc,doin,1
4,outside,1
ll,thanks,1
brothas,date,1
ha,us,1
nope,waiting,1
lets,use,1
checking,sure,1
parked,re,1
nag,something,2
give,monkeys,1
important,things,1
semiobscure,sort,1
going,plus,1
go,thats,1
giving,yup,1
c,muz,1
let,life,1
cheaper,petrol,1
day,eaten,1
holiday,lovely,1
id,mail,5
embarassed,maybe,1
3,comes,2
walking,way,1
though,v,1
body,takes,1
grave,rose,2
destiny,may,1
appendix,even,1
actually,like,1
m,phone,1
shu,shu,1
around,may,1
bani,miss,1
name,true,1
n,ntimate,1
fathima,leave,1
idu,matra,1
first,haha,1
thursday,yay,1
fly,invention,1
gettin,rdy,1
going,thru,1
lose,times,1
suite,take,1
authorise,payment,1
ah,really,1
400thousad,told,1
come,tonight,1
6,elections,1
camera,charge,1
lesson,teaches,1
night,tuesday,1
kidding,papa,1
ask,questions,3
left,yet,2
goin,soon,1
right,winterstone,1
clothes,jewelry,1
lit,sorry,1
help,us,2
luv,wid,1
gone,u,1
4,ever,1
ask,brother,1
regards,specific,1
lov,n,1
hope,u,11
calling,us,3
cool,ok,1
call,k,1
goodmorning,leaves,2
bottle,red,1
evening,kate,1
8th,usf,1
_,seh,1
dinner,going,1
centre,garage,1
5,pick,1
coming,yup,1
guys,looking,1
47per,hour,1
superior,telling,1
coz,haven,1
parking,shop,1
angry,hey,1
_,mayb,2
da,today,2
appointment,four,1
hello,love,3
look,take,1
gt,starts,1
tel,vikky,2
reach,u,1
ericsson,oso,1
friends,thought,1
deepak,deeraj,2
missed,without,1
2,spk,2
finished,havent,1
car,new,1
lyf,nt,1
bb,buy,2
got,spys,1
freezing,windy,1
2day,da,1
flaked,last,1
leaving,looovvve,1
9,funny,1
eve,using,1
far,kadeem,1
actually,sleeping,1
ertini,kano,1
library,walk,1
run,tomo,2
hw,r,1
establish,rhythm,1
nottingham,part,1
enjoy,snow,1
haha,leh,2
minnaminunginte,nurungu,3
restock,thanksgiving,1
hell,wot,2
ok,wahala,1
princess,run,1
going,told,2
posting,want,1
rite,sat,1
evening,roger,1
fun,shopping,1
home,tired,2
away,money,1
love,set,1
hey,ve,2
x,ya,1
type,u,1
expecting,keep,1
got,quarter,1
friend,stupid,1
hours,slave,1
got,sorry,2
hills,like,1
fees,fixed,1
come,take,1
gt,minutes,8
2geva,week,1
tell,went,1
get,hassling,1
punishment,thought,1
response,whatever,1
meet,sometime,1
bec,leave,1
da,pls,1
gr8,stressful,1
better,sounds,2
think,u,4
amp,take,2
evenings,u,1
got,tv,2
knows,lunch,2
d,stuff,1
god,praying,2
find,much,1
canlove,nic,1
going,india,1
2,nite,2
mind,tomo,1
went,work,5
go,w,3
jokin,lar,1
lose,weight,2
dollar,saw,1
see,still,1
right,together,1
boring,remember,1
drink,use,1
motorola,n,2
anyway,hey,1
8,mac,1
come,ok,1
anybody,password,2
lor,surfing,1
e,soon,1
finally,n,1
jus,lar,1
soon,want,1
abiola,week,1
done,jap,1
enjoy,urself,1
kg,lose,1
ji,vl,1
already,dresser,1
quiteamuzing,scool,1
claypot,porridge,1
2,tok,1
back,fr,1
baby,happy,1
2u,llspeak,1
baby,u,1
opinion,something,1
lucky,y,1
lots,water,1
go,pilates,1
address,hill,1
amp,sweet,4
like,mah,1
company,night,1
drizzling,least,1
mins,whn,1
like,usf,1
loans,pay,1
come,hurry,1
god,u,2
chase,run,1
st,twiggs,1
since,spoken,1
expensive,started,1
try,ya,1
correct,name,1
boye,faded,1
avatar,supposed,1
dat,happiness,3
dime,every,1
abbey,uncle,1
lessons,teaches,1
jst,wana,1
2,gonna,1
g,night,1
_,said,1
gloucesterroad,uup,1
back,thanks,1
need,velusamy,1
always,trust,1
forget,paths,1
omg,u,1
closed,everything,1
d,sms,1
give,missed,1
2,nice,2
lor,n,1
gt,inches,4
doesn,takes,1
alle,life,1
go,timing,1
chicken,making,1
quick,things,1
good,partnership,1
fudge,white,1
good,sounds,3
saturday,talk,2
happens,top,1
4years,dental,1
clean,need,4
6,aft,1
smoke,told,1
boy,glad,1
season,spell,1
time,work,1
followed,home,1
send,u,2
get,gonna,5
wont,y,2
abi,jabo,1
fight,saves,1
extra,ll,1
gonna,til,1
3,say,1
phone,right,12
lives,usf,1
faster,go,1
dis,would,1
ass,srt,1
happy,hmmm,1
nice,wat,1
obedient,slave,1
however,stop,1
gee,oso,1
juz,rem,1
boys,made,1
airport,satsgettin,1
become,slob,1
ideal,path,1
cheap,rooms,1
fri,tom,1
entire,month,1
coffee,drink,1
special,understand,1
2,haf,1
eggs,jam,1
around,though,1
goggles,lab,1
sheffield,wanna,1
ams,x,1
open,pls,1
ok,thk,1
inner,tigress,1
cos,lift,1
get,surely,1
cer,today,1
pray,stop,1
actually,m,1
assistance,providing,1
birds,would,1
ask,connect,1
drop,might,1
2,used,1
4,oh,1
cochin,coming,1
much,willing,1
thnk,wrong,3
bored,qi,1
desperate,r,1
movie,pokkiri,1
met,stranger,1
stay,u,1
lor,okay,2
planning,today,1
gas,money,2
call,txt,1
mate,spoke,1
arabian,sweet,1
already,ve,2
happen,talking,1
get,liver,1
feels,need,1
lucky,workin,1
checking,really,1
essential,thesedays,1
anyone,else,2
came,nw,2
start,would,1
batchlor,party,1
know,well,3
geeee,m,2
lot,u,7
30,5,2
jstfrnd,lvblefrnd,3
buttons,press,1
1,drink,1
person,right,1
angry,reply,1
seat,train,1
come,probably,2
let,text,1
hope,mylife,1
breaking,sec,1
convince,tht,1
right,yo,1
information,like,2
ever,figure,2
cash,gettin,1
la,nvm,1
card,got,2
gre,site,1
problems,sorry,1
need,pa,1
best,ttyl,1
happy,news,1
sell,stuff,1
also,shall,1
miss,teasing,1
noice,text,1
connection,getting,1
always,presnts,1
fuckin,time,1
bout,pick,2
2,sis,1
imagine,life,1
know,month,1
kalainar,near,1
day,plus,1
roads,rvx,1
greece,maybe,1
say,wanted,3
hiya,u,2
strange,watching,1
friends,tell,2
late,woould,1
clover,pig,1
ask,mum,1
let,try,2
show,whenever,1
4,project,1
bad,said,1
mp3,player,1
hows,soon,1
gonna,home,1
fffff,text,1
house,ru,1
msgs,phone,1
re,take,1
2,step,1
edge,short,1
early,spring,1
6,pick,2
message,see,4
2morow,wil,1
afternoon,loverboy,1
hug,need,1
also,today,1
_,y,1
sure,yet,1
cheetos,mini,1
away,doesn,1
bus,get,1
oh,wow,1
lar,say,1
tree,waiting,1
ok,word,1
give,text,1
8,around,3
fuck,juswoke,1
girls,penis,1
frndship,lovely,1
goin,starts,1
dear,slp,2
abnormally,ll,1
game,okay,1
smiley,sunday,1
jokin,oni,1
potato,ratio,1
r,yet,1
messages,without,1
hospitals,places,1
leaves,lt,1
leh,say,1
chastity,device,1
missing,sent,2
speechless,us,2
great,ok,1
fifteen,take,1
ur,visa,1
gone,someone,1
actually,start,2
fair,life,1
class,class,1
afternoon,sup,1
4,tv,1
bao,got,1
dosomething,wanna,1
bit,swing,1
ll,loan,1
d,one,1
plane,ws,2
everything,goes,1
enough,fair,1
least,unique,1
like,send,1
got,space,1
4,5,1
abiola,happiness,1
ain,gonna,1
got,haunt,1
hope,okay,1
ask,wat,1
imagine,second,1
done,want,1
forgot,ooooooh,1
u,wait,2
2,hav,1
m,wearing,2
see,twenty,1
pleasured,prepare,1
fact,nobody,1
havent,lucky,1
enjoy,watching,1
figuring,shit,1
please,tell,5
cant,leh,1
specialise,wana,1
always,friend,1
time,truck,2
deep,inside,1
every,two,1
da,project,3
like,tomorrow,1
see,week,1
den,wat,1
joking,seriously,1
empty,house,1
like,say,2
e,one,2
home,oredi,1
happy,sharing,1
anyhow,withdraw,1
friends,goodevening,1
decimal,lt,21
good,wondering,1
come,finn,1
lol,please,1
fb,list,1
mall,sumthin,1
returned,ve,2
sleep,sweet,1
funny,y,1
also,home,2
bottom,collect,1
enjoy,present,1
going,home,8
lor,reaction,1
shit,suite,1
woke,would,1
rock,wisheds,1
gonna,said,1
ami,parchi,1
college,jenny,1
plan,strain,1
atm,passwords,2
m,touched,1
ask,come,2
still,think,1
issues,one,1
hint,yowifes,1
guess,night,1
fucking,make,1
class,run,1
ask,roommates,1
sources,unhappiness,1
m,nw,1
else,thanks,1
m,surprised,1
gr8,handle,1
enjoy,making,1
important,never,1
first,reply,1
elaborate,test,1
3,5,1
promise,silent,1
cos,find,1
intelligent,kind,1
jus,msg,1
got,stock,1
ass,d,1
anywhere,getting,1
cause,prob,1
also,knw,1
4,go,9
bus,like,1
next,th,1
need,world,1
da,want,1
bac,carryin,1
already,forum,1
15,b,1
know,ya,1
computational,means,1
eh,ur,1
day,fuck,1
5,handle,1
back,dad,2
reserve,ticket,1
noon,see,1
remain,sight,3
everything,get,1
back,test,1
3d,imp,2
movie,netflix,1
comb,pose,1
around,ve,1
completely,im,1
guess,yo,1
way,week,1
call,sir,6
blame,runs,1
character,spl,4
check,waiting,1
planned,ve,1
jane,mary,1
bad,thanks,1
valentine,yo,2
mails,replying,1
sent,ve,6
cell,ur,2
free,naughty,1
get,inform,1
mite,soon,1
old,roomate,1
know,tell,2
da,hair,1
dec,lt,1
luv,vth,1
fees,pay,1
earn,ta,1
mon,sis,1
plan,travel,1
le,otside,1
sleep,sweet,2
hows,ur,1
amp,mom,1
dis,pass,1
mylife,rest,1
c,came,1
centre,tmr,1
jay,told,1
guess,place,1
approaching,wish,1
fantastic,say,1
reply,see,1
da,todays,1
came,saw,1
black,shirt,1
doc,hey,1
finishes,k,1
everything,yeah,1
armand,says,1
lt,sunday,1
walk,wid,1
d,girl,2
breathe,easier,1
history,need,1
smile,ur,7
behave,like,2
morning,much,1
ma,v,2
greet,meet,1
something,wanna,1
need,want,4
tel,work,2
problem,sterling,1
hair,loving,1
den,lunch,1
day,least5times,1
busy,trying,1
great,life,1
darlin,pick,1
m,perpetual,1
gt,leave,1
call,clock,1
india,started,1
someone,surely,1
death,fight,1
help,ok,1
morning,sweet,2
really,wil,1
bet,u,1
7,hanumanji,1
gt,morning,1
know,mega,1
bowl,first,1
aptitude,class,1
play,w,1
anything,shit,1
far,wtc,1
go,right,1
outside,st,1
anything,expect,1
fancy,meetin,2
phone,turning,1
friend,meeting,1
office,rto,1
n,shirt,2
cld,want,1
bras,strewn,1
dealing,fucking,1
bari,hudgi,1
booked,okay,1
kano,u,1
im,nah,1
nb,okie,1
g,latest,1
go,shd,1
brainy,one,1
god,world,3
starting,term,1
home,send,1
friends,seemed,1
bt,didnt,2
cos,st,1
mr,sheffield,1
back,til,3
cough,today,1
7,wonders,4
park,plaza,1
bout,xx,1
discuss,u,1
party,wants,1
gentle,princess,1
im,tellmiss,1
_,already,1
chennai,requires,1
calls,world,2
gua,went,1
seekers,situation,1
go,shoppin,1
pple,take,1
got,money,5
light,moon,2
lays,sea,2
armand,still,1
cheating,reverse,2
person,usually,1
distract,u,1
k,yesterday,1
row,wiv,1
blah,blah,1
call,urgent,1
edhae,lyf,1
birthday,wishes,1
contact,ve,1
yo,yo,1
got,time,2
color,one,1
going,iam,1
smoke,told,1
4,wat,3
2,da,3
fix,tomorrow,1
done,studyn,1
important,understand,1
mean,much,1
plan,whats,3
away,minutes,1
andros,steal,1
geting,webadres,1
special,way,4
come,love,1
sorry,ve,3
entered,wish,2
doesn,stalk,1
dont,read,1
ahhhh,woken,1
swatch,watch,1
little,things,1
cat,wanted,1
como,listened2the,1
dhoni,luck,1
scream,want,1
surprised,went,1
den,drivin,1
lonlines,lotz,1
applyed,oil,1
bite,sayin,1
aiyo,cos,1
inconsiderate,nag,2
end,txt,1
lab,stuff,1
kallis,ready,1
_,willing,1
keluviri,news,1
get,wont,2
online,wat,1
groovy,mean,1
airport,old,2
airport,road,1
late,still,1
cleaning,shows,1
m,said,3
confirm,meet,1
times,used,1
pract,reg,1
ese,tihs,2
completely,reserves,1
check,wait,1
know,week,1
give,time,1
e,threats,2
g,says,1
called,whole,1
conversations,us,1
im,whatever,1
dear,hear,1
rock,rock,2
quite,thk,1
number,wrong,1
consensus,next,1
immunisation,nigeria,1
need,u,6
e,oveable,1
asked,crab,1
mom,waiting,1
country,says,1
send,suffer,1
cum,oso,1
keep,running,1
also,reach,1
cat,worms,1
hmm,ill,1
one,tickets,1
bit,didn,1
leh,sorry,1
missing,number,2
fixed,send,1
haha,lor,2
want,whatever,5
aight,lemme,1
plan,want,1
going,room,1
4,shopping,1
already,m,1
ignoring,yes,1
hundred,seven,1
m,really,7
abt,character,1
look,say,1
definitely,re,1
ed,hello,1
babe,lost,2
buy,ll,1
treat,want,1
go,pump,1
already,back,1
btw,wkg,1
going,princess,1
dat,m,1
big,download,1
says,upping,1
9,attractive,1
oso,yogasana,2
come,ill,2
dat,wat,1
game,gt,1
nw,otside,1
flying,give,1
come,sit,1
2,sit,2
man,u,1
reason,reply,3
around,walls,1
bit,weird,1
also,bought,1
9,love,1
limits,worries,1
pay,plan,1
ago,months,1
lips,sexy,1
late,tellmiss,1
e,r,2
quit,work,1
dat,told,2
meet,v,1
cant,children,2
iyo,kothi,1
deal,stuff,1
come,imma,1
afternoon,u,1
mum,oops,1
perfume,smth,1
lets,running,1
4,cha,1
_,mu,1
priya,right,1
aust,put,1
small,understanding,2
u,vl,1
called,falling,2
m,sleeping,1
technologies,today,1
okay,ve,1
beyond,thing,1
home,text,1
room,text,1
go,look,2
going,still,2
reached,tell,1
funny,lor,1
later,rite,1
racing,today,1
taylor,walmart,1
doin,thew,1
evening,v,1
fact,gets,1
n,xy,1
get,oh,1
coz,dem,1
yep,yesterday,1
phones,problems,1
idk,jaklin,1
complete,never,1
30ish,7,1
muz,oso,1
fast,y,1
didn,y,1
hi,re,1
fudge,oreos,1
busy,guy,1
found,man,3
whilltake,workand,1
southern,university,1
d,time,1
like,many,2
liao,send,1
beneficiary,credited,2
2,2u,1
one,step,1
cherish,dear,1
already,including,1
track,wallet,1
cold,still,1
god,grace,1
seeing,tuesday,1
2,j,1
chachi,hi,1
k,message,1
fine,gudnite,1
2000,plus,1
colour,quite,1
cancer,causing,1
date,swoop,1
d,u,1
kate,luv,1
close,prsn,1
check,someone,1
darren,jus,1
black,one,1
chex,wheat,1
actually,reasonable,1
much,sorry,1
hi,home,1
much,textin,1
need,well,1
essential,fried,1
bus,pick,1
break,ya,1
last,paid,1
chillin,m,1
old,years,2
lucky,wah,1
day,diseases,1
dont,show,1
k,ok,1
completed,course,1
fullonsms,via,4
nvq,think,1
heart,place,1
text,times,1
bitch,christ,1
dey,students,2
love,send,1
back,mu,2
r,realy,1
bring,food,1
day,milk,1
birthday,fifteen,1
honey,moon,1
anyway,thk,1
drop,hppnss,2
2,wanted,2
email,get,1
celebrate,ny,1
hope,jus,1
go,quite,1
loan,think,1
away,til,1
msg,tat,1
quote,sometimes,1
cat,solved,1
im,mw,1
msn,yijue,1
fine,miss,1
easy,pay,1
cleaning,got,1
go,place,1
bath,need,1
num,u,1
administrator,network,1
one,small,1
game,still,1
feeling,nt,1
hi,home,1
think,today,2
atm,register,1
happy,promises,1
put,smile,1
cutefrnd,lifpartnr,3
princess,ttyl,1
shall,speak,1
da,return,2
end,favourite,1
bed,double,1
m,number,1
taken,teeth,1
pic,take,1
gud,nit,1
overtime,workin,1
ard,reaching,1
kb,sat,2
department,except,1
night,today,1
b,prob,1
change,e,1
al,fault,1
8,shy,1
inconvenient,sis,1
cut,ur,2
completely,gets,1
skint,v,1
r,wonderful,1
3g,spotty,1
title,win,1
tlk,wid,2
nice,u,2
tell,wen,1
know,worried,1
good,math,1
bright,early,1
officially,well,1
suntec,wat,1
beautiful,things,1
gods,life,2
spent,went,1
nearly,nite,1
b,better,1
got,tomorrow,1
baby,yeah,1
rr,waste,1
best,since,1
campus,rude,1
get,spiritual,1
aburo,enjoy,2
available,want,1
know,wesleys,1
cultures,module,1
available,washob,1
2,lik,1
expect,whenever,1
boost,evrydy,2
dont,sad,1
brother,drive,1
dont,flatter,1
k,ll,6
k,special,2
bed,oooh,1
give,til,2
d,roast,1
0quit,edrunk,1
available,work,2
send,would,1
kappa,one,1
get,searching,2
ll,wat,1
thank,wonderful,1
call,place,2
flight,ur,1
mr,right,1
brownie,v,1
coming,morning,1
arrested,possession,1
pei,wana,1
lor,school,1
early,still,1
dad,staying,1
nursery,take,1
ear,studdying,1
geeeee,internet,1
wan,watch,1
m,shoot,1
drugs,need,2
called,one,1
baby,problem,1
one,slow,1
cheese,way,1
different,thnk,1
day,y,1
calls,miss,1
soul,ur,1
jealous,million,1
stuff42moro,y,1
park,tech,1
friendship,ur,1
big,leave,1
fingers,gap,3
girl,tell,1
5,900,1
girls,joke,1
chennai,delhi,1
come,da,1
go,head,1
making,u,1
earlier,get,1
abj,ages,1
6,thru,1
man,well,1
lt,wifi,1
definitely,u,1
getting,impatient,1
4get,d,3
ah,coz,1
gettin,one,1
4,sorry,2
thought,yes,1
booking,nos,1
backwards,read,1
4few,itz,1
anyhow,like,1
moves,pain,1
cell,light,1
right,wet,1
make,things,1
felt,would,2
ring,weekend,1
8th,much,1
next,weekend,1
mu,re,1
n,ordered,1
life,twat,1
month,one,2
know,quite,1
another,got,1
da,row,1
guess,later,1
every,thing,1
j,r,1
much,perhaps,1
dileep,mail,1
jjc,showing,1
among,bed,1
thanks,yesterday,1
like,spoilt,1
causing,outages,1
bucks,ten,1
like,serious,1
ex,one,1
dunno,y,1
1st,ge,1
kappa,meet,1
ah,mother,1
call,dont,1
always,eyes,1
coat,wear,1
determined,gt,1
b,downs,1
king,thought,1
breeze,cool,1
aight,wat,1
open,people,1
pases,que,1
differ,sure,1
knowing,smile,1
dey,head,1
movies,need,1
bear,earth,2
enjoy,owns,1
know,shall,1
knows,thinks,1
snowboarding,trip,1
give,though,1
keluviri,maretare,1
privacy,stealing,1
bmw,car,3
moment,yeah,1
able,buy,1
get,uniform,1
2,bristol,1
bring,tat,1
b,ill,2
bein,fondly,1
please,run,1
anything,ur,1
earlier,goin,1
tmr,u,1
love,walk,1
amt,dis,3
london,smashed,1
use,wife,1
talk,wanted,2
shit,vomiting,1
chinky,tonight,1
smile,truth,1
group,mate,2
fb,make,1
bslvyl,evening,2
course,nice,1
stays,vegas,1
kind,sen,1
swing,usf,1
burial,mojibiola,1
already,done,1
catch,still,1
done,yeah,1
later,u,1
awesome,gonna,1
major,take,1
knew,wife,3
really,shocking,2
bout,u,1
den,go,4
called,sir,1
guess,still,1
always,thought,2
listening2the,weirdest,1
keep,ten,2
4,msg,1
aft,u,1
odi,series,1
open,yeah,1
cos,darren,2
allday,hope,1
going,tirunelvali,1
full,good,1
2,dis,1
big,difference,1
god,slowly,4
leaves,someone,4
complete,fine,2
baby,gentle,1
parent,re,1
gave,week,1
disk,use,1
one,rose,2
let,studying,1
meds,ruining,1
den,gd,1
moan,scream,1
blank,wat,1
jade,paul,1
care,world,1
m,tomorrow,1
coming,say,1
fast,thk,1
ll,prolly,1
running,thing,1
friendship,rael,2
2,keep,1
give,something,1
take,things,1
google,n,1
1,asusual,1
didn,watch,1
choose,said,1
idiot,roommates,1
lyf,mundhe,1
know,wait,1
anjola,know,1
end,library,1
great,wish,3
nice,talking,1
lots,tea,1
aha,job,1
flight,tmr,1
d,plane,2
expensive,really,1
go,sleep,5
day,spoken,1
pay,terrible,1
got,job,5
overemphasise,u,1
must,reply,1
bowa,something,1
key,place,1
ave,jetton,1
going,westonzoyland,1
days,lives,1
go,guess,1
thats,u,2
days,sent,1
moved,since,1
shopping,take,2
m,nauseous,1
hopeu,texd,1
asks,sensitive,2
home,u,1
go,orchard,2
cool,lt,1
e,yar,1
bani,big,1
anyway,lor,1
big,chic,1
think,time,2
dun,feel,1
getting,worried,3
start,studying,1
came,ya,1
7,smth,1
enough,room,1
express,fails,2
class,library,1
alrite,idiot,1
home,walking,1
go,tonight,1
fri,sch,1
blank,sent,1
already,uncle,1
c,ex,1
come,must,1
ros,x,1
amp,pass,1
like,mac,1
get,please,1
favourite,person,1
comes,ur,1
4,things,1
point,tampa,1
sure,working,1
gd,night,1
_,lar,2
wana,wnevr,1
leonardo,room,1
send,teasing,2
r,two,1
cant,come,3
especially,first,1
anything,leave,1
dont,finalise,1
lor,tiring,1
cost,would,1
stay,tell,1
bed,probably,1
first,time,11
asked,someone,1
sathya,till,1
bac,train,1
said,vague,1
u,wud,1
trying,weekend,1
feeling,today,1
great,sure,1
el,march,1
know,time,1
paper,paper,2
dun,lazy,1
got,hotel,1
okday,still,1
meeting,project,1
hard,installing,1
atm,would,1
dont,like,3
able,d,1
get,love,1
hate,turns,1
almost,gas,1
journey,txt,1
great,shijutta,1
room,something,1
praying,talk,1
2,cos,1
january,point,1
7,closer,1
pizza,u,1
becaus,like,1
great,princess,2
drink,something,1
believe,tog,1
happen,like,1
sell,something,1
good,nit,1
arguing,tired,1
u,yan,1
nydc,wheellock,1
disturb,dun,4
babe,hope,1
school,ve,1
buy,want,1
e,lose,1
one,u,1
n,printing,1
night,timing,1
complaint,official,1
kaitlyn,sick,1
canceled,may,1
ovulation,test,1
bright,today,1
grand,nature,2
alone,studies,1
hey,yup,1
like,like,1
ask,want,1
feel,xy,1
breather,promise,1
afternoons,evenings,1
calicut,way,1
babe,got,1
searching,started,2
4u,couple,1
loved,ones,2
make,time,3
many,r,1
kano,trishul,1
b,slightly,1
4,oclock,1
chinese,food,3
meet,ring,1
boy,y,1
run,shorter,1
come,way,1
reaching,u,1
know,number,1
good,someone,1
happier,tomorrow,1
email,talks,1
make,sweet,1
2,try,1
gauti,sehwag,1
hannaford,wheat,1
piah,quite,1
arrived,see,1
love,trust,1
hurts,throat,1
doesnt,movie,1
exam,nmde,1
exist,like,1
phone,wonder,1
andre,st,1
missed,train,1
say,think,1
2,bath,1
evening,french,1
called,swan,1
call,road,1
another,renting,1
case,man,3
asssssholeeee,face,1
hw,teaches,1
birthday,u,1
flute,jazz,1
cake,tasts,1
creep,people,1
afterwards,u,1
back,loads,1
gorgeous,howdy,1
2,hour,1
smsing,u,1
pissed,pretty,1
ever,nothing,1
day,luck,1
darling,sexy,1
ask,xy,1
let,send,1
option,roller,1
alaikkum,pride,1
na,parchi,1
eat,maggi,1
haha,wah,1
get,one,2
home,m,1
maybe,say,1
fuck,show,1
apply,score,1
cat,question,1
busy,tonite,1
hope,makes,1
like,places,1
friends,good,1
bed,wish,1
e,tau,1
tot,yar,1
help,k,1
hee,lor,1
2,5,2
done,styling,1
dat,feelin,1
finish,lect,1
auntie,huai,1
4,pray,1
somebody,wants,1
meet,ok,1
someone,tells,1
either,original,1
lt,shortage,3
like,ok,3
7,office,3
ill,lst,1
completing,vl,1
jus,u,2
happening,showing,1
jazz,yogasana,1
day,enjoy,2
door,open,2
hello,loo,1
wishing,wonderful,1
next,use,1
4,christmas,1
inside,want,1
able,late,1
good,time,1
cos,engin,1
eve,saturday,1
ashes,rocking,1
actually,deleted,1
since,snow,1
best,present,1
gd,new,1
get,whatever,1
miss,sleep,1
see,tomo,2
able,might,1
sort,welp,1
know,loneliness,1
person,reading,3
joining,use,1
lot,spending,1
2nhite,fun,1
scrounge,something,1
bruce,m,1
red,rose,2
stay,wit,1
paying,re,1
betta,rofl,1
2,far,1
charge,gt,2
everybody,fun,1
ask,let,2
got,roast,2
go,learn,1
m,outside,1
job,think,1
re,throwing,1
best,know,1
asia,find,1
makes,much,1
freshers,requires,1
put,talk,1
bars,ptbo,1
pay,treat,1
aha,cant,1
cann,listen,2
day,word,2
ever,misbehaved,2
bull,plan,1
ll,put,2
even,moral,3
need,sacrifice,1
cedar,fuck,1
fighting,plus,1
staying,thinking,1
got,one,1
get,take,2
_,btw,1
hmm,ok,1
ntimate,ruthful,1
checking,g,1
il,sorted,1
meeting,tmr,2
fret,ll,1
goin,thkin,1
relation,watever,1
daddy,make,1
king,means,1
good,okday,1
diesel,v,1
6hrs,another,1
blah,one,1
muz,okie,1
make,naughty,1
brothers,head,1
job,online,1
gift,golden,1
go,lor,2
halla,ke,1
ok,wanted,1
snd,ths,1
man,old,2
amp,smiled,1
d,ocean,1
6,pm,1
download,type,1
member,said,1
happens,stuff,1
even,reasons,1
man,place,3
hooch,took,1
able,kids,1
coveragd,shows,1
4,inmind,1
guy,sing,1
dhanush,good,1
live,mess,1
doesn,say,2
dunno,haha,1
happy,princess,1
people,talking,1
actually,necessity,1
appreciate,sacrifice,1
bomb,date,1
big,flame,1
deal,gate,1
hi,wkend,1
trust,yes,1
dear,shijutta,1
lol,statement,1
course,nothing,1
anti,sun,1
aha,da,1
amused,us,2
asleep,v,1
3,mode,3
kolathupalayam,unjalur,1
comes,girl,1
cali,weather,1
hold,lets,1
amp,hillsborough,1
like,sounds,5
happend,tron,1
m,weak,1
izzit,outside,1
ll,promise,1
becoz,someone,2
reach,without,1
gt,time,7
get,know,1
gt,movie,1
bids,cars,1
feel,makes,3
approaching,fast,1
15,4,1
back,midnight,1
figure,re,1
ans,holiday,1
soon,xuhui,1
post,ppl,1
bought,braindance,1
hi,way,1
cant,keep,1
busy,still,1
fren,shop,1
balance,u,1
shopping,us,1
book,get,1
apps,da,1
2,decided,3
cock,surrounded,1
hope,kiss,1
itxt,theacusations,1
plenty,time,1
feet,rub,1
6,ramaduth,1
abt,functions,1
make,princess,2
alive,alone,1
1st,6ph,1
ceri,u,1
nah,notice,1
desk,ll,1
din,sorry,1
enjoy,future,1
convinced,wait,1
waiting,wish,1
decimal,places,1
checked,still,2
colour,one,1
begin,toplay,1
lots,working,1
lift,much,1
kids,sister,1
sooner,time,1
coherently,drive,1
monkey,ur,1
dude,guess,1
may,still,1
membership,specs,1
aha,lunch,1
o,turns,1
bugis,one,1
like,right,1
like,traveling,1
better,quickly,1
_,login,1
2,ths,1
co,mobile,2
like,thank,1
scrounge,still,1
legs,neck,1
account,details,3
checking,n,1
none,u,2
1lemon,cancer,1
money,returned,1
dippeditinadew,flower,2
course,x,1
7,party,1
fuck,key,1
itz,meet,1
meeting,sir,1
btw,sense,1
9,pm,2
happy,year,1
late,re,1
barmed,want,1
howard,take,1
dey,sef,1
home,weeks,1
obviously,pics,1
charge,felt,2
bit,far,1
like,pours,2
lyk,u,1
get,neck,1
later,remember,1
buff,wind,1
e,watch,1
face,kisses,1
advance,somewhere,1
12,home,1
dancing,moseley,1
heavy,meh,1
great,photo,1
lunchtime,tomo,1
amrita,training,1
dear,prayers,1
ccna,exam,1
day,know,2
assume,people,1
1,pete,1
far,v,1
thanks,though,1
thought,tour,1
everything,secretary,1
gt,yrs,3
meet,rencontre,1
india,padhe,1
10,yogasana,1
lot,work,1
get,trying,4
clean,time,2
go,worry,1
back,get,1
donyt,feel,1
call,evening,1
e,rest,1
m,yup,4
eating,finished,1
leave,long,1
fun,get,1
sweet,well,1
best,one,1
later,place,2
going,quit,1
fridge,want,1
home,long,1
visit,wait,1
ive,seeing,1
like,today,1
3,work,1
go,write,3
next,schedule,1
happy,said,6
cooking,u,1
hi,test,1
enough,got,5
dinner,u,1
bugis,go,1
set,soul,1
free,unless,1
c,miracle,4
ten,times,1
boost,drinking,2
sura,yes,1
get,remember,2
alright,thanks,1
get,last,1
cann,get,1
b,ya,1
da,report,2
one,talking,1
time,waste,1
bin,jst,1
cant,live,1
last,sight,3
ll,right,2
know,year,1
fun,innocent,1
hi,treat,1
fit,tell,1
royal,visit,1
library,meet,1
bmw,buy,3
lor,shopping,2
m,planned,1
e,wat,2
_,come,3
see,unfolds,1
3,get,3
jeremiah,seeing,1
exhaust,needs,1
calm,reassurance,1
m,make,1
connection,today,1
arestaurant,im,1
longer,much,1
get,man,1
ex,quite,1
cliff,throw,1
dear,happen,1
making,really,1
babes,fine,1
clock,though,1
sending,texts,1
home,wear,1
breadstick,lol,1
babe,never,1
barely,know,1
going,probably,1
5,gently,3
found,ok,1
could,without,1
download,go,1
askin,cos,1
cash,def,1
leave,min,1
christ,jesus,1
life,world,2
get,headache,1
get,must,1
know,sent,1
come,muz,1
cant,phone,1
call,plz,4
snow,start,1
home,hurry,3
back,went,1
jog,people,1
got,says,1
thing,want,1
canal,ok,2
m,wif,1
pictures,today,1
hill,thing,1
reason,worry,1
check,later,1
realy,sorry,1
ask,salesman,1
afternoon,brings,1
girl,happy,1
dear,tell,1
different,film,1
feel,ll,1
great,phone,1
phone,unknown,1
clover,whatever,1
loud,said,1
didnt,write,1
colour,ques,2
tell,told,1
m,tt,1
number,pin,2
ok,would,1
didn,read,1
beautiful,r,1
couch,sleep,1
use,worry,1
ask,remember,1
dieting,pig,1
kind,tho,1
disasters,happens,1
frnd,isn,1
skyped,wit,2
finish,sch,1
people,visit,2
dear,ni8,2
d,difference,1
ain,bus,1
bec,temple,1
care,pa,1
details,wee,1
missy,wanna,1
everyone,together,1
gt,th,8
acc,code,1
anything,login,1
door,right,1
dint,slept,1
knew,lol,1
oh,way,1
gal,wn,2
already,squatting,1
pressure,within,1
fat,means,1
9,u,1
played,smash,1
plumbers,still,1
also,clark,2
msg,na,1
min,roast,1
boy,good,4
re,sure,4
6,cute,1
much,really,1
things,worries,1
fool,said,2
makes,time,1
love,u,4
called,talk,1
nalli,siguviri,1
know,pls,1
constant,thought,1
laready,orchard,1
get,sent,1
anything,dad,1
back,got,3
eachother,meet,1
tackle,ticket,1
history,time,1
mental,pandy,1
lager,needs,1
feels,light,4
cares,enough,2
cause,come,1
marriage,u,1
na,ok,1
havent,lect,1
dvd,movies,1
whole,year,1
mo,wont,1
4,dinner,14
bristol,road,1
already,havent,1
come,self,1
budget,much,1
wasn,well,1
quite,really,1
leh,noe,1
life,without,1
lift,losing,1
another,gonna,1
asda,counts,1
aight,text,3
amp,sayin,1
ask,got,2
christ,taking,1
class,get,1
im,really,1
2,computers,1
drunk,got,1
know,mood,1
becoz,coin,1
online,second,1
4,c,1
usual,waitin,1
hell,n,2
getting,little,1
burning,tree,2
combine,n,1
bath,water,1
build,get,1
like,peoples,1
didn,maybe,1
heater,turn,1
home,urself,1
forever,took,1
msging,u,1
dreams,following,1
account,gt,1
nz,wi,1
e,sim,1
5,gt,3
catches,put,1
congrats,dear,2
dinner,together,1
oh,thats,1
please,resend,1
requests,send,1
nobody,supposed,1
msgs,nice,1
noun,uncountable,1
anyone,think,1
evaluation,go,1
mom,wants,1
gud,prof,1
dealer,drug,1
come,everybody,1
right,words,1
asked,fact,1
car,packing,1
calculation,reply,1
message,truro,1
mood,sexy,5
ge,world,2
tells,x,1
might,nap,1
exercise,yeah,1
haven,means,1
place,tonight,1
arrange,online,1
see,work,1
okden,yeah,1
get,go,5
tht,wat,1
realise,someone,1
checking,rewarding,1
save,way,1
season,would,1
hair,paragon,1
peripherals,raviyog,1
place,shindig,1
da,soft,1
lonely,today,1
get,rather,1
imat,mums,1
aroundn,sway,1
quick,shower,1
aight,ill,1
olage,saturday,1
mom,taking,1
ill,like,1
feeling,mm,1
message,one,2
anyone,note,2
amp,see,1
happy,well,1
ate,know,1
anyone,oh,1
amp,eve,3
bed,hope,1
around,people,1
dubsack,wants,1
remember,still,1
back,things,1
forgets,heart,1
cos,tickets,1
least,wednesday,1
m,weed,1
make,xavier,1
enough,money,1
later,lt,2
frens,wif,3
4a,like,1
check,yahoo,1
leh,r,1
_,fetch,2
baby,oh,1
draw,prediction,1
environment,good,2
chick,theres,1
asked,go,1
come,kerala,1
anything,bad,1
even,logged,1
sleep,well,1
new,zealand,1
abt,toking,1
lt,url,3
amp,fowler,1
amp,exam,1
could,lot,1
cartons,u,1
great,run,1
er,hello,1
min,stand,1
nammanna,pretsovru,1
please,princess,1
around,know,1
command,wish,1
2,hurricanes,1
coming,ur,1
chachi,tried,1
laxinorficated,notixiquating,1
chance,second,1
important,put,1
buy,lunch,1
2,yeovil,1
chatting,yes,1
6months,finishing,1
boye,changed,1
map,ur,1
gail,neva,1
list,make,1
1,getting,1
champlaxigating,fidalfication,1
like,turkeys,1
eight,half,3
pass,time,1
okay,sorry,1
closes,shop,1
cutting,hair,1
babe,want,1
4,lessons,1
2,family,1
slowing,system,1
non,stop,1
msg,ur,3
playing,role,1
along,asking,1
also,come,1
get,weaseling,1
ask,dont,1
dont,jess,1
945,meet,1
neva,tmr,1
hole,u,1
ar,sweet,1
picking,trash,1
come,medical,1
connect,unable,1
multis,used,1
movie,theatre,1
pls,today,3
baby,yep,1
europe,princess,1
blue,worries,4
neither,sterm,1
bruv,hope,1
linux,systems,1
4,us,1
everything,life,1
happened,miss,1
guitar,impress,1
twice,u,1
4,ard,3
night,wake,1
childporn,lotta,1
asked,cuz,1
ll,tons,1
get,pick,1
ho,today,1
answer,texts,1
liao,thk,1
completely,yes,2
missing,today,1
eve,online,1
august,made,1
pretend,want,1
goodnight,ok,1
pile,way,1
n,scold,1
cool,life,1
drop,since,1
good,next,1
drive,might,1
going,plan,1
foward,make,1
need,right,1
away,trek,1
driving,today,1
2,shop,1
n,tok,1
fuckinnice,ourbacks,1
edge,underdtand,1
buzy,much,3
puts,things,1
hard,person,1
first,life,1
inch,snow,1
never,rang,1
embarassed,underwear,1
7,wahay,1
cooking,dinner,1
exhausted,m,1
reach,unable,1
home,slowly,1
fight,ready,1
knew,u,2
ever,wanted,1
filling,still,1
father,mandan,2
boy,missing,1
week,work,1
april,week,1
dancce,dnot,1
nt,yet,3
half,without,1
projects,social,1
god,picked,2
close,re,1
time,week,3
ahmad,love,1
begging,hours,1
break,time,1
life,ruining,1
believe,message,1
drive,flash,1
choices,toss,1
coming,makes,1
doesn,model,1
b,happy,6
ready,shopping,1
gain,rights,1
could,starve,1
online,transaction,1
thanks,thought,1
apologise,place,1
returned,saying,1
2marrow,wed,1
come,may,1
evaporated,might,1
busy,really,1
couple,gays,1
could,go,2
ur,wait,2
converted,live,1
soo,u,1
everything,life,1
first,situations,1
free,getting,1
college,k,1
gave,photo,1
come,noon,1
2years,sent,1
3,years,2
mine,tomo,1
sorry,topic,1
appt,dr,1
love,wish,1
like,selling,1
get,need,1
almost,reached,1
melle,oru,3
told,xuhui,1
loads,one,1
ok,re,1
pa,tell,1
need,think,3
know,let,38
hospital,two,1
details,part,1
alright,everything,1
_,dat,1
bit,hopeful,1
howard,right,1
regards,respectful,1
footie,watching,1
alright,hope,1
like,pink,1
meet,yijue,1
good,smiling,1
sent,wasn,1
stands,world,1
ask,yet,2
atural,n,1
great,thank,1
3,naughty,1
find,love,2
see,tomo,2
come,might,4
care,friends,1
b,b4,1
past,well,1
alone,town,1
something,ur,1
changes,made,1
best,day,1
remembrs,someone,1
hi,juan,1
abt,making,1
oh,wasted,1
7,n,1
e,place,1
came,n,1
put,sign,1
two,tyler,1
anymore,stuff,1
home,ur,7
told,year,1
count,decimal,1
link,us,1
got,phone,1
crazy,reassuring,1
askd,u,4
red,ur,1
ever,lines,1
make,pretty,1
neft,transaction,2
da,talks,1
dude,yo,1
get,red,1
bus,mo,1
cant,cum,1
confirmed,yeah,1
coat,gym,1
debating,m,1
hav,u,2
fyi,k,2
cant,say,1
go,need,2
tog,us,1
cannot,oredi,1
late,reply,2
register,sure,1
india,pura,1
text,whatever,1
come,usual,1
behave,happen,1
like,mu,1
last,til,1
already,late,2
evrey,splleing,2
eve,snoring,1
nimbomsons,yep,1
leaves,nothin,1
mail,replied,1
2,den,1
need,stop,1
battery,hont,1
4u,ve,1
across,sea,10
kalisidare,next,1
dawns,day,1
discount,u,1
night,stay,1
ask,popped,1
avoiding,making,1
noe,ok,1
home,sale,1
shit,tomorrow,1
dat,person,1
good,m,3
derek,done,1
spring,yay,1
ll,nmde,1
p,sam,1
left,morning,1
cos,go,2
clothes,little,1
chiong,sat,1
ke,need,1
days,lor,1
finish,new,1
name,sender,2
smth,take,1
alright,baby,1
like,things,2
da,middle,1
home,super,1
connections,using,1
embarassed,m,1
wondering,wont,1
leftovers,plate,1
ard,ok,1
that2worzels,wizzle,1
sorrows,take,1
later,ok,1
food,la,1
cannot,oso,1
handsomes,hundreds,1
plans,yet,1
got,lots,1
dnt,forget,3
gower,th,1
remember,wot,1
fingers,ur,1
lol,won,1
ur,words,1
every,great,1
speak,treat,1
bit,got,1
never,ve,1
studying,yup,1
atlanta,number,1
26th,july,1
even,valentine,1
eyes,wisdom,2
pattern,recently,1
send,sir,1
coz,know,1
ok,seem,1
hi,mate,1
plan,wats,1
bit,longer,2
always,diet,1
online,today,1
book,lesson,1
make,sea,1
night,shit,1
download,fring,1
b,quite,1
ends,may,2
da,heavy,1
father,teachers,1
ll,medical,1
4th,wife,1
1apple,day,1
1,dodda,1
lower,numbers,1
kalaachutaarama,prof,1
2,kids,1
good,trip,1
exam,week,1
behind,cricket,1
remove,teeth,1
fine,going,1
4,bag,1
characters,never,1
macleran,rayan,1
da,hospital,2
back,morrow,1
ppl,together,1
b,shb,1
day,dedicated,2
bloke,still,1
ill,pick,1
easily,mind,1
v,weekend,1
account,bank,2
could,snow,1
around,fires,1
lounge,nice,1
guessing,started,1
eat,mah,1
colleagues,even,5
lots,vitamin,1
bed,books,1
movies,want,1
easier,true,1
keep,us,2
fixed,tomo,1
cud,u,1
see,wanting,1
boytoy,miss,2
lazy,people,1
arnt,hope,1
cant,huh,2
hoping,need,1
stuff,swashbuckling,1
days,waiting,1
belly,start,1
borrow,ur,1
damn,poor,1
ere,irene,1
said,u,8
black,ur,1
dat,saying,1
1,st,1
m,see,1
ok,thats,1
ll,still,1
bettr,directly,1
amp,concern,1
gud,mrng,12
feel,loved,1
life,umma,1
ana,hai,1
love,year,1
eh,shopping,1
ron,say,1
knw,u,2
awake,oh,1
lets,room,1
frankie,near,1
missed,u,2
gotany,hardly,1
bring,ll,5
biatch,thanx,1
morning,train,1
afternoon,good,13
b,wil,1
slave,want,2
obviously,yes,1
missing,think,2
c,give,1
check,got,1
amp,need,1
k,yan,1
dis,humanities,1
carlos,difficult,1
inr,successfully,2
impressively,sensible,1
rent,transfred,1
call,knows,1
dont,macha,1
citizen,preferably,1
overa,week,1
cheery,lecture,1
days,lt,1
goes,well,5
havent,still,2
even,god,3
aft,family,1
4,d,1
chance,search,2
stops,usually,1
m,pick,1
possible,tonight,1
first,turn,1
happy,time,1
full,pimples,1
hello,hun,1
ask,n,1
haven,saying,1
doesnt,inlude,1
get,home,6
m,probably,1
free,r,2
mind,ok,1
dead,mo,1
fucked,stil,1
bell,ya,1
m,parked,1
commit,random,1
hostile,unnecessarily,1
another,took,1
tired,v,1
fault,wrong,1
note,plz,2
permanent,registration,1
around,office,2
insha,qatar,1
new,used,2
newport,road,1
learn,need,1
like,travelling,1
got,hold,1
ll,together,1
full,time,1
little,make,1
great,m,1
destination,soon,1
chikku,thanks,1
iz,today,1
fave,oil,1
re,u,6
story,told,1
hardly,meive,1
eat,left,1
leave,need,1
buy,little,1
gt,min,13
5,tell,1
french,guy,1
second,took,1
bird,early,1
island,wherever,1
baller,big,1
eat,tonight,1
ass,dick,1
didn,visit,1
dsn,wish,1
details,text,1
2,cause,1
cos,train,1
rents,ur,1
da,waste,1
talking,u,2
process,sure,1
disappeared,second,1
see,smile,1
questions,tough,1
placement,staff,1
miss,nw,1
home,safe,1
difficult,happy,1
dhorte,lage,1
talkbut,wannatell,1
sent,shuhui,1
chennai,tirunelvali,1
sir,sorry,1
check,nothing,1
paragon,yup,1
fb,page,1
like,lt,14
long,stop,1
cos,hour,1
tat,vid,1
school,wat,2
like,passwords,2
call,friends,2
ask,details,1
anyway,spotty,1
ur,voice,1
hot,sticky,1
lets,thank,1
cougar,souveniers,1
able,nt,2
darkness,shining,1
sagamu,thing,1
house,maid,7
c,din,4
asking,guys,1
lt,proof,1
back,later,1
leave,u,2
bigger,pics,1
orh,tot,1
must,pain,1
point,thought,1
d,marry,1
fujitsu,series,1
carlos,let,1
know,ok,1
cover,n,1
lst,nite,1
answer,try,2
jiayin,take,1
carlin,pints,1
instantly,n,2
help,nah,1
shopping,trip,1
grateful,u,1
gonnamissu,much,1
going,ll,1
expensive,much,1
alex,met,1
happy,independence,1
61,66,1
going,sch,2
min,think,1
depends,okie,1
make,sense,1
available,still,1
cafe,get,1
happy,pongal,1
behind,every,1
every1,tell,1
aight,well,1
new,saw,1
meets,smiling,1
ha,months,1
dat,wat,1
end,makiing,1
current,one,1
talk,tonight,1
hour,m,1
sarcastic,sure,1
bold,say,1
ago,guy,1
happy,hey,1
1,chikku,1
violence,women,1
2,yor,1
already,planned,1
remember,ya,1
mum,talked,1
b,ur,1
cars,try,1
feeling,time,1
summer,wait,1
already,much,1
job,support,1
physics,ur,1
avatar,dude,1
phrase,shah,1
messenger,send,1
ratio,tortilla,1
getting,number,1
3,go,1
sh,system,1
cramps,like,1
keypad,lock,1
freezing,m,1
guys,wish,3
man,tell,1
said,u,4
little,weather,1
get,rimac,1
else,know,1
let,watch,1
able,otherwise,1
1,burger,1
beneath,pale,2
still,young,1
get4an18th,u,1
moon,starer,1
available,pick,1
lessons,pract,1
fixd,lt,1
aft,bathing,1
preponed,ticket,1
miss,u,10
call,lt,2
bite,prominent,1
id,soon,2
da,paper,1
morning,text,1
gving,im,2
mind,nosh,1
5years,salary,1
net,see,1
necessary,share,1
boy,think,1
heard,job,1
every,unemployed,1
risk,take,1
pretty,say,1
fuck,good,1
dat,ll,1
knocking,m,1
lower,mine,1
money,sent,1
cann,listen,1
call,lor,1
always,lying,1
boy,sweet,1
erupt,tsunamis,1
correct,phone,1
dictionary,mode,3
isn,love,2
wiv,wud,1
garage,took,1
behind,motivate,1
hour,pick,1
lol,thanks,1
life,make,1
cant,help,1
healer,lt,1
anything,imposed,1
bro,song,1
every,moment,2
da,send,1
quite,say,1
knw,tht,1
dream,flowing,1
brings,morning,1
dun,say,2
evening,miss,1
get,money,3
angry,busy,1
know,sort,1
sam,u,1
bit,got,1
made,sister,1
good,rest,1
mr,ur,1
choose,run,1
eat,n,1
messages,ur,1
_,station,1
card,da,1
like,sending,1
bill,millers,1
dang,didn,1
4,around,1
cant,y,1
come,tired,2
bollox,tim,1
deal,supposed,1
buyer,find,1
call,u,10
looovvve,roommates,1
hey,inconvenient,1
haven,thought,1
know,watching,1
boys,kids,1
back,give,2
baby,ur,2
hear,word,1
2,spun,1
got,photo,1
place,usf,1
family,lets,1
closer,goodnoon,1
alone,lor,1
got,home,2
discuss,later,1
bit,woke,1
far,going,1
bill,isn,1
makes,salary,1
give,reason,1
country,poor,1
alex,knows,2
4eva,baby,1
reason,team,1
dat,smth,1
da,happen,1
hoo,party,1
american,understand,1
pansy,ve,1
coz,need,1
aeronautics,professors,2
only1more,sleep,1
mode,silent,1
bird,one,1
neva,reply,1
call,got,3
eat,pizza,1
leave,m,2
sofa,thing,1
thank,unni,1
lmao,take,1
seen,ym,1
home,thats,1
others,place,1
brother,time,1
financial,problem,1
must,things,1
buy,gotta,1
let,us,3
babe,smiles,1
house,yor,1
directly,pls,1
act,real,1
doubt,guidance,1
morning,take,1
interview,telephonic,1
dude,fake,1
crossing,run,1
bettersn,urfeeling,1
even,supposed,1
dress,panties,1
give,yeah,1
already,see,1
rest,week,1
bugis,meet,1
lately,need,1
den,msg,1
location,search,1
good,gt,2
delhi,village,1
speak,thing,1
country,stamps,2
hair,popcorn,1
atlanta,wish,3
life,style,1
dear,reache,1
jess,xx,2
really,try,1
always,boy,1
day,everything,1
u,yoyyooo,1
days,n,1
say,thinking,1
back,dislikes,1
huh,watch,1
dnt,take,4
like,yes,1
help,tell,2
interested,tonight,1
fret,know,1
gt,m,2
figure,going,1
correction,difficulties,1
5,ful,1
qatar,rakhesh,1
old,texts,1
pics,thank,1
coins,factory,1
february,pls,1
dint,meet,1
job,news,1
k,wen,1
dads,fone,1
ice,pieces,1
bullshit,makes,1
answer,one,1
chikku,send,1
give,great,2
dinner,outside,1
month,tell,1
nite,tmr,1
figure,m,1
find,less,1
bit,felt,1
missed,much,1
forward,sex,1
get,sure,3
btwn,ur,1
company,elama,1
doesn,things,1
fantastic,know,1
sharing,wahleykkum,1
getting,pc,1
sch,stay,1
dont,shall,1
flip,imma,2
avent,killed,1
bluff,dun,1
like,newport,1
wanted,watts,1
hope,hunny,1
come,wait,1
waking,words,1
giving,receiving,1
come,would,1
ee,mahaveer,1
right,want,1
stay,weather,1
bit,kane,1
night,school,1
2,cos,1
time,together,1
girl,name,3
cant,txt,1
parents,say,1
connection,us,1
feeling,hope,1
mobile,work,1
maybe,pressies,1
radiator,sitting,1
late,stay,1
cali,sweet,1
better,eat,1
complete,gist,1
elliot,mia,1
even,many,1
hai,li,1
know,track,1
hey,work,1
bowls,worth,1
dun,yet,1
get,nice,1
friend,share,1
sachin,world,2
collecting,week,1
neva,test,1
2,orchard,2
away,dont,1
fucking,take,1
assume,upset,1
already,used,1
hope,see,2
bringing,galileo,1
come,wont,1
6hrs,know,1
lor,ok,1
u,wil,1
already,newspapers,1
moves,traffic,1
light,shining,1
avoiding,burden,1
saw,tot,1
god,love,6
b4,u,2
nz,players,1
werebored,yeah,1
thinking,yeah,1
bring,got,1
ll,sell,2
ok,ur,1
know,u,14
also,vava,1
less,might,1
ctagg,ctargg,1
sleep,wiv,1
gas,get,2
sleep,tight,1
2,bedrm,2
cruise,thing,1
ask,go,2
mate,neva,1
fr,lunch,1
babe,uawake,1
meow,meow,1
decided,whether,1
haha,sleepin,1
collecting,wat,1
forevr,goodfriend,2
changes,know,1
rays,sunny,4
calling,right,1
cinema,u,1
bad,lar,1
finish,tomorrow,2
documents,submitted,1
mean,o,1
ar,present,1
give,reduce,2
ask,bout,1
kids,one,1
nt,wish,5
txt,u,1
da,realy,1
9,actually,1
phone,works,1
need,write,1
r,ur,3
things,work,1
amp,sleepwell,2
dine,lady,1
belly,laugh,1
driving,lesson,2
love,pist,1
hope,things,1
dont,talk,1
2,evry1,1
2,docs,1
break,lunch,1
happy,shivratri,1
aint,complaining,1
delicious,miss,1
got,lost,1
breeze,bright,1
added,tel,1
3,lt,1
evening,think,1
dont,new,1
crazy,go,1
healthy,wow,1
sherawat,yesterday,1
got,sen,2
didnt,go,1
lose,ur,2
da,disturbing,1
reply,wait,1
home,missing,1
still,stocked,1
pull,want,1
much,semester,1
_,ill,1
dreading,m,1
d,name,3
much,true,1
also,tried,1
msg,recently,1
one,uncountable,1
period,reapply,1
clock,v,1
babe,late,1
gd,m100,1
house,water,1
definitely,need,2
ache,heart,1
exam,february,1
posted,see,1
smile,sum1,2
b,sad,1
shiny,warming,1
england,watching,1
epsilon,shower,1
smile,think,1
husband,trying,1
gal,n,1
called,tool,1
goin,seriously,1
people,value,1
brother,cherish,1
one,tt,1
sugardad,ur,1
sayy,would,1
died,mumtaz,1
legal,perf,1
happen,k,1
laptop,send,1
rakhesh,shanil,1
friday,til,2
2,hotel,1
bringing,plan,1
_,b,1
decimal,gt,21
slow,take,1
gn,urself,1
hope,old,1
face,look,1
nice,sleep,3
days,making,1
knew,time,3
dis,ur,3
diamond,stuff,1
need,net,1
always,yahoo,1
meet,xy,1
flurries,usually,1
hospital,truro,1
honey,sweetheart,1
actually,need,1
gt,school,1
mns,prabha,1
going,lt,1
day,let,1
change,windows,1
lt,suman,1
check,yo,1
hitler,woman,1
early,ride,1
den,oh,1
apparently,tells,1
anyway,hour,1
take,unless,1
sapna,ya,1
lives,love,1
evone,hates,1
fav,pm,1
considering,use,1
ll,swing,3
go,k,1
late,well,1
sofa,v,1
among,mess,1
told,tot,1
account,dry,1
d,wt,3
coming,visa,1
going,sao,1
said,ve,1
gonna,movie,1
1,facts,1
came,pain,1
bcoz,teacher,1
excellent,location,1
sports,type,1
much,ur,1
pound,special,1
lt,since,1
lor,wan,1
jackson,kate,1
didnt,shut,1
available,ticket,1
ext,phone,1
back,come,1
leave,way,1
better,drinks,1
much,sooooo,1
rite,u,4
til,tomorrow,1
better,yor,1
running,still,1
1thing,brilliant,1
da,right,1
much,u,2
indyarocks,via,1
antibiotic,things,1
end,month,3
pa,ru,1
long,things,1
plus,send,1
studying,surfing,1
much,value,1
u,wannatell,1
tech,ubi,1
lov,true,1
lt,mobile,2
give,prometazine,1
give,week,1
e,way,2
indians,village,1
numbers,ugo,1
_,hope,1
card,credit,2
lor,place,1
going,u,1
sad,see,1
day,value,1
party,place,1
ias,tis,2
cant,talk,1
lt,week,1
finalise,leave,1
cos,mayb,1
d,towards,2
including,u,2
thts,wat,1
decide,lor,1
amp,great,3
like,lol,1
m,school,2
handed,right,1
fake,waiting,1
friend,one,1
happy,sit,1
help,update,1
know,messy,1
one,teach,1
hey,muhommad,1
got,means,1
d,early,1
1st,salary,1
brand,new,1
already,told,1
luv,throws,1
curry,end,1
chikku,wat,1
go,kill,1
crisis,studentfinancial,1
actual,guy,1
combine,n,1
got,special,1
get,program,1
babe,thasa,1
second,wonderful,1
answer,never,1
miles,smiles,1
know,strain,1
da,name,1
excuse,go,1
make,never,1
dat,knew,1
come,quickly,1
ammae,yes,1
fat,gettin,1
haven,still,2
dryer,something,1
get,might,1
bennys,n,1
reaction,ur,1
copy,da,1
msg,reply,1
lor,tot,1
2marrow,coming,1
3,33,1
definitely,people,1
frnds,lt,1
thing,toughest,1
2,lots,1
argh,ok,1
let,wont,1
also,left,1
bed,girl,1
ard,wat,1
48,around,1
doesnt,make,1
calling,stop,2
burrito,rajas,1
like,person,3
apartment,got,1
6pm,sorry,1
aiya,discuss,1
great,trip,1
say,v,1
lk,tt,1
budget,lt,2
3,another,1
alone,wif,1
like,yep,1
asap,xxx,1
camera,much,1
one,quite,1
contented,deep,1
could,want,1
didn,say,1
heaven,walking,1
holiday,want,1
40mph,much,1
name,road,1
dearly,missed,1
advice,please,1
everything,wen,1
mwahs,squishy,1
lucky,m,1
im,missin,1
forgot,run,1
fix,ll,1
outside,u,1
course,end,1
part,time,3
goodmorning,u,1
feels,quiet,1
phone,vibrator,1
ar,loving,1
e,n,5
ave,catch,1
acc,bank,1
first,possibly,1
dryer,hair,1
case,laptop,1
anything,invite,1
n,safe,1
darker,lor,1
might,want,1
name,taking,1
lt,wake,1
kintu,opponenter,1
islands,outside,1
good,really,4
night,well,1
done,m,2
_,c,1
cannot,room,1
got,tired,1
mate,steve,1
likeyour,sound,1
remember,vaguely,1
late,punish,1
playing,watching,1
m,putting,1
meet,rummer,1
tough,yeah,1
bleh,least,1
acted,n,1
popped,sunroof,1
didn,website,1
sleeping,tot,1
model,pls,1
3rd,personality,4
lor,u,7
care,live,1
gaps,holding,4
im,still,1
drops,though,1
applying,research,1
movie,yest,1
know,nora,1
free,sat,1
get,pics,1
area,around,1
logging,water,1
film,vijay,1
lonely,xxx,1
noe,u,3
another,week,1
ese,reason,1
essential,experience,2
kent,parkin,1
den,jiu,1
go,min,1
nusstu,still,1
coming,times,1
download,files,1
goin,onbus,1
time,wat,18
already,assumed,1
head,pulls,1
6,sankatmochan,1
mega,shop,1
3,days,2
ask,ll,3
da,url,1
joking,nt,1
maintain,sight,3
love,tell,1
evening,faith,1
ago,cusoon,1
phone,vibrate,1
m,watching,5
ax,well,1
bed,im,1
dream,time,1
film,ill,1
got,liao,1
tell,yet,1
day,happy,2
even,shirt,1
long,quit,1
many,u,1
ranjith,taught,1
next,til,1
cos,wonder,1
boat,still,1
u,wasn,1
goin,roommate,1
go,tell,1
finish,need,1
amp,waited,1
one,point,2
goes,like,1
abi,told,1
bt,sitll,2
formal,sentence,1
already,said,2
cant,work,1
ever,quote,2
b4,hr,1
iwana,know,1
india,onion,1
always,putting,1
bowl,super,1
let,want,1
b,studdying,1
cardin,pierre,1
haha,really,1
doke,m,1
joking,ll,2
bookedthe,hut,1
bus,home,2
info,sheets,1
good,ha,1
hey,sweet,1
confirmed,mean,1
movies,thanks,1
stop,violence,1
get,want,3
children,relax,2
bhaskar,deep,1
finish,havent,3
hope,thanks,2
informed,keep,1
make,promises,1
draw,va,1
charming,soon,1
every,need,1
gone,remember,1
e,watch,1
okie,u,1
brother,sister,3
later,one,1
going,never,1
spatula,think,1
a30,divert,1
love,today,1
1,d,1
okay,wait,1
deep,inches,1
nice,working,2
coming,things,1
please,try,1
always,home,1
gt,u,1
forward,link,1
lived,thy,2
bone,infections,1
fear,get,2
take,u,5
2,back,1
enna,kalaachutaarama,1
limits,normal,1
anyway,plans,1
jet,n,1
kidding,weren,1
figure,u,1
early,nightnight,1
number,vivek,1
great,m,1
m,short,1
call,get,1
thought,xuhui,1
online,spacebucks,1
dough,soon,1
anyones,help,1
amp,new,1
engin,go,1
love,wine,1
going,things,1
sane,stay,1
first,frnds,2
hopefully,tyler,1
know,want,2
free,right,1
gt,lovable,1
decorating,much,1
bath,msg,1
invited,lunch,5
know,us,2
eating,squid,1
gimme,ground,1
becoz,settle,1
gonna,person,1
guess,o,1
come,sen,1
antibiotic,used,1
chikku,db,1
misfits,social,1
direct,process,1
complete,far,1
better,day,1
2,chat,1
gud,undrstndng,1
leave,ok,3
reason,take,1
mahfuuz,mufti,1
driving,even,1
plz,stay,1
mobile,send,1
apo,mokka,1
2,gt,2
broth,chicken,1
da,thanks,1
laughing,simple,2
day,got,1
pizza,slices,1
arrange,transport,1
elaborate,isn,1
hyde,park,2
lol,soon,1
fr,lei,1
boo,m,2
drugs,give,1
across,hello,1
ola,would,1
like,said,1
h,m,1
msg,sent,1
look,muchand,1
boy,replied,2
2,bin,1
3,licks,1
practice,take,1
cld,meet,1
gist,oh,1
dime,expect,1
major,roles,1
day,eat,1
de,pain,3
got,thesis,1
g,still,1
ask,big,1
fair,fuck,1
away,house,1
get,gud,1
_,sent,1
bother,text,1
cld,maybe,1
jungle,two,1
loads,work,1
ask,mah,1
cramps,despite,1
eighth,smarter,1
buy,juz,1
b,car,1
chennai,search,1
liao,sat,1
grateful,thought,1
dolls,guys,1
getting,hanging,1
flat,seems,1
around,ask,2
bring,tape,1
family,long,1
back,ur,2
even,feeling,1
endless,god,1
fake,frnds,1
die,want,1
least,make,1
cut,road,1
last,page,1
haf,shd,3
craziest,love,1
hi,neva,1
go,plan,1
items,novelty,1
buy,pls,1
college,u,1
much,today,1
gopalettan,loving,1
easy,looking,1
film,much,1
4,doctor,1
heart,hoping,1
hand,holding,3
catch,ll,1
dawns,sunshine,1
madstini,necklace,1
college,medical,1
sleeping,texts,1
message,zogtorius,1
kinda,thing,1
good,hav,1
ok,trip,1
many,said,1
come,office,1
gonna,let,1
come,taunton,1
drive,ll,1
ask,havent,1
lor,start,1
tonight,total,1
cash,tomorrow,1
ass,buzz,1
mutations,sunscreen,1
jp,yo,1
come,need,3
leh,rain,1
baby,every,1
2mrw,ninish,1
crave,geeee,1
come,cos,1
k,u,3
exe,file,1
ding,tai,1
den,lor,1
alot,away,1
discuss,rent,1
came,home,3
gentleman,treat,3
complete,fills,1
guide,oh,1
list,www,2
actually,life,1
butt,la,1
address,u,1
carlos,soon,1
forms,v,1
cabin,pa,5
lazy,mum,1
coming,tonight,1
buzz,woould,1
finished,lunch,1
nyc,said,1
laugh,meanwhile,1
amp,back,1
like,shuhui,1
angry,dont,1
spile,tap,2
b,barred,1
blake,night,1
luv,ta,1
consensus,reach,1
pattern,well,1
name,story,1
u,wish,8
7,ramaduth,1
recently,times,1
getting,oh,1
4,reach,1
pin,sms,2
reply,typical,1
networking,process,1
gd,thanx,1
frying,look,1
call,xx,1
24th,sept,1
come,either,1
pick,wil,1
admin,building,1
project,verifying,1
contact,know,1
power,yoga,2
many,unfortunately,1
hotel,time,1
came,reply,1
even,things,2
awesome,chat,1
em,meet,1
available,number,1
gone,jogging,1
half8th,order,1
job,today,1
msg,xmas,2
start,stomach,1
also,hi,1
budget,money,1
til,twelve,1
paypal,thru,1
message,resend,1
moms,phone,1
gifted,tomeandsaid,2
incident,train,1
bus,slow,1
except,gud,1
finishes,roommate,1
day,y,1
get,stylish,1
lt,time,1
cheers,message,1
bill,brison,1
got,way,1
brown,miss,1
keep,room,1
lt,says,3
ear,one,1
keep,ll,3
appreciated,greatly,1
n,replying,1
ll,notice,1
dont,thnk,3
aa,exhaust,1
anything,drastic,1
problem,still,1
number,sections,1
bimbo,send,1
books,masteriastering,1
accept,day,3
cant,need,1
leave,ready,1
school,turns,1
ve,weed,1
lor,thk,2
longer,syria,1
fine,yeah,1
directly,internet,1
diamonds,shitload,1
d,powerful,1
evening,ud,1
anyway,promoting,1
back,tomo,1
tonight,upto,1
return,ticket,1
tv,watch,1
forgot,think,1
day,listen,1
confirmed,tot,1
receipt,something,1
go,hey,2
give,insurance,2
takes,tell,1
like,tallahassee,1
better,day,1
cause,work,1
iam,think,2
blame,u,1
go,planned,1
gailxx,ya,1
mokka,take,1
amp,show,1
addicted,sweet,2
half,see,2
look,tomorrow,1
book,shall,1
contribute,way,1
doesn,knows,1
takes,usps,1
get,would,1
4,lovable,5
cine,got,1
boggy,u,1
thing,wear,1
2,luck,1
someone,talking,1
late,tonight,1
2,type,2
doctor,going,1
fix,teeth,1
get,used,1
2u,soonlots,1
bus8,got,1
contact,way,1
come,happened,1
google,mittelschmertz,1
already,yup,1
could,omg,1
basketball,football,1
difficult,time,1
cup,milk,1
savings,zeros,1
dear,saw,1
kind,missed,1
help,sorry,3
anyway,formal,1
get,supposed,1
2nd,dismissial,1
cold,worry,1
argh,fuck,1
around,ll,2
thanks,u,1
give,night,1
u,wk,1
leaving,yup,1
chinese,mentionned,1
know,lmao,1
feel,making,1
face,life,1
re,wow,1
finds,happy,1
m,reading,1
amp,downs,1
plus,put,1
could,disc,1
also,der,1
likes,next,1
back,us,2
1,times,1
day,gives,1
ill,probably,1
away,gal,1
nt,swt,1
4,mrt,1
treat,well,1
forgot,modl,1
game,yesterday,1
nt,r,2
7,romantic,1
says,site,1
often,somone,1
get,paid,2
sorry,uncle,1
astne,lyfu,1
pls,serious,1
go,may,1
moan,n,1
late,school,1
us,wants,1
might,u,1
rough,sonetimes,1
panren,paru,1
gt,wake,2
avo,point,1
b,shd,2
gone,slippers,1
day,saturday,1
dabbles,jazz,1
tuesday,tuesday,1
connection,yahoo,1
based,host,1
type,use,3
shrek,watch,1
crave,want,2
get,tomorrow,2
going,said,1
air,coin,1
dump,heap,1
come,u,6
e,noe,1
make,spend,1
car,u,1
ache,doesn,1
2,dancce,1
finished,watching,1
sister,thank,1
1,love,1
iouri,ve,1
cos,sis,3
shower,yeah,1
responsibility,vs,1
chillaxin,jus,1
back,good,1
constant,putting,1
text,word,1
scores,sophas,1
back,came,4
mom,send,1
back,really,1
luv,yaxx,1
head,minutes,1
dreams,swt,3
juliana,whatever,1
pls,worried,1
constantly,fighting,1
boobs,huge,1
oredi,part,1
haha,wat,1
case,u,1
got,havent,2
badly,cheers,1
better,got,1
ll,need,1
snake,unfortuntly,1
calicut,directly,1
big,saying,2
haven,snow,1
address,call,1
get,hoping,1
baby,brainless,1
first,ok,1
jay,trying,2
lady,street,1
anyone,girl,1
back,drive,1
better,silence,1
da,fone,1
reset,troubleshooting,1
seems,stairs,1
next,yup,1
6missed,get,1
without,ya,1
gets,nino,1
see,thought,1
little,time,1
4,get,2
4,printing,1
hurt,u,1
dont,u,2
far,think,1
time,usual,1
saying,u,1
church,m,1
chill,south,1
invited,tonite,1
carry,meh,1
good,ondu,1
calling,weeks,1
avenge,fault,1
grandma,something,1
plz,plz,3
like,v,2
chikku,cool,1
agency,renting,1
happy,moments,1
please,talking,1
basic,sunday,1
argentina,sad,1
going,sea,1
haf,still,1
matter,said,1
aight,dizzamn,1
re,town,1
come,pending,1
already,eve,1
abi,card,1
gotta,omw,1
call,dont,1
justfound,shit,1
mine,sat,1
sales,threats,1
da,ge,5
loses,situation,3
face,watches,1
2,ask,2
life,partner,1
scary,though,1
arms,strong,2
darren,n,2
number,tell,1
loads,slowly,1
remember,stupid,1
opened,solved,1
got,train,1
dear,goodnight,1
part,sorrow,2
send,something,1
picking,u,1
free,prefer,1
glo,sent,1
stays,vegas,1
map,ur,1
stop,u,1
othrwise,u,1
carryin,save,1
got,haven,1
haf,lunch,1
group,send,1
car,guy,1
gyno,shoving,1
good,man,1
luv,rays,1
oni,say,1
naseeb,pehle,1
awake,loving,1
driving,lor,1
occur,tsunamis,1
grr,lol,1
club,comedy,1
cos,need,2
send,tm,1
going,wildlife,1
anand,number,1
cinema,eatin,1
house,jacuzzi,1
south,years,1
hows,watch,1
anyone,proove,1
album,plus,1
4w,joined,1
first,something,1
big,like,1
new,sleep,1
cause,developed,1
cup,lovely,1
address,text,1
2,cum,1
gentle,sweet,1
coming,tomarrow,1
call,chechi,1
going,hello,1
happenin,well,1
ask,please,3
carlos,phone,1
bed,princess,1
drunk,u,1
campus,lodge,1
free,give,1
photos,sent,1
fone,u,1
meet,supposed,1
cozy,exhausted,1
eve,yrs,1
home,ready,1
gotta,interviw,1
done,expect,1
cann,hear,1
reply,toll,3
bugis,juz,1
computer,w,1
corrct,dane,1
lesson,yoga,1
best,way,1
best,mcat,1
home,lt,2
mother,recount,1
get,sooner,1
cos,laying,1
number,yetty,1
inform,would,1
____,joy,2
dog,friend,1
day,finish,1
trust,u,2
miss,speak,1
hey,parking,1
gettin,juicy,1
da,stupid,2
dat,plane,2
one,says,1
let,one,2
office,watching,1
eat,wat,1
n,wif,2
leh,mayb,1
d,others,1
brin,lar,1
babe,gary,1
definitely,money,1
john,today,1
kinda,ok,1
class,varaya,1
happen,ok,1
desparate,learned,1
gt,toyota,1
couldn,say,1
e,goin,1
dusk,game,1
leona,thk,1
7,home,1
boy,obedient,1
bad,much,1
r,worried,1
check,hey,1
calling,useless,1
mising,u,1
started,yes,1
happen,installation,1
like,treated,1
christmas,u,1
6,want,1
let,please,1
holiday,safe,1
many,wish,1
aren,valentine,1
test,yet,1
almost,forgot,1
birthdate,da,1
cant,eat,2
favour,text,1
exams,got,1
available,let,1
come,mahal,1
lovely,min,1
need,stretch,1
science,y,1
see,want,4
guys,neva,1
recession,wont,2
friends,net,1
like,think,1
blowing,finish,1
cool,pick,1
maybe,ralphs,1
required,rounder,1
tuition,ur,1
lol,real,1
fell,sleep,1
meet,wants,1
2,ive,1
fone,u,1
im,pretty,1
7,name,1
la,u,1
period,wait,1
mom,pc,1
deep,showing,4
1,u,2
chinese,western,1
haven,sent,1
buns,told,1
go,might,1
directly,goto,1
serious,studying,1
babes,think,1
bak,got,1
gain,work,1
1tulsi,doctor,1
edrunk,sorry,1
make,still,1
jeevithathile,love,1
bend,week,1
exam,take,2
gt,petrol,1
msg,reading,3
drive,gotta,1
banks,swiss,1
exhaust,hanging,1
amount,get,1
start,undrstnd,1
_,inside,1
called,salon,1
shit,yet,1
l8rs,mon,1
5th,style,4
much,think,1
anything,lor,8
players,selected,1
carlos,come,1
ah,tension,1
call,pls,1
question,try,2
daily,text,1
find,way,4
finish,jus,4
buy,cos,1
know,yes,1
1,year,1
je,still,1
got,tyler,1
dumb,used,1
buy,u,3
anyone,loved,1
lor,quite,1
gone,place,1
ask,transfer,1
burning,lt,1
mahal,symbol,1
ass,slap,1
da,present,1
7,face,1
birthday,convey,6
booked,oredi,1
birthday,good,1
romantic,v,2
life,photo,1
back,tampa,2
aunty,sapna,1
date,sure,1
haven,heard,2
guy,tht,1
blowing,hair,1
another,idiot,1
account,thanks,1
movies,pay,1
meet,town,1
sterm,voice,1
haha,oh,1
barring,sudden,1
want,ya,2
hot,pink,1
much,skyped,2
4,meetin,3
ok,r,1
excuse,find,1
like,swimming,1
nobody,time,1
early,lor,1
bored,sleep,1
m,waiting,3
number,plz,1
back,lemme,1
belly,make,1
limiting,self,2
brighten,day,1
last,time,1
nething,sat,1
order,re,3
cme,wil,1
gets,used,1
around,first,1
hows,sez,1
booked,hey,1
guys,numbers,1
around,silently,1
borderline,yeah,1
better,d,1
message,text,2
dinner,ll,1
figures,well,1
come,k,4
dat,know,1
conveying,reason,1
5,class,1
dont,force,2
great,thanx,1
decided,havent,1
friendship,mother,1
420,jus,1
find,ll,1
cine,lor,1
mag,spoke,1
life,stress,1
know,like,4
actual,talk,1
back,get,10
person,unconscious,1
probably,yeah,5
ofice,post,1
huh,liao,1
module,need,1
finishes,u,1
brah,see,1
dying,man,1
decimal,push,1
front,outside,1
clash,really,1
told,ya,1
aight,ll,7
breakfast,hamper,1
meaningful,n,1
hello,hello,1
never,sleep,1
boyfriend,good,1
cut,wun,1
k,sry,1
final,tomarrow,1
glad,yes,1
ee,msg,1
photos,yesterday,1
gang,ready,1
crave,miss,1
project,tmr,1
lt,mind,1
every,lt,1
see,yes,1
every,second,2
anyway,good,1
friend,wants,1
expects,us,1
cook,whole,1
find,spot,1
cheap,eat,1
glad,m,3
time,walk,1
im,tmrw,1
going,home,1
real,taken,1
1120,go,1
dat,sum1,1
get,says,1
also,piece,1
quit,yet,1
eat,forced,1
car,hour,1
mu,waiting,1
lido,watchin,1
cudnt,pick,1
cnn,verified,2
4,shanghai,1
asked,needed,1
aight,yo,1
ask,b4,1
none,u,2
get,prolly,1
shd,thk,1
guess,idk,1
booked,leh,1
evry,wish,1
coming,told,1
makin,right,1
r,swt,1
anything,pay,1
job,profile,1
runs,usually,1
beautiful,r,1
ur,vibrant,1
bit,tomorrow,1
pharmacy,prescription,1
inr,lt,2
going,wipro,1
go,gotta,1
gym,whatever,1
tht,time,1
specialise,wad,1
outstanding,paid,1
cuddle,take,1
crazy,questions,1
moves,slovely,1
confirm,lodging,1
cares,somewheresomeone,1
christmas,lt,1
nearly,rang,1
go,world,1
feel,love,1
lt,warm,1
da,gone,1
name,see,1
mel,park,1
aig,joined,1
alright,day,1
account,know,1
time,way,1
long,taking,1
busy,call,1
boy,hand,1
email,lt,1
sure,thk,1
captain,room,1
lotta,seeing,1
bored,dat,1
home,quite,1
derek,taylor,2
eta,taunton,1
2nhite,x,1
wanna,watch,1
im,yeah,1
hooked,re,1
lunch,yup,1
srsly,ya,1
still,west,1
players,unsold,1
still,today,1
today,watch,1
days,two,1
eat,either,1
2,bout,1
n,references,1
catch,enemy,1
holla,later,1
decide,faster,1
contacts,less,1
feeling,u,1
invited,sort,1
planned,yo,1
bath,sink,1
callon,friday,1
initiate,part,1
back,took,1
dropped,keys,1
looking,reason,1
pain,something,1
actually,first,1
accept,unhappiness,1
tomorrow,wil,1
cheaper,might,1
lover,ur,1
back,call,1
b,bit,1
4,car,1
number,wondering,1
ok,wont,2
30pm,see,1
budget,ones,1
bath,long,1
hair,whole,1
fuck,m,1
crave,need,2
job,leads,1
hanumanji,odalebeku,1
joys,lifeis,1
cut,yet,1
buy,get,1
think,two,1
nothing,ve,1
loving,still,1
also,may,1
nice,pubs,1
hugs,sort,1
messaged,would,1
need,really,6
come,soon,2
send,someone,1
weasels,woozles,1
castor,omw,1
hello,says,1
later,lets,1
identification,tomorrow,1
princess,screamed,1
guy,hey,1
shorter,top,1
mumtaz,sister,1
hope,ring,2
dom,old,1
collect,gotta,1
drunk,snoring,1
ok,ok,5
make,wet,1
come,pain,1
hours,imma,1
address,blake,2
_,_,1
explain,things,1
awesome,ve,1
take,thanx,1
dinner,m,1
dont,fool,1
second,time,1
double,re,1
count,seemed,1
r,wotu,1
food,italian,2
frnd,r,2
apologise,cheap,1
japanese,proverb,2
2,kiss,1
god,taken,1
gary,would,1
msg,timings,1
m,surprised,1
aiyah,ok,1
merry,x,4
day,things,1
day,impressively,1
gave,u,1
frm,u,1
2,changes,1
brother,family,2
2,chennai,1
m,raping,1
4,puttin,1
okors,wonderful,1
quality,well,1
got,wat,1
dogwood,drive,1
2morrowxxxx,u,1
talk,thanks,1
small,things,2
priscilla,text,1
dad,dunno,1
anything,else,4
great,potential,2
lou,sorry,1
shldxxxx,u,1
dude,need,1
blank,lol,1
lucky,told,1
bam,really,1
ax,might,1
insurance,person,1
food,way,1
bread,milk,1
tho,yo,1
said,silently,1
evil,men,1
embassy,send,1
evening,k,1
even,lt,1
accept,today,3
anyway,one,1
dwn,u,1
2,aha,1
look,would,1
go,tip,1
aftr,sat,2
back,ll,1
3,til,1
long,story,1
good,property,1
macho,much,1
bored,james,1
eachother,p,1
car,urgently,3
fancy,u,1
really,really,2
pay,shoul,1
know,torrents,1
night,wanted,1
consent,sure,1
going,sound,1
cant,u,2
call,make,1
loses,person,3
check,errors,1
juz,watched,1
big,surprise,1
sent,ur,2
hav,lt,2
connection,v,1
ben,tot,1
said,something,1
brings,night,1
e,lor,2
ur,valuable,2
power,suply,1
thanx4,today,1
come,haf,1
ass,yo,1
anyone,except,1
gal,horrible,2
ve,wonderful,1
buy,going,3
im,u,2
avo,meeting,1
doctor,goto,2
costumes,gift,1
come,online,4
get,melt,1
care,take,37
left,sitting,1
u,weekend,1
amp,co,2
ans,ths,2
bath,steam,1
juz,movie,1
call,let,1
anything,enough,1
hang,last,1
gt,racing,1
thanks,understanding,1
_,call,1
go,ur,1
fees,university,1
stay,way,1
everything,stop,1
gt,love,2
ha,wouldn,1
catch,world,1
want,whenever,1
said,y,1
5,friends,2
facebook,messages,1
avent,spoken,1
send,warned,1
gay,whos,1
control,number,1
hi,weekend,1
tat,yijue,1
special,till,3
dinner,making,2
nap,take,2
number,t4get2text,1
4d,dad,1
good,well,2
doctor,wife,1
u,watch,2
gauti,yes,1
shirt,sometimes,1
d,dinner,1
oooooh,white,1
able,b,2
ve,zogtorius,1
lolnice,went,1
later,mrt,1
cheap,m,1
2,wait,1
m,used,1
wif,work,1
police,questioned,3
scared,u,2
prestige,problem,1
came,dungerees,1
back,yo,1
isn,one,1
vic,walk,1
mum,went,1
situation,unless,1
go,yahoo,1
right,side,1
fri,say,1
amp,little,1
boost,d,2
good,weekend,2
d,umma,1
havent,planning,1
5,answers,2
attached,seeing,1
find,supervisor,1
boss,tell,1
done,wif,1
page,want,1
u,wont,2
gym,machan,1
help,internet,1
come,shall,3
afternoon,boytoy,2
ah,sen,2
think,wot,2
people,sarasota,1
andrews,boy,1
jiu,yan,5
agalla,grl,1
nights,shit,1
full,lt,1
cold,dvg,1
away,stand,1
1st,uncles,1
think,think,1
2,booked,1
budget,taxless,1
beg,call,1
entey,nattil,1
night,thursday,1
hunt,today,1
6,vegetables,3
anybody,else,1
face,lovable,1
computer,considering,1
filled,happy,1
fran,revision,1
stop,work,1
nw,room,1
conducts,first,1
come,need,1
mmmmmm,steed,1
bambling,opportunity,1
3,late,1
owo,re,1
2day,night,1
find,friends,1
call,machan,1
bed,make,2
ll,minute,1
even,fact,1
missing,missing,2
2,buses,1
full,might,1
letter,see,1
morning,whole,1
know,want,4
nt,sleeping,1
got,shitload,1
lol,woulda,1
already,told,1
sweet,time,1
morning,went,1
comp,ofstuff,1
hate,people,1
hotel,like,1
exe,installing,1
mailed,varma,1
1,misscall,1
lt,popping,1
get,mean,1
din,leh,1
