re,ride,1
1,bags,1
come,wen,2
go,see,2
lots,support,1
guy,knows,1
okay,today,1
jess,x,1
girl,like,1
4,bus,1
mail,ur,5
help,ur,1
4,least,2
darlin,u,1
come,imin,1
anyway,bud,1
desparate,m,1
application,secondary,1
ah,wait,1
hair,much,1
one,week,1
mail,today,1
sure,u,3
failed,quite,1
miss,stupid,2
hussey,mike,1
afternoon,go,2
enketa,maraikara,1
shall,start,1
da,stock,1
forms,know,1
pm,tonite,1
900,bedrm,2
meeting,next,2
id,resume,1
paying,u,1
n,thnk,1
hav,sum,1
next,space,1
fire,spark,1
free,tell,1
persons,story,6
house,ll,1
buying,still,1
lol,u,4
lei,mum,1
2,drinks,2
ice,ystrday,1
frauds,share,2
12,hav,1
back,soon,2
cant,o,1
mum,wif,1
crore,indian,1
jiu,liao,1
deep,sigh,1
sn,u,1
island,traffic,1
daily,water,1
doesn,head,1
text,wife,1
leh,weekend,1
know,taj,1
exact,words,1
hurt,much,1
fix,u,1
appt,shame,1
may,tomorrow,2
sure,time,3
airtel,laid,1
dolls,last,1
ex,tata,1
gf,mack,1
comes,mouth,1
eat,notebook,1
cant,thk,2
imagine,life,1
ne,thing,1
earn,going,1
right,second,1
getting,slippery,1
cash,know,1
ld,thot,1
10,10,1
friends,help,1
ever,green,2
full,swing,1
cream,shipped,1
lets,u,1
got,u,2
like,men,1
far,work,1
playin,space,1
guess,mean,1
u,wthout,1
dry,would,1
cook,even,1
best,suits,2
aunty,number,1
asked,number,2
pls,speak,2
pete,phone,1
petrol,rs,1
smiling,sore,1
aptitude,go,1
think,thinking,1
4,sending,1
labor,look,1
pin,thru,2
bit,worried,1
break,call,1
aight,tomorrow,1
dear,happen,3
call,yo,1
chikku,nange,1
like,pendent,1
mns,prabha,1
basic,yoga,1
babe,feel,1
lt,touch,1
last,spin,1
know,tease,1
building,coat,1
back,excellent,1
later,right,1
lot,parking,1
buy,two,2
cum,service,2
fever,side,1
also,better,1
searching,worry,1
cutefrnd,jstfrnd,3
say,treadmill,1
babe,hey,6
frndship,power,2
runs,takes,1
bed,moan,1
3,nottingham,1
long,nice,1
applebees,fucking,1
india,take,1
easiest,touch,1
blankets,sufficient,1
someone,year,1
4,really,1
magazine,parish,1
apart,things,1
hi,kindly,1
ah,mel,1
get,job,3
hill,monster,1
decided,important,1
boo,honey,1
trip,watch,1
see,try,2
gt,rs,6
ok,take,5
called,coming,1
2,4,2
home,liao,3
car,ente,1
good,searching,1
ok,ur,1
cos,know,1
didn,starring,1
gd,network,1
cant,find,1
morning,stay,1
arms,fine,1
dint,possible,1
forever,pick,1
_,smth,2
cine,zoom,1
time,working,1
well,without,1
gt,pa,1
ll,wise,1
ge,nite,1
direct,pay,1
babe,without,1
move,slave,1
d,stayed,1
patients,treat,1
plus,sign,1
owns,private,1
moon,pale,2
ctter,cttergg,1
come,us,1
actor,womdarfull,1
confirm,ve,1
wake,words,1
impossible,us,1
big,butt,1
guess,see,1
like,smile,4
ard,skip,1
cres,ubi,1
get,ill,3
gone,loan,1
sends,work,1
oh,send,2
buttons,doesn,1
mm,yes,1
3,takes,1
edu,usc,1
bath,take,1
actually,getting,2
time,ur,1
paying,wasn,1
goodnight,late,1
cos,lar,1
abt,ur,1
come,died,1
dun,need,2
house,see,1
re,roger,1
literally,tyler,1
com,enter,2
greatest,test,2
adore,ahmad,1
sis,u,1
babe,going,1
advance,k,1
person,see,1
different,u,1
ll,miss,1
ll,sathy,1
dude,got,1
opposite,re,1
hear,never,1
long,wif,1
babe,model,1
awesome,make,1
call,reached,1
gin,rum,2
finish,take,1
already,friend,1
check,home,1
meds,say,1
sry,talk,1
dont,hear,2
office,understand,3
fifteen,minutes,2
films,watch,1
give,good,1
rip,uterus,1
hasn,text,1
admit,apologize,1
avenue,woodland,1
hi,love,1
need,start,1
let,sit,1
e,time,1
ho,weekend,1
deus,new,1
hour,least,1
ll,never,1
anymore,like,1
tho,u,1
email,ur,3
mr,whats,1
role,starring,1
could,use,1
said,teacher,1
cal,ranjith,2
haha,mayb,1
buy,food,3
complain,num,1
aight,time,1
good,quite,1
eyes,philosophy,2
irritating,lt,1
said,yes,1
get,though,1
free,places,1
hes,verifying,1
lot,wishes,1
end,street,1
best,exam,1
charlie,working,1
icic,oh,1
good,idea,2
mmm,thats,1
nice,tho,1
searching,ve,1
everythin,mon,1
dirty,room,1
insurance,medical,2
lar,slow,1
pouts,want,1
freak,ur,1
abt,already,2
minutes,think,1
onion,ya,1
10,ard,2
get,lor,1
al,r,1
glad,u,1
msgs,think,2
clearly,yeah,1
5years,get,1
30,7,3
face,terror,1
know,let,1
cleaning,re,1
boytoy,wherre,1
anything,ideas,1
ones,used,1
first,gained,1
2,close,1
2,txt,1
treated,urself,1
dinner,tonite,1
already,irritating,1
really,sore,1
download,stuff,1
kalstiya,tea,1
bathe,hav,1
simple,thing,1
lik,ll,1
special,vry,1
didn,hope,1
left,taken,1
cried,enough,1
another,friend,3
hmm,uncle,1
one,reading,1
da,spk,1
new,parents,1
facebook,one,1
stomach,thru,1
da,tot,1
best,much,1
august,hasbro,1
asap,teeth,1
minute,still,1
bhaji,great,2
night,shite,1
pass,stop,1
1,finish,1
boyfriend,party,1
ironing,pile,1
awesome,think,1
m,pride,1
money,spent,1
funny,tho,1
accent,practicing,1
nigeria,things,1
making,money,1
details,later,2
6,ft,1
forgets,someone,1
garage,parking,1
add,tat,1
doesnt,work,1
forever,taking,2
hmm,many,1
gotta,park,1
7pm,forward,1
every,lick,1
shampain,wine,2
hard,towards,1
phone,weirdest,1
cramps,first,1
like,sake,1
fondly,know,1
amp,kills,2
basq,n,1
m,reacting,1
night,pray,2
cliffs,nearby,1
dun,juz,1
name,told,1
able,wonder,1
radio,times,1
n,shorter,1
draw,need,1
mo,took,1
fringe,toot,1
hit,seriously,1
bad,worms,1
role,u,1
meds,vomit,2
date,missing,2
m,picking,1
initiate,understand,1
later,sar,1
could,exactly,1
e,e,1
ll,minor,1
lor,wan,1
hum,sochte,1
oops,sorry,2
bslvyl,friends,2
floating,ikea,1
dont,make,4
splendid,time,1
m,remind,1
crave,yet,1
haf,tmr,1
like,steve,1
m,nah,1
become,issue,1
ready,well,1
2,help,1
good,swimsuit,1
maat,shah,1
got,ur,3
glad,really,1
asa,ll,1
bridge,fancy,1
acted,bitching,1
often,underdtand,1
killed,shahjahan,1
points,various,2
much,sooo,1
library,stuff,1
bed,went,2
may,price,1
festival,happy,1
amla,home,1
dont,va,1
shit,weird,1
bed,make,1
please,report,1
ill,place,1
eve,years,1
registered,sinco,2
get,hard,2
old,stop,1
boost,kid,1
home,need,1
anyways,great,1
congratulation,k,1
m,sad,1
gt,sympathetic,1
id,onluy,1
re,still,4
find,ur,1
n,pg,1
facts,known,1
b,gettin,1
cos,later,1
custom,officer,1
luv,ur,2
7am,get,1
phone,tomorrow,1
card,smth,1
perspective,something,1
collecting,ur,1
cut,u,1
sitting,staring,1
exchanged,uncut,1
good,though,1
everything,good,1
1pm,meet,1
late,start,2
liked,new,2
2,babe,2
see,wana,1
dear,got,1
e,show,1
broken,heart,1
iron,point,1
listener,lt,1
hont,pls,1
later,pub,3
fran,ps,1
lt,party,1
semester,wish,1
use,words,1
exeter,weasels,1
nice,scenery,1
fri,go,1
already,lesson,1
lie,think,1
lt,morning,1
give,sms,1
7ish,right,1
affairs,infernal,3
dropped,side,1
healthy,old,1
night,time,1
consistently,intelligent,1
many,people,3
california,southern,1
jus,prob,1
get,yet,1
go,machan,1
fact,re,1
pap,slowly,1
fringe,got,1
meet,wants,1
find,sitter,1
going,small,1
blessed,month,2
expected,u,1
u,unless,1
check,go,1
5min,within,1
realy,wana,1
gud,joy,2
2wks,way,1
j,wrks,1
hello,wats,1
fever,lil,1
see,text,1
expensive,ll,1
speak,thanks,1
d,yeah,2
scratches,talk,1
spend,time,1
fees,school,1
card,gave,1
days,prepared,1
practice,real,1
happenin,wit,1
accenture,told,1
ba,m,1
drunkard,hair,1
enuff,still,1
someone,sometimes,1
smile,world,1
activate,full,1
afternoon,town,1
liked,thought,1
good,hear,5
gd,looking,1
1030,2,1
4,got,1
addicted,iam,2
5,minuts,5
minecraft,server,1
love,sooo,1
find,someone,2
na,poortiyagi,1
calld,wer,2
could,handle,1
good,r,2
leave,took,1
anyplaces,know,1
durham,train,1
especially,need,1
good,haha,1
dreams,ur,1
first,lar,2
ears,open,1
sick,take,1
freedom,vs,1
possibly,would,1
mistake,u,1
dat,undrstndng,1
childrens,teachers,1
lol,pizza,1
life,vava,1
better,buy,1
fucking,many,1
mid,month,1
checked,since,1
evry1,love,1
get,mind,1
carlos,wanted,1
know,much,3
coming,mu,1
put,see,1
collect,da,1
box,cards,1
letter,waiting,1
classmates,frnds,1
like,questions,1
peril,studentfinancial,1
damn,kissing,1
loads,love,1
great,would,3
gonna,leave,1
2,bus,1
air,smile,1
belovd,ur,1
jen,love,1
liked,road,1
add,ur,1
morning,princess,4
2,leave,1
g,uncle,1
guy,sells,1
anyway,thing,1
pleasure,smile,2
draw,series,1
_,brin,1
need,week,1
aah,speak,1
learn,would,1
4eva,promise,1
start,weeks,1
fun,hill,1
already,durham,1
b,soon,1
1,give,1
1,support,2
dunno,tahan,2
da,food,1
weight,woohoo,1
nite,wasn,1
thread,wishlist,1
always,wait,1
green,turned,1
roads,stay,1
start,u,1
friend,know,1
quite,yar,1
ok,something,1
cme,want,1
bus,trip,1
one,swatch,1
know,ve,1
payee,sinco,2
get,win,1
shit,wasn,1
could,maybe,1
amk,need,1
cam,digi,1
house,ok,1
ever,time,1
dry,last,1
like,outside,1
maybe,mum,1
alive,happy,1
pain,writhing,1
first,sight,3
meant,well,1
every,inside,1
like,til,2
timi,uncle,1
determine,smokes,1
staying,weekend,1
tb,test,1
everything,heal,1
breather,thank,1
ur,wen,6
bit,desparate,1
k,oh,1
hill,king,1
call,gets,1
ll,pay,2
around,hanging,1
guess,im,1
going,hey,2
didn,flow,1
blogspot,magicalsongs,1
bedroom,love,1
dreams,stars,1
asking,told,1
afternoon,starshine,1
6th,ur,4
luv,number,1
could,maybe,1
ok,throat,1
4,everything,1
account,bank,1
aa,followed,1
always,seemed,1
day,may,1
k,tomorrow,1
else,pushes,1
look,pretty,1
depression,heart,1
andros,ice,1
suite,xavier,1
4got,m,1
able,someone,1
drivin,wat,1
absolutly,fine,2
gal,park,1
fuckinnice,selfish,1
round,trip,1
mark,telling,1
last,probs,1
much,though,1
hour,like,6
come,otherwise,2
gt,reunion,1
gee,thgt,1
ger,toking,1
cal,unable,1
enjoying,semester,1
pls,right,12
utter,waste,2
could,time,1
able,pa,1
amp,traditions,1
exams,last,1
already,done,1
forgotten,might,1
last,thing,2
character,u,1
ask,suitemates,1
love,proove,1
hr,oni,1
crash,night,1
flies,time,1
always,feel,1
come,mu,1
fight,wit,1
relieved,westonzoyland,1
go2sri,lanka,1
fri,measure,1
rite,yet,1
guitar,jay,1
da,guys,1
nt,staying,1
call,muz,1
congrats,leaving,2
message,multimedia,1
around,usc,1
come,tell,1
god,miracle,1
something,sound,1
god,m,2
heart,m,3
believe,never,1
charge,please,1
2,crowd,1
always,tv,2
hospital,local,1
hangin,mr,1
4,tickets,1
inmind,u,1
going,sch,1
knew,u,2
chikku,hw,1
haha,m,1
enjoy,rest,1
call,like,1
live,smokes,1
c,lucky,1
said,walk,1
go,u,5
money,thts,1
come,fetch,1
2,files,1
text,tonight,1
told,wat,1
hope,really,1
pimples,ur,1
friends,true,1
4,sch,2
cold,heard,1
four,need,1
loads,sure,1
3,pa,1
enjoy,kaiez,1
ey,thinking,1
c,feels,1
srt,thnk,1
book,unless,1
brother,called,1
develop,quote,1
new,yrs,1
ppl,tell,1
dey,swell,1
dat,ve,1
hrishi,tell,1
like,seems,2
de,pls,1
cool,das,1
basic,deliver,2
fo,lunch,1
starts,uni,1
account,enters,1
minute,u,1
alone,time,2
amp,happy,2
great,hope,2
anyone,gals,1
fell,swoop,1
put,ready,1
cause,minutes,1
chikku,wait,1
den,dun,1
babe,go,2
k,tomorrow,1
food,pack,1
ask,mind,1
software,still,1
everyone,like,1
rules,talk,1
goodmorning,today,1
soon,violated,1
arises,question,1
limit,love,1
friend,haha,1
eat,muz,1
destination,reach,1
deal,great,2
o,well,1
3,prob,1
fight,u,2
african,soil,1
belly,filling,1
hour,much,1
right,road,1
thats,think,1
missing,sender,2
tell,u,5
better,car,1
haf,smth,1
doin,re,1
us,wanted,1
lmao,ok,1
silent,tensed,1
bar,fun,1
congrats,hey,1
dont,whatsup,2
cos,never,1
cause,months,1
grins,weaknesses,1
great,inpersonation,1
internet,thing,1
2,friend,1
may,rose,1
doc,since,1
go,oso,2
9,thru,1
dear,wat,1
grl,kodstini,1
erutupalam,thandiyachu,1
reslove,still,1
happy,sankranti,1
town,wesleys,1
gonna,phone,1
lesson,much,1
iter,n,1
friend,tyler,1
needs,ur,1
oreo,truffles,2
630,oredi,1
e,going,1
drinkin,m,1
heart,least,1
fish,taste,1
story,xmas,2
ambitious,bit,1
cleared,n,1
message,thanks,1
book,ticket,1
kate,love,4
anything,need,1
hopefully,ugh,1
oredi,ve,1
8,stylish,4
pleased,shelves,1
got,ya,1
film,yet,1
going,rumour,2
tonight,whenever,1
leaving,stuff,1
law,mother,1
5pm,apnt,1
come,want,1
pai,seh,1
day,long,1
happen,say,2
forever,prescription,1
2nd,nature,4
guess,usf,1
first,slow,1
dear,friends,2
easy,max,1
mate,stuff,1
good,way,1
nevr,wil,1
like,pic,1
goodnite,true,2
k,m,6
heart,putting,1
shoving,tired,1
reliant,self,1
buy,tell,1
jazz,zoom,1
rather,text,1
fingers,makes,1
g,m,1
babe,missed,1
bang,kochi,1
pls,pls,8
bakra,msg,1
pay,salary,1
nothing,problem,2
great,later,1
day,half,1
gt,use,1
mate,r,1
love,marriage,1
impatient,really,1
ams,xx,1
2,sleeping,1
booked,things,1
bout,talking,1
appreciate,keeping,1
cant,mis,1
grand,still,1
since,weekend,1
blessings,endless,1
boss,re,1
long,night,1
da,sleeping,1
good,mornings,1
ham,jolly,1
happy,ym,1
ed,hello,1
feel,found,1
travel,visit,1
modules,taking,1
neva,u,1
almost,hey,1
computer,filling,1
contact,deleted,1
u,ve,1
great,ll,2
driving,registered,1
meet,v,1
correctly,rem,1
great,prey,1
important,v,1
enough,tosend,1
good,party,1
u,yest,1
call,khelate,1
role,thinl,1
lei,photos,1
go,relax,1
dis,recreation,1
2day,film,1
hi,m,2
rang,u,1
babysit,call,1
cos,faster,1
didn,luckily,1
money,send,1
coming,early,1
anybody,number,1
n,shit,1
want,wat,2
fever,fine,1
art,class,1
lately,text,1
every,smoke,1
hope,wind,1
crazy,everyboy,1
dont,mean,1
problem,south,1
got,raiden,1
lucky,none,1
7ish,center,1
6pm,till,1
damn,make,1
dear,sad,1
get,see,1
9,ready,1
ill,xmas,1
boy,ur,1
cal,wil,1
15pm,5,1
cuddle,would,1
photos,sexy,1
amp,dreams,2
open,rebtel,1
best1,clos1,3
fullonsms,visit,2
getting,unless,1
kickboxing,pilates,1
aft,show,1
av,hell,1
caring,intelligent,1
im,late,1
see,ve,1
goes,love,5
take,us,2
ll,sch,1
despite,fact,1
d,frnt,1
scrounge,try,1
convinced,get,1
enough,stop,2
apeshit,going,1
holding,wish,1
30,wanna,2
got,got,1
money,use,1
eaten,lion,1
drive,text,1
broke,didnt,1
bold,want,1
key,window,1
orange,say,1
brah,finished,1
falls,lucky,1
last,shit,1
found,ve,1
dont,started,1
done,time,1
daywith,waking,1
another,day,5
cream,hair,1
fun,night,1
ajith,film,1
getting,great,1
3wks,pls,1
gets,tomorrow,1
installing,without,1
someone,think,2
lick,want,1
lt,special,1
eating,got,1
shit,thought,1
day,wanted,1
birds,gift,1
da,intro,1
cappuccino,sips,1
give,plus,1
ego,reason,1
happened,special,1
come,want,13
_,us,1
fucks,sake,1
putting,start,1
cold,warm,1
illness,means,2
getting,nothing,1
chase,come,1
alwys,frnds,2
ard,hop,1
get,won,1
8pm,going,1
r,smiles,1
haha,yeah,2
openin,sentence,1
care,wil,1
clear,make,1
somethin,want,1
rightly,said,2
ask,vava,1
different,weekends,1
anything,secure,1
get,involved,1
ola,wit,1
7,woke,1
ok,quite,2
dats,straight,1
bit,messed,1
night,spent,1
take,ur,3
didn,set,1
later,leh,1
search,tonite,1
e,mrt,2
picking,swoop,1
though,town,1
9ja,something,1
come,worry,1
pass,rather,1
got,part,1
telugu,thts,1
n,ternal,1
haf,ll,2
go,rush,1
cash,speaking,1
morning,tomo,1
apply,nd,1
anyway,confused,1
apology,texting,1
da,evening,1
exciting,karaoke,1
dont,ppl,1
d,hurried,2
stu,wot,1
solihull,want,1
back,tonight,1
dsn,emotion,1
bck,please,1
around,cyclists,1
go,lar,1
tell,wont,2
buying,today,1
4,week,1
already,foned,1
astronomer,moon,1
also,tell,1
day,remember,1
fine,sure,1
missing,name,2
deciding,get,1
early,hor,1
later,n,1
n,power,1
40mph,hey,1
lookin,strong,1
def,wont,1
4,waking,1
thgt,u,1
grl,madstini,1
ll,need,1
october,the4th,1
nice,v,3
opted,ur,1
back,good,1
named,tampa,1
coz,man,4
later,though,1
really,school,1
gap,outside,1
da,next,1
cheer,fit,1
in2,pub,1
bring,us,2
merry,n,1
need,study,1
following,fox,1
little,ready,1
urgent,vry,3
friend,room,1
set,ve,1
normal,way,1
buy,text,1
also,hilarious,1
around,start,1
lovers,supreme,1
lt,mu,1
ing,tm,1
broke,list,1
2gthr,happily,2
stated,watch,1
problems,sent,1
birla,soft,3
gonna,ring,2
e,lesson,1
find,u,2
hey,really,1
left,winterstone,1
new,things,1
bhaskar,meet,1
hour,re,1
255,iriver,1
8th,m,1
oso,rite,2
new,way,1
carlos,dealer,1
many,slices,1
pee,text,1
e,mountain,1
b,wun,3
calling,u,1
hiding,u,1
cant,go,1
even,tomorrow,1
2nd,bat,2
night,sweet,2
massages,use,1
everything,want,2
function,marriage,1
care,yes,1
send,wont,1
certainly,think,2
far,walkabout,1
b4,leave,2
anything,happened,1
go,leave,1
get,wil,1
doggy,hook,1
left,sorry,1
lor,ok,22
also,r,1
bring,year,1
kiss,want,1
re,slacking,1
got,lessons,1
4,fr,1
annoying,day,1
ok,vl,1
feel,others,1
latest,probably,1
book,cheap,1
_,get,1
6,lesson,1
bevies,waz,1
beneath,somewhere,2
friend,remember,1
know,noon,2
pongal,ticket,1
clean,heart,4
feel,nauseous,1
come,lunch,1
n,v,1
ill,sucks,1
hi,please,1
k,wat,2
joined,ve,1
break,great,1
credit,shit,1
mummy,net,1
4,5,1
95,pax,1
1,worry,1
mrt,orchard,2
also,dear,1
attended,nothing,1
happy,makes,1
bed,lonely,1
really,tot,1
line,rest,1
eat,go,1
day,valentines,6
al,sir,1
anything,valuable,1
hav,vikky,1
message,saw,2
group,tot,2
finds,hope,1
ages,seen,1
issues,right,1
day,rich,1
difficult,makes,1
ask,wont,1
friday,morning,2
cancel,friend,1
day,independence,1
hope,scotland,1
car,please,1
deliver,know,1
sometime,soon,1
25,n,1
fights,much,1
acknowledgement,get,1
carry,wan,1
armand,light,1
_,soon,1
bstfrnd,swtheart,3
babe,fuck,3
_,lei,1
get,sleep,1
play,tell,1
slow,v,1
felt,like,1
gentle,slow,1
asus,hopefully,1
ll,mu,1
imagine,ve,1
leave,none,2
hi,technical,1
im,suffering,1
magazine,telephone,1
dead,well,1
dramastorm,particular,1
lol,well,2
amount,oh,1
dime,gives,1
house,let,1
ill,ok,3
gt,k,5
clas,driving,1
actually,could,1
7pm,college,1
believe,things,1
aboutas,much,1
much,wish,1
juan,never,1
might,well,1
cousin,tram,1
k,late,1
history,u,1
back,lt,1
brings,lie,1
excellent,process,1
jeans,thk,1
cn,u,2
prob,u,1
autocorrect,lousy,1
oso,sian,1
bare,cant,1
gets,week,1
jeans,wear,1
everyone,seen,1
driving,training,1
bath,put,1
cupboard,ur,1
4,pavanaputra,1
father,phone,1
hope,monster,1
cause,thread,1
always,saying,1
d,msgs,2
de,salary,1
2,2nite,2
cancel,never,1
ll,thk,1
haha,think,1
need,pay,1
meat,pizza,1
grl,kodthini,1
2,haf,5
buy,car,1
blessing,wonderful,1
port,step,1
others,took,1
dontmatter,town,1
ur,wat,1
lunch,tmr,1
ll,soon,1
choose,stranger,1
drive,em,1
cut,said,1
english,wil,1
really,starting,1
lei,next,1
sir,u,1
fault,gt,1
day,dudette,1
bed,well,1
old,shouldn,1
sleeping,wif,1
cos,noe,1
fuckin,look,1
accept,u,3
lar,mayb,1
get,way,3
continent,u,1
day,slept,1
5,min,3
2,today,1
hey,rite,1
movie,ok,1
ex,la,1
laugh,things,1
juz,tt,1
ago,hour,1
hasnt,journey,1
anyway,weeks,1
meet,sunoco,1
2,bitch,1
always,ur,1
_,fetching,1
studying,u,1
makes,people,3
dreams,miss,1
fast,lt,1
see,ya,4
bad,wasn,2
forward,karo,1
hurting,n,1
gee,today,1
ask,travel,1
den,month,1
barcelona,way,1
come,dint,1
next,sun,1
ah,sugardad,1
care,sweet,2
die,loneliness,1
didnt,year,1
favorite,oyster,1
doin,u,3
abt,behind,1
lei,say,1
cool,iknow,1
cstore,gt,1
every,five,1
often,time,1
cosign,today,1
appreciate,safe,1
talk,wont,1
fusion,n,1
girls,u,1
u,wn,1
hides,second,1
ing,tm,1
melody,years,1
every,projects,1
leona,still,1
wait,want,1
alrite,everything,1
urgent,works,1
golden,lies,1
1000s,texts,1
cant,even,1
u,wat,3
big,rawring,1
big,things,2
left,words,1
bathroom,sup,1
alone,wants,1
jenny,love,1
den,liao,1
evrydy,moral,2
get,yoville,1
gt,jan,1
drugdealer,hi,1
dat,keep,1
bak,college,1
hair,u,2
movie,tonight,1
ll,uncle,1
friday,m,1
roommates,took,1
better,thought,1
gossip,l8r,1
love,person,1
lol,luckily,1
elaya,varaya,1
comedy,fancy,1
probably,someplace,1
ready,thursday,2
believe,wat,2
access,today,1
ok,wun,1
ar,work,1
expecting,money,1
able,busy,1
easy,ingredients,1
smiling,think,1
boy,online,1
gud,years,1
bit,bored,2
see,wait,3
alex,sure,1
medical,right,2
next,wed,1
2,put,4
especially,great,1
d,like,1
sorry,vikky,1
got,things,3
know,lab,1
somewhere,tookplace,1
crore,gt,1
mark,taking,1
ever,talk,1
joy,lots,1
allah,meet,1
call,landline,2
ok,right,1
beloved,name,1
stop,won,1
car,thk,1
going,mum,1
2,start,1
cant,close,1
lacking,particular,1
liao,u,4
car,today,1
sir,wife,3
m,wait,1
tallent,wasting,1
mr,took,1
set,stone,1
failed,test,1
right,smile,1
moral,msg,3
okay,soon,1
like,pay,1
nope,since,1
morning,mum,1
leh,syd,1
2,great,1
dunno,jus,1
week,woot,1
confuses,things,2
get,wait,1
hype,news,1
billy,good,1
ask,way,1
decide,difficult,1
_,hadn,1
shit,tolerance,1
9,working,1
answers,pls,1
dino,prem,1
killing,pain,1
must,pack,1
f,girlfrnd,3
agree,stop,1
feel,know,1
help,really,1
home,sch,1
fixed,gpu,1
think,yeah,2
id,luv,1
friends,ur,8
job,lazy,1
mas,x,4
ok,varunnathu,1
beforehand,shower,1
ate,honey,1
boy,late,2
love,online,1
go,unrecognized,1
going,round,1
thanksgiving,til,1
hiphop,scared,1
nice,ready,2
late,tomorrow,1
give,u,6
fit,soo,1
awake,snow,1
waited,yesterday,1
ran,younger,1
could,die,1
dis,sem,1
happen,long,1
hear,philosophy,1
disastrous,slightly,1
liao,m,1
feeling,main,1
file,someone,1
go,hospital,2
begin,year,1
life,way,1
laugh,really,1
dad,fetching,1
brother,fly,1
day,perfect,1
m,nevering,1
11,live,1
go,going,1
7,pm,1
owe,ten,1
10,_,1
also,remember,2
song,today,2
pub,sure,1
becomes,finally,1
another,reaching,1
come,well,1
heart,life,2
330,tuition,1
got,shit,1
7,gt,3
ok,part,1
stuff,tell,1
album,unknown,1
kidz,parents,4
movie,telugu,1
option,sounds,1
celebrate,days,1
q,v,1
arms,every,1
heat,pa,1
today,went,1
enjoy,lol,1
see,tomorrow,5
ability,listen,1
didn,far,1
many,mistakes,1
2,thk,1
first,offense,1
offline,sent,1
clos1,lvblefrnd,3
perform,really,1
port,staying,1
buy,liquor,1
2,ur,2
guild,ll,1
accounts,executive,2
computational,science,1
boy,gold,1
telling,ya,1
answer,someone,1
carlos,says,2
hair,need,1
inform,pleased,1
available,mid,1
b,late,1
5,terror,1
big,k,1
ah,wat,1
around,happen,1
samus,shoulders,1
even,forgot,1
drive,time,1
_,finish,2
helpful,something,1
left,miss,1
ericsson,sony,1
astne,chikku,1
coimbatore,course,1
steamboat,u,1
able,get,3
asked,hw,2
gt,refund,1
frontierville,get,1
pics,took,1
ad,row,1
food,pretty,1
phyhcmk,sg,1
choose,colour,1
show,whole,1
muz,thk,2
gayle,wanna,1
2moro,needs,1
see,suppose,1
dear,reach,1
lie,means,1
mobile,new,1
c,done,1
catch,something,1
dan,even,1
3,marry,1
send,stop,1
driving,time,1
nic,sam,1
mon,n,1
ll,references,1
finished,making,1
mean,serving,1
hdd,ur,1
first,lesson,1
happy,ishtamayoo,1
finish,u,7
worse,woulda,1
hair,styling,1
also,differ,1
hypertension,oh,1
mind,ur,1
come,ur,3
much,n,1
sit,together,1
better,yi,1
dog,vomiting,1
call,cause,1
didn,thought,1
frnds,valued,2
listen,told,1
dude,makin,1
aiya,lar,1
symptoms,u,1
doesnt,text,1
champ,hows,1
please,u,1
j,love,1
book,see,1
deliver,month,1
moseley,weds,1
already,bought,1
guy,situation,1
apologetic,n,1
cud,m,1
though,understand,1
adventure,nature,2
current,month,1
latr,minuts,5
2,lead,1
much,would,2
hasn,kadeem,1
nice,shirt,1
hor,noe,1
closed,including,4
mean,re,1
never,y,1
need,ok,2
bat,wont,1
addie,think,1
father,john,4
good,one,1
dear,mrng,4
u,wid,7
know,things,1
allday,u,1
friend,smoking,1
gd,hav,1
bc,cysts,1
broken,english,1
forget,smile,1
switch,u,2
many,movies,1
support,u,1
money,pick,1
long,side,1
amount,monthly,1
lor,w,1
gt,street,1
know,missed,1
soup,yummmm,1
last,spent,1
duo,great,1
luv,ya,1
amp,smiley,1
get,shadow,1
busy,u,1
kinda,remember,1
month,next,1
curfew,gonna,1
difficult,holiday,1
one,reflex,1
achieve,tui,1
birthday,truly,1
kavalan,minutes,2
living,simple,2
red,red,2
48,tb,1
cool,last,1
cash,influx,1
answers,fighting,1
neva,really,1
pleased,u,1
goodo,one,1
alright,ffffffffff,1
get,monthly,1
funky,shit,1
birthday,know,1
2go,thanx,1
anybody,let,1
aiyah,computer,1
also,simple,2
cant,scary,1
black,pants,1
sent,want,2
come,pa,1
gonna,miss,1
_,add,1
message,proof,1
afternon,love,1
book,perhaps,1
good,holiday,1
next,show,1
number,save,1
eggs,obviously,1
final,yr,1
carlos,money,1
employer,paperwork,1
pop,tootsie,1
ganesh,went,1
2,live,1
kind,time,1
later,somethin,1
abdomen,gynae,1
2,join,1
finished,yes,1
let,u,1
4get,lets,1
fine,got,1
constantly,things,1
j,keep,1
boytoy,geeee,2
6,tue,1
got,like,2
award,performance,1
able,ll,2
resolution,waiting,1
mu,sao,1
doggy,oral,1
pass,time,1
hi,wesley,1
2,called,1
actually,know,1
fuck,ll,1
hassling,news,1
rakhesh,sometime,1
anything,room,3
d,lift,3
check,dlf,1
chuckin,ur,1
boys,yahoo,1
2,feel,1
could,show,1
make,sure,1
choice,den,1
ll,raise,1
joke,ogunrinde,1
home,midnight,1
project,started,1
move,said,2
dat,e,1
decide,eat,1
b,going,5
_,tell,2
ammo,want,1
2,erupt,1
may,meaningless,1
forgot,working,1
office,way,1
accordin,go,1
attached,believe,1
evn,v,1
d,transfr,2
3g,gt,1
nobody,town,2
get,move,1
kisses,xxx,1
really,win,1
family,may,1
us,w,1
auto,nationwide,1
rakhesh,thanks,1
missed,one,1
different,go,1
perspective,things,1
please,shola,1
x,x,3
big,sale,1
mine,really,1
2,come,5
last,practice,1
friend,lists,1
mokka,players,2
lor,sony,1
stuff,weeks,1
everything,y,2
go,nagar,2
contact,indyarocks,1
n,oble,1
goes,work,1
class,coming,1
fire,hair,1
m,talk,1
free,need,3
could,somewhere,1
many,messages,1
dat,u,2
spend,weed,1
panic,starting,1
bt,plane,2
lt,test,1
dats,yo,1
together,us,1
busy,census,1
entrepreneurs,like,1
ok,prob,5
couple,times,2
hoping,short,1
gastroenteritis,worse,2
like,wouldn,1
happy,heart,3
house,meet,1
see,wrecked,1
installation,successfully,1
please,work,3
cookies,even,1
pa,selected,1
answering,anything,1
totes,yeah,1
arrival,time,1
expired,grandfather,1
pm,vikky,1
looking,shu,1
go,lor,5
gonna,last,1
b4,liao,1
amp,lt,1
ploughing,way,1
drop,wants,1
right,show,1
6,months,1
realized,wil,1
exam,stunning,1
ok,pain,1
come,like,1
qatar,rakhesh,1
almost,done,1
ip,would,1
stereo,turns,1
else,yar,1
booked,kb,1
grooved,yeah,1
lap,room,1
back,goes,2
boston,talk,1
ext,hospital,1
call,would,1
gt,url,3
day,tomorrow,1
bus,got,1
lt,request,1
bluray,player,1
believe,selfindependence,1
excuse,got,1
gt,lakhs,1
lined,us,1
didn,really,1
hun,onbus,1
typical,ur,1
gauge,patty,1
body,usually,1
home,phone,1
careful,spk,1
important,understand,1
could,heart,1
home,little,1
dollar,gt,1
change,gotta,1
let,none,2
cos,give,1
curry,fish,1
free,go,1
lovers,marry,1
nobody,reasons,1
new,stuff,1
msg,tiz,1
c,finished,1
gr8,slowing,1
two,weeks,1
til,wait,4
pose,see,1
balance,rs,2
go,longer,1
greet,kind,1
dinner,go,2
job,m,1
careful,ok,1
fusion,nuclear,1
something,want,1
buy,masters,1
hows,school,1
nw,plz,1
jus,yest,1
nite,pocay,1
caring,person,1
dream,good,1
girl,hope,1
feel,lets,1
broke,said,1
fine,hope,2
doesn,start,2
loves,really,2
apparently,bffs,1
else,everything,1
cud,pick,1
home,kiss,1
since,took,1
driving,years,1
oh,printed,1
1,2,6
2,time,1
tell,text,1
pix,want,1
laundry,throw,1
cereals,like,1
pub,village,1
really,skateboarding,1
cool,text,4
another,wahay,1
attached,group,1
drive,u,1
like,weird,1
m,paying,1
back,though,1
change,want,1
amp,drive,1
happen,would,1
pls,urgent,1
e,salon,1
hides,thousands,1
papers,passed,1
bye,ok,1
comes,comes,1
lark,work,1
meet,wat,1
need,online,1
dokey,swashbuckling,1
obviously,people,1
management,puzzeles,1
speak,wont,1
bt,lose,3
even,times,1
ever,get,1
_,see,1
sure,trying,1
come,dont,1
love,xmas,2
since,ve,1
hey,thk,1
good,wld,1
family,wit,1
spending,spent,1
go,thinking,1
uh,yeah,1
add,pages,1
blanket,paper,1
antelope,bird,1
play,trains,1
last,touch,1
good,times,1
fun,workage,1
lt,murdered,7
thirunelvali,tirunelvali,1
parents,something,1
mark,sucks,1
lor,sis,3
murder,time,3
play,word,2
lar,ok,4
car,parked,1
could,thought,1
going,suggest,1
accept,didnt,1
4,sentiment,1
looking,ok,1
hon,lab,1
lei,v,1
b,gonna,1
mind,saying,1
said,shirt,1
decided,xavier,1
football,playing,1
lesser,love,1
drink,us,1
dha,marrge,1
act,still,1
dreams,sweet,9
special,tired,1
new,one,1
pints,two,1
amp,happy,3
long,take,1
ileave,shall,1
covers,energy,1
madodu,nav,1
cld,drink,1
messages,since,1
dress,shop,1
appy,drink,1
monday,nxt,1
hi,jess,1
fine,juz,1
2,cuz,1
tape,video,1
functions,thnk,1
drug,lots,1
2morow,hos,1
keep,sacrifice,1
absence,realized,1
idu,siguviri,1
money,money,2
planning,usually,1
dude,teresa,1
coin,question,1
din,lor,1
side,u,1
baby,ur,1
another,two,1
3miles,day,1
leave,may,1
abi,saying,1
pick,surely,1
smoke,xavier,1
like,made,1
essay,xx,1
big,could,1
n,understood,1
first,served,1
get,leave,1
reply,wating,2
nigeria,predicte,1
leave,today,1
information,sensitive,2
got,love,1
dont,fret,1
need,test,1
loveme,soonlots,1
den,weekdays,1
also,cos,1
sept,talk,1
get,hit,1
huh,show,1
finish,lunch,2
confirm,gt,2
specialisation,work,1
good,later,1
doesdiscount,ikno,1
fuck,whatever,1
open,rub,1
nxt,time,2
something,swan,1
cause,morphine,1
never,play,1
closer,takes,1
aftr,today,1
may,never,1
1,number,1
dine,wine,1
sure,whenever,1
dentists,hour,1
dude,fuck,1
another,time,1
dad,map,1
late,night,1
clue,spanish,1
heart,ur,6
mini,next,1
send,want,4
becz,lovers,1
blood,ok,1
dressed,white,1
april,certificate,1
hostel,siva,1
didntgive,ya,1
hard,search,2
cos,missin,1
2,watch,1
actual,exam,1
help,propose,1
last,second,1
1843,2,1
7oz,mother,1
know,wot,2
call,please,9
bed,long,1
babe,fucking,1
like,time,1
invite,trying,1
da,photos,1
let,smiling,1
know,personally,1
1,bt,2
least,tell,2
practical,something,1
awesome,payback,1
mi,phone,1
11,come,1
rd,traffic,1
birthday,kotees,1
ritten,stuff,1
ends,tt,1
life,sambar,1
_thanks,see,1
day,would,1
forgotten,guy,1
die,n,1
shows,tv,1
catch,want,1
crazy,stuff,1
ass,facebook,1
big,give,1
3,hrs,1
mentioned,venugopal,1
dare,sell,1
clever,simple,1
ill,little,1
century,gt,1
anal,dirty,1
model,num,1
dont,ignore,1
advance,apologise,1
ok,wkend,1
copy,cos,1
hurry,ve,1
hair,long,1
qatar,tonite,2
dat,sure,1
evening,home,2
met,walkabout,1
least,night,1
gt,seconds,2
21st,instead,1
govt,instituitions,4
steamboat,suntec,1
event,somewhat,1
day,liao,1
dont,tho,1
experience,understand,1
2,number,1
amp,music,3
bunkers,walls,1
dad,time,1
dun,u,1
gud,ones,1
come,tell,2
advice,great,1
_,gotta,1
pehle,se,1
last,remember,1
7,realised,1
forward,lots,1
inst,software,1
gaze,ladies,1
hurt,misbehaved,2
cold,m,1
beautiful,necklace,1
home,wanna,1
go,thought,1
instead,platt,1
get,hep,1
anything,thk,1
queen,wishing,1
lol,m,1
groovy,wine,1
birla,placed,1
alright,way,1
dream,sleep,1
tired,travel,1
movie,u,1
slow,wat,1
cute,thought,1
asleep,til,1
earlier,told,1
abt,discuss,1
salam,sir,1
back,pay,4
darren,longer,1
chikku,gud,1
many,talents,1
fine,thats,1
feeling,lazy,1
weed,week,1
alone,want,1
boy,good,1
heart,wherever,1
0125698789,ring,1
exciting,something,1
emotion,evry,1
like,trying,1
back,holla,2
da,meeting,4
previous,problem,1
alright,thats,1
grins,pushes,1
makes,senrd,1
came,hostel,3
baby,thought,1
another,fireplace,1
italian,watched,1
feel,really,1
sorry,trouble,1
ikea,str,1
neva,set,1
newquay,send,1
buy,many,1
missed,years,1
d,sweetest,3
btw,carlos,1
bk,put,1
busy,though,1
admin,contact,1
ago,liao,1
asia,china,1
favour,time,1
r,time,3
surya,watching,1
adewale,mr,1
m,serious,1
chat,youwanna,1
management,office,1
juz,wan,1
6,8,1
something,work,1
direct,link,1
early,lets,1
price,ur,1
gives,space,1
knowing,tell,1
good,looking,1
dunno,juz,1
created,god,4
first,mad,1
lei,thk,1
hurt,tease,2
babe,night,1
excuse,gym,1
cold,nothing,1
dream,love,2
give,way,1
art,dice,1
next,two,1
r,w,1
free,re,1
michael,spiral,1
details,know,2
130,iriver,1
buy,shelf,2
feel,feel,1
gpu,replacement,1
getting,jay,1
peeps,using,1
got,woman,1
dreams,without,2
even,windows,1
al,post,1
like,single,1
car,dad,1
anyone,lt,1
better,could,1
account,prepaid,2
send,wrongly,1
enjoy,role,1
andres,money,1
much,payed,1
fuck,merry,1
got,space,1
b,shld,2
opinion,ur,2
eight,ok,1
go,think,2
lect,ur,3
mayb,time,1
cafe,go,1
amp,lesson,1
maybe,shame,1
hopefully,month,1
late,since,1
2,tv,2
home,working,1
3,companion,1
day,goes,3
kind,thing,1
bath,drink,1
keep,something,1
home,way,1
goin,got,1
u,work,3
pm,show,1
called,os,1
best,frnd,1
hand,second,1
oredi,sch,1
history,past,1
_,send,2
specific,way,1
aburo,countin,2
like,telling,1
amp,kick,3
7,abt,1
need,still,5
basically,good,2
day,mojibiola,1
ll,portal,1
much,tomorrow,1
knackered,m,1
rice,yam,1
subtoitles,supposed,1
princess,want,4
mary,meant,1
ll,smoke,1
good,ni8,1
dear,lots,1
nelson,tell,1
day,good,1
good,problem,2
bring,wednesday,1
barrel,shower,1
feel,guilty,3
listening,songs,1
evening,nice,2
slow,sometimes,1
pick,says,1
fuck,morning,1
supposed,u,1
n,tell,2
things,year,1
city,showrooms,1
2,take,2
bed,likely,1
asked,oh,1
ready,week,1
e,second,1
oh,really,1
2,write,1
re,start,1
2,u,14
money,need,1
campus,see,1
amp,goodnight,2
detroit,home,1
like,story,1
taking,thanx,1
116,need,1
assumed,worst,1
ever,happened,1
life,surely,1
limping,slowly,1
campus,roomate,1
hav,mite,1
important,reply,1
cine,end,1
minutes,text,1
cos,might,1
like,pie,1
ok,wat,2
treat,u,1
lot,spin,1
fujitsu,ibm,1
decide,whats,1
1,postcard,1
diet,flew,1
pa,talk,1
m,starving,1
subletting,time,1
simply,sitting,2
cheer,tear,2
hav,hope,1
angry,dear,1
2,reply,2
people,ve,1
order,total,1
like,wrong,1
every,morning,2
n,shower,1
full,pooja,1
darlin,hey,1
invest,u,1
park,village,1
c,ok,3
scrappy,yelling,1
drum,n,1
thats,today,2
address,apples,1
princess,thing,1
happy,onam,1
lot,turns,1
brother,role,1
idk,m,1
eve,ok,1
c,got,1
calls,missed,3
days,many,1
life,part,1
anti,social,1
check,sorry,1
gonna,massive,1
let,tiime,1
settled,ve,3
fails,much,2
checking,place,1
adjustable,cooperative,1
1,look,1
enjoy,welcomes,2
like,stuff,2
flash,guy,1
ashley,send,1
darlin,hi,10
hope,used,1
lt,versus,1
freek,wont,1
geeee,need,1
building,might,1
others,standing,1
place,want,1
black,m,1
something,u,1
ahhh,work,1
fetch,n,1
checking,online,1
helens,im,1
made,wait,1
4,hrs,1
meant,shining,1
gone,last,1
formally,today,1
line,nice,1
awesome,plan,1
next,year,1
pls,tessy,3
row,twice,1
u,wishing,1
else,nothing,1
certainly,mind,2
aftr,come,1
babe,callin,1
m,thats,1
anything,lar,2
change,needs,1
onam,sirji,1
collapsed,university,1
3,bill,1
shoes,sorry,1
7,ard,1
helen,lots,1
lips,yummy,1
daddy,take,1
january,th,4
sec,u,1
journey,let,1
dat,y,1
call,say,1
safe,selfish,1
haha,okay,1
hesitation,n,1
n,push,1
hello,hi,1
dear,look,1
bag,cheetos,1
1cup,milk,1
da,wanna,2
gee,thanx,1
boytoy,send,1
msg,next,1
love,miss,2
find,hope,1
hard,true,1
da,nalla,1
_,head,1
could,decide,2
abi,canada,1
mids,terms,1
hey,werethe,1
late,quite,2
d,fast,2
also,forgot,1
tried,yet,1
baby,cant,1
busy,much,1
anyway,help,1
cuz,fixed,1
dont,stop,1
ur,whenevr,1
cbe,really,1
oh,sorry,1
bout,da,1
hows,mate,1
ready,sure,2
4,sis,1
luvs,some1,2
brilliant,r,4
4,lesson,1
embarassed,laugh,1
ll,tough,1
looked,places,1
cute,good,3
count,friends,1
next,themes,1
covers,love,1
nimya,pls,6
good,k,3
nice,quite,2
3d,dl,1
asthma,attack,1
disclose,share,2
finally,forward,1
adore,know,1
building,map,1
back,sun,1
home,rush,1
sending,thanks,1
feel,sad,1
amount,taking,1
love,mmmm,1
gon,hav,1
hv,shortage,3
n,tot,1
thought,wanna,1
shall,start,1
probably,still,2
saturday,ticket,1
give,small,1
kate,u,2
gets,twelve,1
already,meet,1
day,leaf,1
job,time,3
january,public,4
gong,u,1
life,pockets,1
id,pa,1
send,tomorrow,1
lol,need,1
prayrs,u,1
ll,thing,1
read,something,1
tel,year,1
census,next,1
case,put,1
got,smaller,1
ill,right,1
hanks,lotsly,1
fro,wherever,1
hear,m,1
got,outta,2
helping,isn,1
fix,ready,1
problem,thing,1
u,wit,2
ah,go,2
lor,sad,1
completely,sorry,1
frankie,n,1
know,weight,1
chikku,k,1
better,fixed,1
brings,tear,1
always,brainy,1
ever,wow,1
foot,sense,1
say,word,2
change,need,2
back,home,4
happy,job,1
babe,one,1
enuff,haf,2
great,one,1
go,lunch,1
batt,change,1
ah,late,1
oh,oh,2
babe,long,1
9am,tour,1
look,nice,1
give,kvb,1
finished,painting,1
dont,plz,1
amount,feb,1
joking,lar,1
bad,princess,1
join,want,1
care,without,1
m,sth,1
dudes,raping,1
point,stuff,1
love,moji,1
generally,tactless,1
discussed,wat,1
get,voice,1
borin,without,1
know,lot,1
love,today,1
quite,yeah,1
hav,yeah,1
docs,unlike,1
paying,school,1
cant,catch,1
nxt,started,1
going,mall,1
feeling,wavering,1
call,customer,1
b,guy,1
bathe,bathing,1
gone,outstanding,1
gonnamissu,im,1
come,pls,1
area,urgnt,1
baby,good,1
m,money,1
china,noisy,1
make,muz,1
clear,still,1
bank,call,2
april,ok,1
lol,pieces,1
name,seeing,4
send,yetty,1
pass,stagwood,1
luv,send,1
bomb,thanks,1
leave,maybe,1
cos,slippers,1
different,things,1
3,wife,3
cry,often,1
back,like,1
2,watevr,1
sleeping,xavier,1
lovely,shall,1
best,could,1
month,time,1
sure,u,3
hmm,well,1
go,quickly,1
btw,lunch,1
make,say,1
holy,living,1
stretch,whole,1
late,yest,1
love,sweet,1
sleeping,wrld,1
hey,project,1
icic,k,1
birla,round,1
ak,new,1
finish,ll,1
elaine,hi,1
9,e,1
back,jess,1
royal,talk,1
5,ard,1
2nite,guys,1
hello,peach,1
love,wow,1
going,robinson,1
24th,deliver,1
dreams,u,1
landing,sell,1
house,leave,4
enuff,go,1
meeting,re,1
da,hme,1
brings,smile,1
doin,r,1
dont,opener,1
_,sense,1
impede,things,1
ave,x,1
1,cbe,1
canteen,da,1
loo,popped,1
lunch,today,3
give,repair,1
bus,text,1
accidentally,left,1
bringing,money,1
ain,guessin,1
couple,give,1
simple,simple,2
hey,saying,1
behave,may,1
morning,tomorrow,3
almost,home,1
bored,v,1
bandages,winds,1
deep,great,1
poker,u,1
school,year,2
like,ran,2
someone,stays,1
available,spaces,1
da,gt,1
every,king,1
home,one,1
exam,march,2
go,place,1
go,sch,1
gays,mean,1
juz,tot,1
ur,welcome,1
dont,thing,1
e,put,1
come,house,1
c,u,9
macho,question,1
like,see,1
mtnl,service,1
jus,u,1
get,trouble,2
give,miss,1
buyers,list,1
brah,right,1
fr,sch,1
oic,saw,1
childish,smile,1
hair,lots,1
think,u,6
always,m,8
arent,bright,1
loving,simple,2
get,throw,1
developed,ovarian,1
ask,wrong,1
bugis,oso,1
done,oredi,1
kiss,sea,1
exeter,still,1
dear,loving,1
lookin,mum,1
anything,saying,2
get,man,1
constantly,want,1
lor,workin,1
hop,open,1
machan,waiting,1
fine,r,1
expensive,rent,1
angry,time,1
home,way,5
4u,b,1
last,m,1
far,go,1
unfortunately,ve,1
knows,phone,1
quality,wins,1
bawling,right,1
al,whn,1
disk,hard,1
results,test,1
behind,ourbacks,1
coming,u,5
cancer,day,1
sentence,want,2
basically,time,2
dad,wake,1
finished,missing,1
missing,sometext,1
driving,stay,1
forum,printed,1
isnt,jiayin,1
another,mess,1
sleep,went,1
away,ugh,1
better,u,4
awesome,minute,2
blackberry,bold,2
ans,u,2
_,askin,1
john,name,2
fuck,love,1
m,thing,1
_,finish,1
driving,usf,1
haha,take,1
dont,panic,1
missing,pray,1
lol,phone,1
india,poor,1
fool,like,1
e,name,1
dint,touch,1
d,feel,1
regret,thanks,1
babyjontet,bloody,1
n,true,4
1,4,1
going,practice,2
custom,want,1
know,won,1
2,forgot,3
send,slow,1
india,rang,1
happy,lessons,1
later,library,1
totes,u,1
fine,send,1
da,goto,1
kind,soup,1
friday,wait,1
process,voice,3
6,spl,4
muchxxlove,soo,1
beware,frauds,2
splleing,tihs,2
call,tell,1
passport,smth,1
mileage,olayiwola,1
6,eve,1
month,rewarding,1
cos,mate,1
record,track,1
desperate,m,1
someone,ur,1
k,placement,1
jenny,xxx,1
april,cant,1
aretaking,myparents,1
bone,even,1
grins,keep,1
difficult,simple,2
bank,plus,1
bed,get,1
_,ll,3
nimya,wishes,6
one,ta,1
profile,seems,1
could,seen,2
enketa,pathaya,1
cttargg,cttergg,1
drivby,hello,1
car,sunroof,1
armand,least,1
chief,give,1
bring,u,1
getting,owed,1
frnd,hi,1
saw,top,1
fine,well,2
barely,enough,1
everything,know,1
sat,something,1
finished,yeah,1
come,wan,1
first,person2die,1
seriously,take,4
basic,yoga,1
ladies,shorter,1
crammed,full,1
got,lo,1
names,penis,1
lazy,though,1
embarrassed,mushy,1
finishing,im,1
vote,wherever,1
ll,sucks,1
seen,u,1
mind,u,2
go,haha,1
im,morning,1
comin,im,1
hv,urgent,3
_,reaching,1
weekend,wot,1
go,walmart,2
sleeping,still,1
400thousad,60,1
filled,tuth,1
asked,mm,1
school,sister,1
even,go,1
church,u,3
dont,stop,1
feeling,sleepy,1
frens,lei,1
like,sent,2
ask,work,1
needs,season,1
community,roles,1
d,vehicle,1
little,thought,1
frnd,necesity,1
cared,loved,1
giving,second,1
could,head,1
campus,graduated,1
requirements,see,1
asking,shuhui,1
remember,want,2
breakin,ofsi,1
2marrow,k,1
going,slap,1
messy,wednesday,1
m,tell,3
knows,one,1
ask,fool,2
air,breathe,1
k,see,1
need,work,1
2,falls,1
cuddle,love,1
b,ll,7
hey,u,3
hey,sat,1
also,charges,1
oh,wait,1
already,spend,1
ll,work,1
3,litres,1
day,returns,2
almost,whole,1
hav,ths,2
also,ve,1
brothas,chasing,1
class,l8r,1
come,waiting,1
mmm,yummy,1
update,weed,1
goes,thin,1
fingers,great,1
right,wanna,1
including,post,4
filled,im,1
colleg,ur,1
530,pick,1
theatre,trishul,1
overemphasise,respect,1
good,yes,1
girl,yes,3
friend,sweet,1
usual,vijay,1
people,well,1
n,pick,6
aftr,send,1
m,msg,2
different,something,1
chasing,okay,1
hell,hurry,1
first,would,1
beautiful,girl,1
2,tickets,1
bring,still,1
bucks,couple,1
lt,units,1
back,morphine,1
amongst,bros,2
bit,shud,1
appointment,ask,1
liao,sun,2
facebook,texts,1
demand,dont,1
establish,person,1
page,signin,1
definite,setting,1
joke,wont,1
loveme,xxxxx,1
_,mind,1
cos,juz,1
beside,walk,1
darren,wif,1
hey,late,2
todays,ur,3
like,sachin,1
swhrt,u,1
bring,ll,1
okay,re,1
company,keeping,1
die,hee,1
bt,hmm,1
gonna,oi,1
den,food,1
invoices,work,1
details,phone,1
cant,remember,1
2,police,3
sofa,waiting,4
bout,last,1
phone,recharged,1
take,wanna,1
kids,pissed,1
man,save,1
online,ve,1
oh,u,1
7,mahaveer,1
fyi,m,4
glad,made,1
going,gt,1
chance,stand,1
go,hop,1
reach,ur,2
dogwood,usf,1
kept,telling,2
know,pouts,1
lane,wtf,1
expensive,way,1
remain,special,3
edukkukayee,varunnathu,1
books,ur,1
dat,used,1
ve,yup,1
much,pretty,1
good,sign,1
u,year,2
buzz,hey,1
going,k,1
left,thought,1
free,problem,1
slow,think,1
hmm,njan,1
find,trying,2
got,home,1
doesn,u,1
got,today,1
miiiiiiissssssssss,need,1
norm,tomorrow,1
diamonds,stones,1
lt,stylist,1
blood,send,4
called,ubandu,1
home,made,1
mind,neva,3
plan,trip,1
scotch,shampain,2
always,offer,1
bring,inner,1
billy,mates,1
awesome,omw,1
get,tough,2
k,send,1
juz,take,1
amy,look,1
got,offer,2
card,dunno,1
missin,u,1
eppolum,oru,1
buy,din,1
gud,relation,1
need,ya,2
old,silver,1
cost,says,1
boston,gave,1
date,yo,1
grinder,still,1
men,mode,2
invention,new,1
one,rule,1
full,heat,1
apart,one,1
seem,treat,1
bffs,carly,1
one,woman,1
lt,oops,1
aust,go,1
got,wisdom,1
love,write,1
doc,pls,1
indians,r,1
comb,hair,1
gal,u,1
1,use,1
baig,face,1
cut,yup,1
break,rewarding,1
point,yeah,1
answers,trust,1
get,interview,1
m,sick,1
fat,fingers,1
dear,denying,1
answer,know,2
din,like,1
4,watch,1
kama,sutra,1
done,second,1
enough,matter,1
aft,meeting,1
decision,isn,2
always,b,1
indeed,way,1
days,mail,1
buns,sugar,1
campus,m,1
leave,since,1
open,pick,1
become,one,1
pay,test,1
ill,tonight,2
keep,updat,1
phone,u,2
come,first,1
382,66,1
engin,u,1
2,plaza,1
kind,thats,1
meanwhile,shit,1
indians,jobs,1
come,planning,1
bus,coz,1
got,jet,1
abeg,make,1
lor,xy,1
many,watch,1
aha,hostel,1
give,shall,1
bored,holiday,1
hate,urself,1
drink,smiles,1
half,track,1
kettoda,manda,4
like,talk,1
bit,quite,1
armand,think,1
nan,yalrigu,1
dwn,gud,1
haven,mei,1
couple,fb,1
many,see,1
get,together,2
address,postal,1
get,statements,1
babe,low,1
aaooooright,work,1
nitro,post,1
already,miss,6
pls,whos,1
home,please,3
maintaining,painful,1
eyes,feel,1
correct,send,1
days,week,1
congrats,sem,1
maybe,ready,1
dont,send,1
might,night,1
canceled,havn,1
go,kappa,1
smile,today,1
means,series,1
seemed,u,2
center,rec,1
bitch,m,1
begun,job,1
done,everybody,1
missing,number,2
could,meet,1
5,6,1
earlier,wat,1
every,monday,1
haven,slept,1
charge,mobile,1
hav,humans,1
boys,even,1
crave,get,1
fb,stay,1
2,volcanoes,1
nasty,really,1
best,watch,1
4,almost,1
dear,regret,1
also,chat,1
doin,take,1
bc,gt,1
_,sms,1
hope,result,1
b,gota,1
luck,sorting,1
finally,guessed,1
thing,told,1
havent,huiming,1
d,met,3
sleep,well,6
dun,mayb,1
dealer,getting,1
important,something,2
inches,long,1
come,slave,1
class,m,4
cos,got,3
dad,however,1
found,murdered,3
getting,mark,1
make,might,1
leave,pongal,2
anyway,tho,1
2,won,1
inside,n,1
expecting,help,1
fine,way,1
4,interviw,1
blessings,gods,2
bus,leaves,1
e,like,1
frnd,hav,1
brother,hanging,1
n,scold,1
_,cut,2
number,telephone,1
fucking,im,1
busy,transcribing,1
food,u,1
easy,money,1
new,put,1
da,row,1
success,without,1
panalam,posts,1
good,wales,1
go,wait,1
lifetime,may,1
may,way,4
keep,spares,1
bathe,u,1
cup,drink,1
3,ill,1
45pm,ll,1
little,wid,1
go,youuuuu,1
aah,bless,1
face,smiling,1
happy,keep,1
m,quite,3
gimme,lip,1
bored,go,1
guys,something,1
2,smiling,1
okay,shining,1
alright,hows,1
get,v,1
course,maths,1
home,town,1
see,things,1
6,like,1
key,leave,1
2,dentist,1
need,recovery,1
beautiful,day,3
brum,thanks,1
expensive,unless,1
2,mail,1
going,join,3
700,plaza,1
gonna,still,1
got,plenty,1
m,walmart,1
back,net,1
lot,stoners,1
2,give,1
got,maybe,1
cashed,left,1
sweetie,think,1
bath,warm,1
contact,joke,1
5min,deepak,2
maybe,westshore,1
problem,spending,1
mummy,negative,1
dear,pray,1
person,sending,1
sucker,weak,1
depression,everyone,1
lor,ned,1
ma,way,1
frosty,snowman,1
didn,nah,1
ericsson,salesman,1
need,ya,2
great,lol,1
get,laptop,1
2,5,1
cash,extra,1
charge,fone,1
problems,ur,1
delay,yes,1
hip,mon,1
vaguely,work,1
home,want,1
dont,drugs,1
poor,thing,3
break,fassyole,1
meant,middle,1
accept,pls,1
day,woke,1
pudunga,venaam,1
haha,lunch,1
ll,wonder,1
blue,u,1
2,measure,1
blessing,times,1
n,sis,2
said,went,1
everybody,keep,1
everyone,light,1
also,deep,1
3,owl,1
c,hi,1
great,job,1
p,sleeping,1
chat,wanna,1
cell,got,1
maga,sent,1
day,ll,1
bathe,dog,1
cruise,happened,1
check,sure,1
haf,msn,1
drive,permissions,1
aha,listen,1
always,attributed,1
empty,mind,2
4,steve,1
comes,thoughts,1
r,tel,1
meet,way,1
careful,go,1
probably,wednesday,1
shopping,u,1
ask,speed,1
late,sleep,1
abt,telling,1
bslvyl,share,1
c,movie,1
missunderstding,wit,1
anybody,ok,1
captain,vijaykanth,1
_,hear,1
gifted,u,2
even,messaged,1
annoyin,wud,1
2,welcome,1
m,sitting,3
docs,m,1
sort,town,1
get,yep,1
lose,pound,1
flirt,n,1
secondary,sophas,1
favourite,song,1
atm,gt,1
ask,umma,2
already,ask,1
wondering,would,1
dict,ms,1
4,rows,1
goes,loverboy,1
painful,teeth,1
elephant,tablets,1
ahead,month,2
back,must,1
let,pool,1
working,xuhui,1
ask,happened,1
janx,love,1
phone,side,1
heard,year,1
kaiez,la,1
eat,won,1
nyc,says,1
ah,jacket,1
fri,u,1
maths,one,1
camry,like,1
better,like,2
always,remember,2
cos,heavily,1
oh,phone,1
riley,see,1
aiyah,sorry,1
explicitly,told,1
see,wednesday,1
finish,sch,1
lt,name,1
finished,tantrum,1
card,phone,1
da,v,1
b,good,1
palm,west,1
talk,wildlife,1
cam,good,1
day,end,2
howz,u,1
getting,threats,1
bad,use,1
20,ard,1
b4,thursday,1
fuck,sips,1
jus,ll,3
help,sleep,1
call,times,1
driving,raining,1
chase,stated,1
area,thing,1
beer,gin,2
beach,lor,1
sorts,thk,1
leave,xy,1
nothing,sure,1
god,marry,2
ironing,staying,1
lim,look,1
cause,started,1
good,silence,1
know,serving,1
dream,mark,1
didn,find,1
home,stuff,1
beautiful,wishing,1
away,frm,2
etc,lamp,1
buffet,e,1
great,im,2
dear,know,2
late,lt,3
aha,talking,1
take,weight,1
lol,missed,1
crickiting,good,1
inspection,services,1
9,get,1
comin,stock,1
good,wake,1
cappuccino,sip,1
expects,goverment,1
part,yifeng,1
happy,wish,3
glasgow,leaving,1
da,model,1
langport,still,1
still,trying,1
anythin,haha,1
evening,gr8,1
better,much,1
plus,said,1
city,excuse,1
place,reason,1
didn,hear,2
full,running,1
miss,one,1
best,choice,2
meet,next,1
babe,christmas,1
4,o,1
bc,way,1
much,thank,3
luv,m,1
dun,seen,1
dis,join,1
change,sentence,2
_,like,1
gr8fun,j,1
becomes,habit,1
still,two,1
even,thing,1
edukkukayee,raksha,1
m,right,2
thanks,wishes,1
loved,send,1
ll,prob,1
nammanna,pretsorginta,1
re,singapore,1
burgundy,captaining,1
pete,went,1
hellogorgeous,hows,1
miracle,xmas,2
god,please,1
early,get,1
felt,iwas,1
angry,ever,2
ice,medicine,1
boytoy,yummy,1
car,still,1
dinner,finish,2
love,said,1
someone,somewhr,1
guess,right,1
2gthr,drinking,2
forget,mine,1
priscilla,ready,1
see,soon,4
please,send,2
bags,sleeping,1
bit,party,1
evening,one,1
liked,someone,1
joined,tissco,1
friends,sweet,2
reach,wil,2
like,treats,1
fast,gt,1
k,k,28
becoz,lt,1
box,number,1
lot,memories,1
table,walk,1
happy,wait,1
e,lunch,1
think,use,2
fine,ll,2
auto,stupid,1
hook,standing,1
im,stil,1
fulfil,granted,1
ten,years,1
ur,wit,1
night,tmr,1
happen,hey,1
get,workin,1
like,said,1
back,ruin,1
9,decent,1
us,x,1
raj,u,1
brighten,smile,1
beauty,sleep,1
see,totally,1
cried,ve,1
meet,wana,2
always,argue,1
feeling,well,1
armand,would,1
dates,guy,1
round,take,1
ll,meeting,3
else,ll,3
need,work,1
one,text,1
many,pages,2
cochin,home,1
getting,offcampus,1
say,would,1
else,somewhere,1
tho,yi,1
u,won,2
oops,tot,1
parents,wish,5
feel,fine,1
cumming,pix,1
last,time,2
met,town,1
much,selflessness,1
know,wanted,1
belly,big,1
da,happy,1
make,sat,1
grab,something,1
let,ur,1
juz,last,1
afraid,m,1
know,might,1
message,recorded,1
m,yes,3
reasons,smile,1
go,town,1
need,today,1
go,try,1
_,familiar,1
online,work,1
etc,number,1
d,would,1
girl,shouted,2
start,working,1
30,8,1
makes,wat,4
burrito,right,1
babe,fine,1
lt,still,1
bit,gettin,1
noun,research,1
loads,loans,1
forgiven,ok,1
bed,hour,1
grins,say,1
new,settled,2
lot,thanx,3
dont,need,2
eat,wana,1
supposed,take,1
freedom,went,1
hold,try,1
find,lighters,1
8pm,haven,1
bring,see,1
honest,like,1
optimistic,things,1
thanks,well,1
_,faster,1
den,enjoy,1
free,u,4
cant,stop,1
along,play,1
cash,need,1
department,leave,1
good,thanks,1
let,seen,1
d,girl,2
cell,d,1
die,life,2
fine,studying,1
guess,rite,1
decided,g,1
dunno,oso,1
bear,defeat,2
hours,see,1
money,ve,1
able,anything,1
kilos,today,1
right,way,1
clocks,put,1
gave,iouri,1
give,pls,3
dad,pick,2
friday,speak,1
april,real,1
many,things,3
naughty,pix,1
forgets,much,1
gets,though,1
convincing,tel,1
dead,sprint,1
dreamz,sweet,1
moral,one,3
love,south,1
baby,ive,1
crave,miss,1
da,menu,2
dear,o,2
armenia,ends,1
dear,sleeping,2
gonna,says,1
citylink,walking,1
2,spun,1
college,sad,1
put,walls,1
already,xy,1
face,romantic,1
neva,try,1
re,worried,1
sorry,y,2
frnds,happiest,1
call,get,2
send,try,1
find,whatever,1
must,say,1
us,wait,1
give,new,1
chikku,hi,1
problem,whats,2
sorry,touch,1
geeeee,love,1
one,saying,1
help,thanks,1
9,copy,5
gt,irritating,1
arestaurant,eating,1
ever,thing,2
4a,month,1
live,taking,1
cage,cock,1
pmt,spouse,1
hee,tmr,1
brought,sun,1
dinner,msg,1
lt,number,3
determine,smoke,1
ll,person,1
9pm,bed,1
da,gossip,1
reading,record,1
crave,think,1
also,bills,1
almost,lt,1
might,well,1
please,welcome,1
make,terrorist,2
_,town,1
great,p,1
christmas,merry,4
e,points,1
howz,pain,2
completely,form,2
day,full,3
guy,liquor,1
student,wot,1
cos,telling,1
got,say,1
pay,say,1
back,bed,2
corporation,st,1
around,walk,1
never,tomorrow,1
come,decided,1
texted,u,1
easy,worry,1
63miles,good,1
geeee,miss,2
bed,go,1
gonna,im,3
fucking,minutes,1
boring,wat,1
going,jus,1
bus,takin,1
big,driver,1
love,msg,2
late,thats,1
d,little,1
nus,science,1
de,seeing,1
dear,sweet,3
asked,hi,1
mode,plus,1
update,wylie,1
chuckin,thinking,1
know,tomorrow,1
know,satisfied,3
alright,m,1
phone,tomo,1
ur,wall,1
ba,dao,1
days,job,2
else,vomiting,1
meet,pick,1
eh,today,1
great,knowing,1
n,see,1
behave,dont,1
bad,good,1
m,pissed,1
project,still,1
angry,happen,1
footbl,lyk,1
u,wot,10
home,mother,1
get,medical,2
_,ask,1
go,yogasana,1
still,u,17
back,train,2
miss,otherwise,1
3,4,2
stop,tm,1
didnt,phone,1
thk,weight,1
connect,u,1
dat,fingers,1
also,didnt,1
pub,would,1
easy,k,1
4,work,1
make,strike,2
bit,thasa,1
settling,well,1
kitty,princess,1
named,would,1
da,latest,1
mist,time,1
imposed,shouldn,1
point,room,1
onwards,started,1
_,seperated,1
denis,join,1
car,meant,1
last,minute,1
exe,mail,1
confirmd,itz,2
going,need,1
phone,phoned,1
sleep,wish,1
name,partner,1
ladies,work,1
buff,got,1
us,want,1
going,wif,1
cannot,forget,1
age,deciding,1
cine,go,2
bowa,feathery,1
go,perumbavoor,1
like,man,1
r,thing,1
membership,px3748,1
haunt,mate,1
cafe,n,1
hlday,pics,1
im,ppl,1
get,problem,1
christmas,ideal,1
still,work,1
come,dreams,3
lot,model,1
biola,using,1
indeed,stick,1
go,wana,2
day,u,3
language,tell,1
could,wrench,1
fine,might,1
asked,come,2
den,shld,1
callers,callertune,5
tv,wat,1
support,ve,1
already,improve,1
know,wotu,1
garage,keys,1
sometimes,time,1
number,pls,2
e,namous,1
haha,open,1
also,citizen,1
oru,pole,1
beth,quiet,1
afternoon,m,1
asusual,sary,1
right,searching,1
back,might,1
jenne,key,1
rule,tamilnadu,1
know,log,1
connections,maybe,1
entertaining,getting,1
dad,wanted,1
liked,photos,1
every,toothpaste,1
breaking,lt,1
ans,tell,2
two,us,1
burger,way,1
nb,sun,1
eat,sweets,1
day,morning,4
r,smile,1
c,ur,2
family,fuck,1
details,include,1
first,join,1
4,loko,1
drink,somethin,1
sigh,whispers,1
tor,ultimately,1
guys,know,1
doesnt,mp3,1
activities,befor,3
back,building,1
haha,money,1
lecture,twelve,1
also,time,2
god,said,1
since,usual,1
liao,step,1
im,snowboarding,1
u,wil,4
know,thinkin,2
course,make,1
finish,haven,1
back,way,2
clean,gt,1
ve,well,1
around,still,4
lists,make,1
re,returned,1
pictures,sleep,1
text,tomorrow,1
chillin,friend,1
amp,walls,1
grins,love,1
guys,help,1
2,spell,1
sleepy,today,1
da,lt,1
im,ok,1
arent,hot,1
lor,yar,6
da,dai,1
find,number,1
early,lor,1
like,mr,1
class,todays,1
film,watching,1
hair,managed,1
b,sacked,1
ful,stones,1
beautiful,love,1
lotto,tickets,1
id,time,1
like,rain,3
christmas,three,1
saw,tho,1
email,log,1
go,rent,1
account,garments,1
cut,hair,1
e,try,1
go,tok,1
actually,mobile,1
dont,still,1
doc,home,1
gt,warm,1
b,ok,1
_,ud,1
friend,long,1
please,sorry,1
citizen,rates,1
cos,sms,1
d,gal,2
broad,st,2
serena,soon,1
com,send,1
india,trip,1
else,shall,1
anyway,ok,2
died,like,1
miss,u,7
beer,gt,1
one,play,1
ex,game,1
gam,gone,1
friends,lets,1
got,sucks,1
mail,tonite,1
lovable,ur,4
earlier,head,1
hurting,witot,1
dark,mrng,1
right,yet,1
copied,u,1
make,moan,1
explain,message,1
money,raise,1
area,coveragd,1
c,look,1
drive,go,1
friend,got,1
happening,til,1
anything,see,1
nydc,somethin,1
4,wait,12
cause,u,1
ah,meet,1
get,text,2
amp,irritated,1
back,coming,4
change,see,1
etc,least,1
general,well,1
u,used,1
needs,pls,1
gei,oh,1
escape,theatre,2
cos,dressed,1
jus,yeah,1
much,show,1
common,declare,1
bslvyl,love,1
guessing,m,1
3rd,ur,4
tickets,wat,1
1,hr,1
really,u,2
2,noe,1
g,saw,1
week,wonderful,1
4,thanx,8
drink,something,1
evening,felt,1
emerging,pattern,1
bus,ok,2
d,r,3
2,friday,1
b,leaving,1
5,within,2
giv,plz,1
havent,woke,1
become,starting,1
minutes,ten,1
good,michael,1
day,nice,15
today,work,2
transfred,ur,1
oh,shut,1
avoid,missunderstding,1
april,les,1
dear,year,1
u,yet,1
egg,friday,1
r,thk,1
lose,u,5
cos,money,1
hey,money,1
im,looking,1
get,id,1
watching,yes,1
frm,tht,1
nhs,u,1
jokes,play,1
cause,know,1
affairs,ask,1
ok,seems,1
guess,lt,1
630,road,1
loving,together,2
also,want,1
bath,ill,1
flung,lessons,1
gee,weight,1
cash,still,1
din,tell,1
love,things,1
cos,n,1
boy,decided,2
guess,quick,1
diamonds,though,1
already,finish,1
childish,mmm,1
1,car,1
kisi,ko,1
bring,god,1
dead,hee,1
five,past,1
believe,dun,4
amp,chain,1
dog,must,1
believe,time,2
pick,second,1
display,pin,1
help,pls,1
1st,5wkg,1
bt,forgot,1
curry,p,1
abt,syd,1
cant,sorry,1
email,gt,1
internal,subs,1
asked,boy,1
age,phone,1
fuck,idk,1
actor,work,1
hour,leave,1
near,orchard,1
keep,yar,1
address,occurs,1
fathima,waheeda,1
already,cell,1
early,still,1
imprtant,u,1
bt,info,1
girls,office,1
boat,yeah,1
concentrate,educational,2
ask,da,1
back,pain,1
one,torch,1
around,talk,1
learn,pilates,1
m,probably,1
gokila,talking,1
even,maybe,1
praises,singing,1
seems,special,3
driving,ur,2
price,sold,1
entire,much,1
didnt,right,1
school,tues,1
deal,need,1
d,moral,2
decide,wot,1
faggy,generally,1
soon,ya,2
done,today,2
day,gift,1
biggest,d,1
love,princess,1
breadstick,one,1
exam,life,1
mean,prices,1
ages,started,1
hot,realy,1
_,lor,1
haf,u,1
dear,u,3
hear,wont,2
system,today,1
dad,get,1
u,u,11
gotta,second,1
hope,sir,2
drive,south,1
brains,going,1
bloody,sat,1
cancer,everyone,1
fine,iam,3
keeping,together,1
old,spinout,1
la,lunch,1
come,havent,1
diff,farm,1
help,navigate,1
tis,ur,2
occupy,things,1
time,ve,2
kg,mon,1
difficult,yrs,1
c,year,1
laugh,love,1
come,try,1
doke,okey,1
cos,fr,1
thought,words,1
soon,time,2
k,rite,1
rugby,weekend,1
equally,uneventful,1
d,shoranur,1
able,eat,1
go,lunch,1
away,keep,1
good,help,1
tomorrow,uni,1
paid,still,1
night,rock,1
film,stuff,1
e,person,1
gonna,try,1
trying,u,1
heart,plz,1
get,haha,1
profiles,stalk,1
told,yesterday,2
great,hav,1
hey,love,1
cock,keep,1
7oz,8lb,1
reaction,tablets,1
copy,important,1
joined,league,1
call,sir,1
contact,u,1
especially,thanks,1
fone,later,1
idea,whose,1
buy,drop,1
na,temple,1
chop,u,1
online,use,1
babe,talking,1
stop,street,1
plans,weekend,1
around,usf,1
frm,wats,1
planning,wondering,1
go,grand,2
cup,way,1
buy,planning,1
feel,need,1
alive,gud,1
u,want,3
need,safe,1
bong,gt,1
call,office,2
elections,hockey,1
ends,march,2
area,shoppin,1
4,salon,1
didn,hav,1
friend,girl,1
e,hint,1
cage,feel,1
like,pharmacy,1
4,maruti,1
eve,good,1
meant,thought,1
season,since,1
anytime,best,1
abt,leona,1
like,told,1
raed,yuo,2
aft,ur,4
phone,silent,2
oh,thkin,1
bbd,thts,1
phone,phone,2
cause,pain,1
come,cupboard,1
cash,straight,1
da,xin,1
cause,get,1
alone,recognises,1
b,used,1
545,lor,1
seing,ur,1
instead,mom,1
acid,men,1
caroline,end,1
bad,today,1
crap,recently,1
sorry,yo,1
gas,tank,1
fone,love,2
gd,moment,1
hows,street,1
4,along,1
another,driver,1
day,end,2
back,trade,1
sick,turn,1
family,wishing,3
amp,laughed,3
gym,tomorrow,1
drama,pls,1
come,u,2
4,internet,1
flowing,wine,1
got,guess,2
going,reg,1
asking,stuff,1
blastin,tsunamis,1
boytoy,crave,1
cant,sat,1
demand,trying,1
disturbing,think,1
lik,messenger,1
call,da,2
plans,take,1
father,mother,1
fired,get,1
ethnicity,measure,1
find,one,1
day,watr,1
decided,give,1
back,hope,1
pls,price,1
courageous,gt,1
k,lor,2
slept,thinkthis,1
in2,moved,1
cos,later,1
m,whatever,1
seen,ve,1
dont,paracetamol,1
uses,worse,1
need,sort,2
finishing,ok,1
know,swing,1
newscaster,rolled,1
science,staff,1
irulinae,neekunna,1
like,pig,1
great,send,1
bunkers,shit,1
tell,wanted,2
dun,scared,1
god,limit,1
ring,ur,3
2,prepare,1
send,yup,1
happen,railway,1
predict,wat,1
hold,want,1
make,man,1
time,wish,1
package,programs,1
believe,everything,1
current,situation,1
give,u,3
close,friends,1
cry,make,3
freak,knew,1
enough,giving,1
earlier,later,1
4,rowdy,1
enough,family,1
make,profit,1
around,lookin,1
la,salmon,1
gets,oh,1
bout,worry,1
class,tonight,1
also,andros,1
full,politicians,1
plm,ur,1
hoping,text,1
comes,flowing,1
doug,think,1
ever,ive,1
asthere,merememberin,1
goin2bed,night,1
drink,pa,1
babe,yummy,1
lots,used,1
2,laptop,1
treacle,ya,1
forget,gn,1
10,1mega,1
amp,slowly,2
birthday,making,1
life,would,2
god,thanks,1
sell,wants,1
begin,qatar,1
anywhere,invite,1
lttrs,lv,2
much,take,1
maybe,see,2
liao,said,1
blue,u,1
call,way,1
lt,wil,1
cream,go,1
2,person,1
m,parents,1
gonna,soon,1
done,patty,1
always,work,1
new,years,7
beers,many,1
clean,k,1
recognise,seen,1
bit,ll,1
effect,irritation,1
c,wat,1
offered,sorry,1
come,yo,1
da,lab,1
hope,showing,1
algebra,linear,1
lar,oredi,1
happening,start,1
family,responding,1
hour,take,1
lol,think,1
blimey,done,1
called,dad,1
huh,y,1
city,shaping,1
could,read,1
coping,decisions,1
dad,much,1
4,bugis,1
go,wid,1
callertune,friends,5
ali,lyf,1
hostel,m,1
c,morrow,1
bt,relation,1
got,ive,2
vewy,would,1
fucked,last,1
office,reply,1
gt,worth,3
eat,smth,1
doctor,great,1
chinky,staying,1
answerin,phone,1
bettersn,luv,1
give,m,1
bids,online,1
bored,depressed,1
b,happy,1
breathing,neck,1
brought,life,1
net,towards,1
resolved,tho,1
dat,fast,1
lot,things,1
evone,moment,1
nobbing,washob,1
longer,week,1
ur,valued,2
gotta,subs,1
banks,differ,1
bring,success,1
keep,sat,1
juz,ok,1
luv,probthat,1
lor,uni,1
change,permissions,1
contented,sigh,1
missed,thought,1
including,one,1
address,changed,1
friends,stay,1
im,sorted,1
computer,makes,1
life,years,1
makes,often,1
like,sub,1
doesnt,work,1
details,log,1
calls,treadmill,1
face,stuffing,1
re,yijue,1
begins,m,1
forgot,oso,1
goodmorning,grandfather,1
m,rushing,1
got,miss,1
today,wont,1
every,ors,1
apparently,retired,1
coming,still,1
another,app,1
going,lor,1
reltnship,wen,1
ask,re,1
smile,sometimes,1
right,sat,2
doctors,reminds,1
soon,u,1
day,refreshed,1
reffering,u,1
shove,u,1
didnt,move,2
hospitals,weak,1
hope,like,2
check,said,1
social,support,1
sun,sura,1
excellent,service,1
number,rajitha,1
gas,st,2
ovr,yet,1
bus,last,1
haf,time,1
categories,opinions,1
fold,laundry,1
2,7,1
cos,hee,1
anything,hear,2
stalking,u,1
loads,money,1
gonna,guys,1
also,wants,1
food,social,1
v,yet,1
paper,ur,4
everything,nobody,1
8,play,3
area,restaurant,1
sunday,sunday,3
dual,good,1
exmpel,yuo,2
less,transport,1
bus,stand,1
never,sib,2
need,town,1
3,slave,1
mom,reach,1
home,im,2
2,tryin,1
see,v,1
configure,going,1
nt,sarcasm,1
job,search,3
speechless,viva,2
2,lor,1
great,thought,1
company,soon,1
gnun,world,1
first,shopping,1
2go,need,1
eat,something,1
dun,kaiez,1
cos,meeting,1
byatch,yo,1
also,running,1
got,later,1
ive,march,1
way,works,1
9t,good,1
amp,text,1
busy,leh,1
john,like,1
much,shy,1
meanwhile,nope,1
beers,shall,1
de,dont,1
everything,time,1
como,si,1
love,pete,3
cool,cool,1
c,sorry,1
called,ve,1
hungry,tho,1
bed,ridden,1
like,yeah,2
cal,u,2
dress,ganesh,1
age,causing,1
mood,today,1
re,ready,2
drunken,opposed,1
arabian,steed,1
oso,saw,1
lt,th,1
chinatown,got,1
better,lying,1
guess,wants,1
end,haventcn,1
abstract,still,1
jolt,suzy,1
getsleep,need,1
called,mom,1
friday,hope,1
less,support,1
drugs,lt,1
hes,sweet,1
come,crash,1
die,e,1
bcoz,soon,1
ll,mayb,1
leftovers,time,1
come,wanted,1
short,v,1
amrca,camp,1
bck,black,1
endowed,well,1
1cup,fat,1
saw,stranger,1
friday,next,1
hands,ur,1
lyk,thnk,1
l8r,malaria,1
2,celebrate,1
mm,time,1
fml,ice,1
anymore,anything,1
really,watches,1
shoppin,tt,1
alwys,v,1
come,hey,1
chance,might,1
back,big,1
nite,tmr,1
decided,think,1
bored,m,1
bout,drink,1
sun,tv,1
giving,much,1
break,enough,1
lookin,pick,1
ll,talk,1
excellent,spent,1
diddy,neighbor,1
da,side,1
like,sounding,1
run,time,1
need,want,1
coming,day,1
go,smoke,1
e,m,3
bbd,pooja,1
call,coz,2
accomodate,pls,1
call,lor,1
1st,u,1
couple,minutes,3
pretty,really,1
post,wrote,1
kind,start,1
lt,nervous,1
feel,free,2
da,tirupur,1
sunlight,walk,1
m,tomo,1
go,mind,1
befor,rooms,3
already,dont,1
ended,long,1
fetch,us,1
call,disturb,1
last,tm,1
hope,night,1
agents,drop,1
1,like,1
rose,sun,1
k,love,1
im,wondering,1
grins,take,1
leaving,soon,1
c,lazy,1
makiing,sambar,1
asap,thought,1
john,let,1
discount,officer,1
4,47per,1
4,laugh,1
getting,tired,1
explain,il,1
leave,wouldn,1
mark,told,1
might,resort,1
930,bugis,1
lool,ok,1
huh,workin,1
go,lazy,1
blackberry,sending,1
allah,insha,3
ll,treat,1
going,ok,2
personal,sized,1
beendropping,mumhas,1
company,tell,1
always,available,2
king,mean,1
cuz,signin,1
lor,oso,1
goodnight,waiting,1
found,well,1
sch,today,1
mising,realy,1
much,truble,1
jus,wat,1
christmassy,re,1
u,x,1
also,da,1
lemme,night,1
e,lesson,1
cant,thk,1
aunty,send,1
think,twice,1
heron,something,1
months,past,2
ba,u,1
loads,sugar,1
blank,msg,1
battery,phone,1
aphex,ofstuff,1
tv,watching,10
amp,day,1
didn,months,1
fren,n,1
another,us,1
buy,help,1
say,wan,1
leave,take,2
kiss,send,2
kind,snow,1
close,tho,1
either,girls,1
love,went,1
find,hi,1
g,wants,1
beauties,wish,1
lt,shesil,2
reply,thk,1
4,drink,1
baby,hello,1
father,home,2
comprehensive,mail,1
booty,shaking,1
_,smth,1
good,thing,2
hello,thanx,1
lt,saying,1
call,one,1
feeling,liked,1
fal,luv,1
eh,phone,1
make,trying,2
later,lor,1
nails,oso,1
b,hep,1
class,holla,1
everything,work,1
d,meow,1
real,value,1
hee,money,1
7th,world,4
fell,toaday,1
1tulsi,leaf,1
hear,stupid,1
n,settle,1
ugh,yesterday,1
d,know,1
lady,xxxxxxxx,1
little,tired,1
nice,wkend,1
real,way,1
7,bout,2
grocers,sorry,1
come,know,1
catching,obviously,1
isn,tonight,1
get,problem,1
forget,time,1
going,sleeping,1
quite,yest,1
huh,means,1
every,please,1
baby,good,1
oh,usual,1
right,stagwood,1
m,would,1
lined,one,1
crazy,world,1
could,home,1
case,pan,1
2,listn,1
least5times,quitting,1
jiu,skip,1
m,office,4
shame,u,1
full,well,1
change,lor,1
right,work,1
pretty,see,1
business,putting,1
come,till,2
diddy,p,1
asked,forgiveness,1
keep,links,1
thank,ve,1
needs,person,1
bad,woken,1
luck,ur,1
laughing,lor,1
think,would,2
draw,going,1
ends,never,1
go,meal,1
530,thk,1
joke,read,1
edition,m,1
realized,said,1
got,snake,1
buy,pizza,1
awake,bet,1
lessons,sun,1
haven,lost,1
company,send,1
see,see,1
know,roommate,1
m,today,4
bout,thought,1
rob,tell,1
devouring,smile,1
ramen,unless,1
d,need,1
reading,text,1
latest,version,1
things,went,1
get,though,1
body,way,1
buy,saying,1
guys,hope,1
r,u,30
hey,iouri,1
ll,rite,1
free,time,1
know,put,1
4,rem,1
bao,ur,1
forgot,take,1
ard,ya,1
chat,like,1
dun,fren,1
ps3,think,1
bathing,finish,2
decided,hungry,1
mom,people,1
gonna,rip,1
ijust,trouble,1
maps,place,1
2,play,3
dollars,hi,1
night,xxx,1
left,mom,1
double,lar,1
in2,thm,1
gotten,job,1
prices,sent,1
red,white,1
way,way,1
give,oh,1
looking,really,1
jump,us,1
childish,n,4
_,worry,1
_,call,1
later,tell,1
back,sleep,1
re,think,2
amount,still,1
hope,tomorrow,1
good,player,1
dudes,poker,1
ava,goodtime,1
end,til,1
4ward,lookin,1
going,theatre,2
bless,get,1
loss,sweet,1
5min,opening,1
think,way,1
know,thurs,1
centre,project,2
dorm,person,1
change,jst,1
hols,yes,1
cost,great,2
2,prone,1
case,d,3
get,taxi,1
jetton,w,1
princess,thank,1
2,mt,1
bigger,need,1
chat,wit,1
8,attractive,1
lasagna,vodka,1
hot,m,1
ruin,ur,1
strtd,throwin,1
meeting,today,3
pete,xx,1
advice,thanks,1
2,smth,1
promise,take,1
get,least,1
give,thanks,1
ah,work,1
see,u,2
show,tool,1
amazing,rearrange,1
decided,keep,1
bored,hai,1
drop,something,1
530,like,1
dependable,gt,1
friend,interested,1
look,something,1
tell,ur,1
pictures,take,1
going,issue,1
american,icky,1
leh,u,2
good,morning,32
eve,feeling,1
leona,oops,1
craving,ice,1
dead,went,1
fuck,know,2
fingers,trains,1
story,ve,1
m,yetunde,2
new,try,2
maturity,sign,2
didn,pissed,1
later,talk,3
temales,wonderful,1
completely,days,2
indian,must,2
noi,petey,1
gym,still,1
finally,hi,1
gt,social,1
b,chikku,1
calling,everyone,1
contact,us,2
2,walk,1
later,yeah,1
miss,wanting,1
algebra,today,1
home,within,1
mouth,open,1
plan,valentines,2
missing,part,1
get,voucher,1
2hrs,late,1
handed,know,1
flower,picked,2
call,infront,1
also,shipping,1
day,sip,1
damn,working,1
loose,weight,1
asking,wats,1
forgot,one,1
sale,together,1
best,cheap,1
gt,versus,1
capacity,smaller,1
safely,spend,1
dunno,thing,1
1,man,1
right,since,1
salon,v,1
fool,tell,1
m,sure,3
let,math,1
anyway,tho,1
anyway,wun,1
fixed,prob,1
call,disconnect,2
car,man,1
many,reasons,1
along,u,2
everyone,lucky,1
wondering,wow,1
2,gravy,1
house,m,1
outside,players,1
9ja,trust,1
ll,rush,1
got,somethin,1
come,lar,1
go,one,4
dogbreath,sounding,1
payasam,rinu,1
forgot,parents,5
put,u,3
dokey,ll,1
happened,morning,1
prince,ur,1
main,sources,1
amongst,bro,2
pick,something,1
come,fuck,1
needs,water,1
london,way,1
feed,later,1
confirmed,meeting,1
didn,wow,1
made,plans,1
online,surfing,1
computerless,im,1
rest,take,1
mahal,taj,1
love,ya,2
nxt,wrking,1
right,tmrw,1
pen,thing,1
nigeria,torch,1
smiling,two,4
puttin,weight,1
province,research,1
2,hits,1
gone,net,2
god,laughed,3
ne,plans,1
choosing,like,1
asking,missed,1
finished,ve,2
friends,mobile,1
good,thanx,1
ishtamayoo,style,1
ok,pa,1
send,think,1
know,play,1
give,something,3
friends,m,1
ur,whats,3
minutes,respond,1
selling,since,1
_,r,2
bother,get,1
arent,obviously,1
good,many,1
ah,ubi,1
alone,lunch,1
love,shall,1
one,venugopal,1
ok,wait,1
trusting,ur,1
coffee,still,1
mu,outside,1
2,talk,1
come,us,2
help,youi,1
belive,come,1
dat,knw,3
copy,friends,5
missed,seeing,1
m,northampton,2
got,much,1
amp,people,4
let,right,1
lyfu,yalru,1
pussy,tight,1
atural,e,1
lt,press,3
jealous,u,1
bed,juswoke,1
really,yes,2
u,wrking,1
go,want,13
reminder,today,1
say,talk,1
keep,talking,1
get,high,1
laugh,time,1
msg,ur,2
plz,tell,2
gas,station,2
keep,praying,1
e,shoppin,1
d,returns,3
exactly,know,1
cartoon,watching,3
chill,impossible,1
1,take,1
antelope,begin,1
bites,snake,1
charge,month,2
hows,mr,1
heads,uh,1
mei,referin,1
general,price,1
many,shared,1
leh,short,1
deep,spiritual,1
darren,willing,1
bt,hate,1
agree,price,1
hugs,sleep,1
special,today,1
made,one,3
aunties,uncles,1
todo,workand,1
call,tomorrow,2
dad,oredi,1
got,mc,1
copied,jus,1
girls,happy,1
gud,night,1
next,wednesday,1
ramen,want,1
experience,reply,3
erm,thought,1
amp,misscall,1
major,see,2
head,text,1
others,talk,1
going,stop,1
like,notice,1
going,shopping,2
copy,letters,1
com,icicibank,2
abt,word,1
christmas,enjoy,1
account,refilled,2
de,dearer,3
place,rubber,1
didn,sorry,3
come,moon,1
day,fools,1
miss,ya,2
foward,step,1
first,home,4
atm,campus,1
eaten,wat,1
dinner,going,1
day,yesterday,1
murali,replacement,1
detailed,message,1
looking,weed,1
near,wat,1
ard,u,1
eng,rocking,1
start,understanding,2
good,say,2
kick,med,1
asda,shop,1
5,hours,1
got,ugh,1
funny,things,1
indian,ocean,1
bad,even,1
ill,lt,1
bout,later,1
early,woke,2
cheesy,know,1
god,thank,4
eruku,naal,1
mm,way,1
aren,coming,1
30,bit,1
enter,way,1
ques,u,2
change,said,1
brother,love,1
kiss,remember,1
fine,oh,1
already,wake,3
grace,measure,1
next,one,1
attend,u,1
id,send,1
makes,photoshop,1
cut,v,1
got,msg,1
2,day,1
muz,wait,1
foregate,worc,1
letters,rearrange,1
k,tell,1
1,semester,1
m,turning,1
got,want,1
one,sent,1
abt,wat,5
abt,ask,2
carlos,gauge,1
community,outreach,1
placement,training,1
came,mood,5
somewheresomeone,thoughts,1
gt,lacs,3
hate,u,1
give,want,1
person,u,3
case,scenario,1
message,really,1
burn,night,1
6months,till,1
tomorrow,work,2
lt,operate,1
bout,leaving,1
anything,outdoors,1
e,sky,1
loss,temp,2
m,vikky,2
account,dorm,1
case,pull,1
drove,fren,1
much,trauma,1
organise,shall,1
ali,chikku,1
able,raise,1
babe,ello,1
difficult,work,1
let,ll,5
night,uh,1
anything,goin,1
charles,told,1
frm,heart,3
blow,going,1
friend,friend,1
interest,nobody,1
forget,pix,1
center,tootsie,1
knows,m,1
finish,work,1
enjoy,ur,5
leave,mouse,1
cook,cooking,3
class,done,1
buy,lor,1
da,send,1
liked,ones,1
good,time,5
makes,things,1
nap,yup,1
coming,whatever,1
know,please,1
done,done,1
better,still,1
colour,wat,1
brings,ppl,1
called,ll,2
u,walk,2
disturb,talk,1
lot,manage,1
directly,stuff,1
may,words,1
properly,x,1
430,got,1
free,ice,1
quite,room,1
m,way,1
got,problem,1
part,tomorrow,1
firmware,update,1
dinner,soon,1
4,meeting,1
grr,mom,1
go,juz,3
degree,use,1
geeee,job,1
chance,rahul,1
guess,spent,1
hrs,last,1
cartons,two,1
cream,virgil,1
accidant,tookplace,1
days,den,1
reply,thanks,1
everything,okay,1
leaving,re,1
mentioned,tomorrow,1
soon,taking,1
hand,ur,4
science,tells,1
sell,wifi,1
fine,working,1
supreme,u,1
anyways,go,1
come,sweet,1
lift,u,3
friend,need,2
bathe,n,1
better,r,1
say,u,1
fridays,pub,1
finance,uncle,1
right,texting,1
medical,places,1
continue,talk,1
ever,way,1
give,yrs,1
hum,jo,1
soon,walmart,1
game,valentine,2
_,say,3
holy,say,1
done,oso,1
m,taking,5
reach,ten,1
lecture,ur,1
early,lei,1
problem,yup,1
released,vday,1
eye,really,1
audiitions,nyc,1
argument,every,1
go,str,2
effects,gorgeous,1
boy,scouse,1
12,anyway,1
available,cab,1
beg,listen,1
book,think,1
ifink,mite,1
christmas,hug,1
say,take,1
5,around,1
around,could,1
one,send,1
charges,withdraw,1
2morro,meet,1
4,first,1
already,haf,1
infra,slow,1
babe,good,1
cable,day,1
going,thinkin,1
coping,long,1
soup,tea,1
bro,creative,1
usmle,work,1
half,oh,1
amp,one,1
amp,minutes,1
first,one,1
something,u,1
make,pls,1
also,came,1
gud,k,2
name,spell,2
aren,enough,1
john,john,4
soon,trying,1
many,nigeria,1
enemies,even,1
d,story,2
join,see,1
iff,pthis,1
back,re,3
bedroom,go,5
got,selected,2
m,sick,2
mine,wanted,1
ennal,prabha,1
love,torch,1
couldn,sleep,1
gt,psychiatrist,1
dis,hi,1
answering,talk,1
eating,still,1
asking,start,1
den,got,1
inches,pleasure,1
den,ge,1
actually,flies,1
b,ham,1
coming,lor,1
fast,see,1
fall,ll,1
meeting,supervisor,1
530,lor,2
list,m,1
common,hearin,1
shoes,sport,1
10,evey,1
oble,ruthful,1
m,waliking,1
jb,said,1
goin,town,1
bullshit,try,1
g,w,1
haven,tired,1
dear,poem,2
back,huge,1
comin,hiya,1
night,tomorrow,1
ful,sack,1
em,find,1
lor,rd,1
number,respectful,1
buy,unsold,1
belt,hat,1
lady,pretty,1
lol,yes,2
fresh,sun,1
nigh,yes,1
gain,loss,1
name,okay,1
africa,sunny,1
gas,got,1
frnds,threw,2
like,mom,1
sed,sexy,5
case,cheap,1
life,makes,1
get,yo,1
application,inform,1
good,huge,1
later,mins,1
answers,r,2
company,tell,1
pay,rent,3
8,hr,1
8th,re,1
aid,usmle,1
need,one,1
class,disastrous,1
home,look,1
sweet,words,1
green,meant,1
name,saibaba,1
buy,say,1
already,brains,1
2,sheffield,1
books,get,1
plans,wonderful,1
new,send,1
right,though,1
avent,still,1
aftr,lt,2
unfortuntly,walkin,1
awesome,deal,1
d,in2,1
know,y,1
drove,frm,1
coming,woman,1
got,leh,1
cantdo,darlin,1
anyways,studying,1
swing,tomorrow,1
come,gt,2
childish,d,4
booked,half,1
jerry,told,2
child,supposed,1
ll,mu,2
mum,present,1
dai,downloaded,1
afternoon,casualty,1
call,ill,3
anybody,get,1
em,hold,1
give,massages,1
brief,description,1
basically,yeah,1
8,gt,1
become,weeks,1
ya,ya,1
check,mail,1
either,know,1
aproach,d,2
concert,shopping,1
study,well,1
go,texting,1
eyes,starer,1
fuck,wherever,1
could,doubt,1
care,y,1
dog,good,1
save,taxi,1
fuck,legs,1
c,neva,2
da,morn,1
stops,way,1
kiss,love,1
fine,work,1
movie,surya,1
cake,n,5
flat,remove,1
phone,put,1
babe,oh,1
alcohol,gas,1
anythin,eating,1
relaxing,time,1
instead,ll,1
couldn,pain,1
lunch,lunch,5
checking,lt,1
happening,lindsay,1
desires,values,1
chance,winning,1
around,come,3
dough,pls,1
_,lect,1
dinner,nite,1
journey,ok,1
expensive,less,3
gals,r,1
maybe,paces,1
frnd,knw,1
god,help,1
atm,sms,2
boy,walking,1
chikku,samachara,1
everyone,hows,1
lemme,thought,1
ipad,wifi,1
complexities,great,1
got,voted,1
minimum,resuming,1
coulda,real,1
hill,victors,1
see,unless,1
great,really,2
k,roommate,1
let,ok,1
disc,format,1
sch,still,1
well,ya,1
batchlor,enjoy,1
confidence,much,1
dificult,u,3
make,tonight,2
oh,work,1
im,inperialmusic,1
cuppa,quick,1
let,snow,1
reg,yes,1
close,stand,1
_,specify,1
phne,u,3
4,free,1
never,sorry,1
life,strict,1
check,til,1
goin,m,1
dear,happy,2
reason,won,1
getting,headstart,1
beautiful,smile,1
google,type,1
id,thought,2
bawling,eyes,1
body,told,1
always,treats,1
got,new,4
door,m,1
follow,happy,1
isnt,uhhhhrmm,1
bcoz,world,1
mine,pls,1
kotees,month,1
see,swing,1
happy,reading,1
frnds,wit,1
joking,wif,1
done,today,1
algorithms,second,1
fab,new,1
dad,told,1
mark,shopping,1
car,shop,1
extra,month,1
holding,ur,1
abusers,drug,1
phone,still,1
steak,take,1
keep,things,1
fran,love,1
sorry,time,2
aging,anti,1
happiness,wish,1
fr,stuff,1
defeat,without,2
keep,treat,1
needed,salary,1
scotch,vodka,2
irritates,person,2
tel,v,1
take,warm,1
ate,diet,1
lol,pie,1
chennai,come,2
ar,praveesh,1
dont,got,1
available,though,1
freak,sheets,1
4,chuck,1
comes,thing,1
belong,things,1
flurries,much,1
gals,one,1
bcoz,heart,1
tosend,warm,1
also,roommate,1
2nite,mums,1
easy,guys,1
raised,shifad,1
moved,sister,1
goes,new,1
come,finish,1
baby,want,2
celebration,go,1
ask,phone,1
get,time,1
snow,still,1
day,pears,1
doesn,hmmm,1
b,driving,1
dear,mood,1
even,getting,1
make,none,2
later,tonight,7
said,website,1
re,supposed,2
cant,haiz,1
da,parts,1
second,whole,1
get,quit,1
especially,possession,1
hearts,part,1
thing,wrong,1
sorry,tonight,1
also,men,1
mayb,xy,1
n,sound,1
saying,start,2
din,get,1
becomes,slowly,1
never,pick,2
go,temple,3
bit,exeter,1
one,push,1
doesn,party,1
aft,come,1
cant,u,1
plus,thinking,1
2,said,2
night,one,2
keeping,watching,1
class,wanna,1
lasagna,make,1
pa,today,1
_,day,2
misss,youuuuu,1
gives,test,1
5,maybe,1
fri,hey,1
must,nearly,1
alright,take,1
spys,wat,1
abiola,day,4
grams,order,1
best,ur,2
pizza,veggie,1
auto,correct,2
anything,specific,1
pls,wont,1
found,group,1
decision,mah,1
dnt,wnt,2
color,dreams,1
one,thk,1
bring,notice,1
lookin,mine,1
2,intend,1
hungry,jp,1
leave,topic,1
help,pls,2
everyone,project,1
ali,halla,1
claire,goes,1
blessings,good,2
planning,wk,1
make,things,1
back,urself,1
hour,work,1
d,girlfrnd,3
already,week,2
taunton,wow,1
ur,wa,1
fantastic,jb,1
cost,great,1
m,ok,5
na,phone,1
cthen,thk,1
boys,bring,1
attached,liao,1
4,liver,1
smile,trouble,2
free,night,1
6,attitude,1
fucking,phone,1
back,text,1
bleh,kind,1
sending,start,1
feel,man,1
keep,sleeping,1
town,week,1
discussed,yest,1
lar,reply,1
name,user,1
cause,yelling,1
brain,dear,3
love,mis,1
james,tb,1
2,pick,4
cheap,one,1
thought,yelling,1
swing,yet,1
lecture,two,1
broke,knackered,1
putting,ready,1
room,two,1
lands,suggestion,1
study,visiting,1
chechi,dear,1
address,new,1
bored,gonna,1
confirm,time,1
cool,sometimes,1
answering,lost,1
model,srs,1
buy,gone,1
heart,jolt,1
3,maruti,1
miss,n,1
din,ok,1
m,sacrifice,1
go,lonely,1
eating,home,1
getting,ready,1
amy,ure,1
lt,sleep,1
anymore,come,1
lush,tasts,1
agree,pay,1
nah,wednesday,1
better,thanks,1
even,u,3
energy,n,2
dear,hi,3
administrator,system,1
fb,get,1
go,toa,1
issue,weigh,1
_,later,2
remember,research,1
get,somebody,1
great,lengths,1
dear,good,2
arrive,juz,1
happend,responce,3
nice,nice,2
farting,james,1
4,some1,2
cant,road,1
100,mentor,1
goes,wales,1
come,ill,1
knee,pushes,1
10,30,1
great,world,1
pleasant,surprise,1
feel,shouldn,1
beverage,txt,1
1,hanuman,1
kb,liao,1
get,wish,1
baby,yo,1
ll,okies,1
good,looking,1
fat,re,1
dancing,marriage,1
goes,walking,1
alter,call,1
call,life,1
naughty,seen,1
ghodbandar,somewhere,1
got,since,1
pa,sorry,1
photos,useful,1
taxless,used,1
person,u,1
shit,twice,1
goin,keris,1
ivatte,kalisidare,1
piece,priscilla,1
great,princess,1
girls,name,1
kano,whr,1
parked,saw,1
feel,friend,1
fixes,time,1
m,shop,1
finding,handsome,1
2,days,3
edward,rd,1
change,order,1
calling,forgot,1
baby,yes,2
anyone,love,1
happiness,joy,1
dont,file,2
parents,wife,2
msg,wil,1
competition,us,1
real,see,1
enc,found,1
gentle,sonetimes,1
afternoons,mornings,1
alibi,cutting,1
reply,today,1
anything,getsleep,1
liking,wife,1
got,jordan,1
set,somebody,1
friendship,yes,1
appt,yes,1
looking,year,1
lik,r,1
d,murderer,3
decide,must,1
practical,ure,1
honey,pls,1
2,went,4
oh,unintentionally,1
comin,thanks,1
ah,dun,1
amp,love,6
real,word,1
eatin,much,1
ever,late,1
m,yo,2
4,goin,2
hoops,many,1
pub,wanted,1
cant,come,1
reference,sleep,1
ok,sweet,1
credited,lt,1
far,knew,1
gettin,hurt,1
go,meet,1
anyway,enjoy,1
files,important,1
cut,nails,1
bowl,priscilla,1
anymore,nothing,1
ah,easy,2
home,vl,1
hi,moved,1
6,romantic,1
fortune,love,1
4,face,1
mum,ur,1
aftr,happened,1
get,help,1
best,miss,1
actually,nvm,1
_,interested,1
lor,toa,1
dat,goigng,1
beautiful,footprints,1
stuff,watch,1
sucks,tho,2
freezing,snow,1
huh,sis,1
lost,try,1
let,love,2
bad,isn,1
even,meet,1
simple,tooo,2
lor,need,1
shangela,synced,1
cer,nice,1
thk,yup,4
dear,silent,1
birthday,today,7
around,right,1
around,ill,1
_,thk,1
pub,re,1
7,eve,1
dont,publish,1
eat,lunch,1
probably,u,1
holla,ll,1
flies,re,1
month,settle,1
10,frm,1
mental,sending,1
serving,staying,1
aaniye,pudunga,1
teams,two,1
bus,frying,1
brandy,wiskey,2
hear,near,2
baby,study,1
sheffield,tom,1
7,wifes,1
enter,urn,2
chikku,tke,1
dat,like,8
loxahatchee,xmas,2
couldn,supposed,1
ready,use,1
c,crucify,1
real,valentine,3
n,school,1
wana,whether,1
freak,right,1
double,eviction,1
called,got,1
lt,take,1
9,til,1
one,proverb,2
available,crazy,1
hope,ve,2
missed,sorry,3
m,walking,2
left,lt,1
haughaighgtujhyguj,money,1
butting,keep,1
career,im,2
draw,towards,1
hope,possible,1
friendship,hanging,1
jazz,power,1
4,drivin,1
iam,tomorrow,1
gram,usually,1
something,town,1
da,inside,1
got,wat,2
send,sent,1
bettr,num,1
eh,sorry,1
hi,msg,1
eh,ger,1
hit,melt,1
already,taylor,1
mr,surname,1
party,wait,1
nah,think,1
finish,month,1
phonebook,sms,1
finished,work,2
tank,yes,1
dont,happened,1
many,sweets,1
track,whose,1
4,smth,1
air1,hilarious,1
ela,kano,1
baby,hope,1
includes,time,1
considering,mah,1
2,tsunamis,1
handle,malaria,2
hi,mobile,2
mon,say,1
dodgey,one,1
5,m,1
alone,feel,2
dont,dude,1
wit,world,1
2000,offer,1
mon,thurs,1
made,ve,1
lol,send,1
also,cannot,1
love,send,1
bring,youi,1
plus,reading,1
language,words,1
much,re,1
get,like,2
people,wil,1
reminder,send,1
ahead,go,2
office,whats,1
one,thinks,1
didnt,holla,1
face,log,1
late,n,1
free,messages,1
fuelled,love,1
alright,lol,1
lighters,track,1
address,email,3
d,married,2
ideal,traditions,1
text,u,1
bt,wrnog,2
l8r,u,1
download,free,1
making,thanks,2
exchanged,thanks,1
hope,message,1
lucky,see,1
ll,slow,1
run,without,1
hot,mail,1
happiness,u,2
shit,way,1
complete,drug,1
gossip,hospital,1
love,make,2
miss,wake,3
honeybee,said,3
come,wil,1
cheyyamo,get,1
loverboy,miss,2
really,tonight,1
hp,ibm,1
brother,years,1
feel,imagine,1
2,try,1
stuff,talk,1
ill,sathy,1
brother,really,2
ask,call,1
oh,yes,3
come,ve,1
got,way,1
morning,said,1
better,work,1
ta,tul,1
like,take,1
got,time,1
lt,sell,1
come,daddy,1
say,wot,1
name,roger,1
lt,taking,1
often,oh,1
ok,wif,1
better,reboot,1
mornin,thanku,1
alone,also,1
jus,wait,1
number,tell,1
dat,place,1
furniture,pink,1
buying,end,1
house,new,1
combine,parts,1
planned,tomorrow,1
little,usf,1
get,usually,1
hav,nice,4
hint,hint,1
away,run,3
hopefully,yeah,1
done,revision,1
badrith,chennai,1
around,see,1
lor,str,1
long,take,1
listen,tell,1
anything,eat,1
aunts,great,1
havin,king,1
first,getting,1
change,poet,1
go,still,1
dubsack,get,2
dirty,fellow,1
please,text,1
askin,sent,1
empty,without,2
joke,meant,1
lar,need,2
much,tired,1
ah,okie,1
power,spare,1
hurt,r,1
2nd,watching,1
gastroenteritis,takes,2
number,select,1
day,walking,1
jacket,m,1
e,person,1
guide,u,1
swann,take,1
get,reply,2
colleagues,wish,5
lor,whole,1
boost,replied,2
buy,really,1
ain,smokin,1
money,nosh,1
buy,one,2
cali,great,1
goin,u,1
goes,loverboy,1
desk,mouse,1
crazy,dunno,1
buses,taken,1
full,gist,1
oh,really,2
amp,present,1
great,shoot,1
da,home,1
driving,hr,1
call,msg,2
people,re,1
hope,re,1
rs,wont,1
future,planned,1
scary,shocking,1
sometme,trip,1
jaklin,regards,1
bathe,dog,1
ard,waliking,1
daddy,first,1
responsibility,yet,1
booked,re,1
loving,rock,1
pocay,wocay,1
sake,x,1
da,domain,1
chat,properly,1
birth,company,1
hav,natural,1
anything,special,1
hot,struggling,1
got,shopping,1
3,6,2
meds,says,1
say,umma,1
isnt,sleep,1
superb,thought,1
friend,request,1
american,since,1
ll,two,1
holiday,sunday,4
ain,answerin,1
phone,wrong,1
always,sending,1
getting,re,1
aspects,issues,1
care,financial,1
k,pick,1
doctor,right,1
im,tonight,1
class,one,1
direct,told,1
players,waiting,1
ready,time,1
class,gymnastics,1
didn,let,1
juicy,staring,1
cell,wat,1
ll,snatch,1
dare,stupid,1
u,whn,1
alive,better,1
invite,thanks,1
de,meet,3
oh,ultimatum,2
exposes,knee,1
happen,know,1
kid,re,1
1030,frm,1
car,need,1
often,panicks,1
joined,today,1
love,would,1
challenge,know,1
never,wow,1
end,every,1
33,65,1
looked,ve,1
dont,rush,1
dinner,make,1
lightly,study,1
re,read,1
bill,said,1
prolly,yeah,1
lunchtime,shall,1
guides,heart,1
credit,leave,1
ship,teach,1
recently,started,1
coming,spring,1
darkness,every,1
cant,think,1
20,costs,1
electricity,whole,1
left,message,1
browsin,guy,1
lady,like,1
doesn,zac,1
aldrine,rakhesh,1
d,real,3
saturday,sunday,2
already,rite,2
full,weak,1
maneesha,v,3
get,thinks,1
lor,watch,1
kg,since,1
friends,new,1
cheered,u,1
heart,remind,1
brother,like,1
makes,mistakes,1
screamed,since,1
person,split,1
later,youdoing,1
dippeditinadew,lovingly,2
going,night,2
grins,meatballs,1
anyway,need,1
ente,style,1
less,nigeria,1
net,using,1
seeing,sorry,1
weekend,wonderful,1
askin,lt,1
bevies,fancied,1
depends,would,1
bt,v,1
trying,yup,1
ask,night,1
finish,thought,1
aluable,v,1
get,later,2
could,understood,1
da,k,2
dignity,respect,3
2,bring,3
2,princes,1
bad,test,1
convenience,per,1
last,weeks,1
already,thanx,2
good,happy,2
4,somebody,1
abiola,fill,1
plus,started,1
1st,ur,4
go,shot,1
little,naughty,1
train,worc,1
pls,try,1
canlove,come,1
2,aft,1
smoke,telling,1
100,percent,1
coming,queen,1
everything,must,1
half,jules,1
manual,show,1
nope,think,1
month,sha,1
previous,report,1
thanx,yup,1
eatin,lunch,1
3,face,1
mobile,sim,1
buying,definitely,1
fortune,ur,1
appt,worrying,1
hi,wlcome,1
net,think,1
probably,want,1
becaus,hes,1
lubly,vewy,1
good,used,1
quick,waiting,1
different,wit,1
clear,things,1
darling,sweetheart,1
many,mths,1
sariyag,vehicle,1
nalli,problum,1
car,mom,1
alright,ll,1
2waxsto,wat,2
see,time,1
send,tomorrow,1
loads,reasons,1
boat,party,1
attend,kb,1
chinese,find,1
call,wait,1
dun,tell,1
beautiful,girl,1
left,thing,1
every,pounded,1
get,work,1
buy,later,1
name,yes,1
hello,u,5
nyc,something,1
_,enough,1
get,girl,1
hours,spend,1
idea,slurp,1
name,person,3
shower,takin,1
address,incomm,1
bored,death,1
back,hustle,1
take,wont,1
life,thing,1
didn,include,1
5,pavanaputra,1
thing,world,1
cos,dun,1
alex,ask,2
may,tho,1
borrow,could,1
secure,think,1
hey,still,1
morning,sleeping,1
perfect,time,1
usps,way,1
carlos,could,1
first,special,3
sheets,sorry,1
happy,new,19
shop,stop,1
ll,tell,7
didn,remember,1
ah,tmr,1
forever,stay,1
arts,today,1
boy,ran,2
make,want,1
sec,somebody,1
play,wanna,1
laugh,see,1
ask,keep,1
eta,made,1
dun,y,3
game,think,1
great,hear,1
bishan,cos,1
back,beautiful,1
changed,men,1
judgemental,save,1
attempt,terrorist,2
like,really,2
cause,fix,1
break,since,1
eek,haven,1
evng,gud,6
lor,u,15
reply,tomorrow,1
dat,route,1
become,done,1
thing,whole,1
50,pax,1
wonders,world,4
da,money,1
ebay,might,1
morning,warm,1
4,hop,1
catch,thats,1
m,stuff,1
amore,wat,1
msgs,r,1
da,started,1
forget,u,1
d,hit,2
phone,talk,1
ok,p,1
going,ok,2
others,plz,1
wanting,work,1
dont,someone,1
email,hi,1
pie,wine,1
isn,pan,1
came,jus,1
2,havent,1
charles,gate,1
ll,ring,1
numbers,still,1
advance,happy,1
feels,someone,4
dun,n,1
account,receive,1
library,sort,1
fingers,getting,1
running,world,1
passed,still,1
ask,shuhui,1
finish,wait,1
ard,home,1
breakfast,wif,1
4,luck,1
dedicate,send,2
class,freedom,1
ll,prob,2
flirting,shop,1
dey,u,2
ll,post,1
running,sea,1
bt,quiet,1
hurry,sick,1
miss,vday,1
time,year,2
2,ink,1
friendship,game,2
hoping,l8r,1
going,work,2
anytime,lor,1
way,whatever,1
crab,day,1
hw,keep,1
hey,veggie,1
reply,y,1
anderson,edwards,1
knw,wt,3
sorry,telling,1
bath,finish,1
lobby,meet,1
lager,see,1
conected,stay,1
call,mine,1
get,phd,1
enjoyed,hope,1
flea,forums,1
ate,u,1
finally,kerala,2
u,weirdo,1
massage,taxt,1
cos,lect,1
always,c,1
docs,treat,1
one,today,1
getting,u,2
da,whats,2
maat,means,1
2,childish,1
disasters,natural,1
c,w,1
ben,going,2
event,next,1
alex,says,1
cuz,ll,1
care,least,1
dearly,love,2
difference,smile,1
edition,second,1
joanna,omg,1
belovd,lifpartnr,3
lazy,liao,1
cheers,u,1
da,lar,1
merry,xmas,2
looked,since,1
great,week,4
good,study,1
ah,machi,1
call,drove,1
adsense,approved,1
diff,guess,1
_,message,1
course,nervous,1
2mrw,want,1
anyway,kano,1
broad,st,2
sittin,waitin,1
alright,fone,1
could,tick,1
happy,say,1
alone,food,1
first,love,1
free,leh,1
get,tm,1
ar,word,1
go,go,2
show,wot,1
moments,share,1
hope,unique,1
blanked,gt,1
day,one,2
dat,one,1
present,swatch,1
pretty,reasonable,1
quite,short,2
actually,born,1
cuz,ibored,1
bb,soon,1
take,ten,1
thout,u,1
gd,luck,2
already,sort,1
keep,morning,2
address,sir,1
google,maps,1
cos,v,1
leaving,u,2
ktv,oso,1
place,work,4
making,moms,2
calculation,method,1
bad,days,2
gd,lor,2
ask,someone,2
everybody,tell,1
d,u,1
g,want,1
bottom,makes,1
didn,way,1
maneesha,spoke,3
hope,wonderful,1
much,simpler,2
naughty,v,1
indian,version,2
always,singing,1
done,re,6
eh,forgot,1
good,life,3
creativity,help,1
rain,smile,2
feeling,really,1
lunch,men,1
cuz,gpu,1
every,time,3
lt,msg,1
pls,progress,1
gt,mins,8
gee,tuition,1
4,goigng,1
means,shouting,1
see,tonight,1
home,probably,1
4,anything,2
get,n,3
best,maybe,1
private,property,1
pin,show,1
ryan,week,1
credit,m,1
thing,time,1
appeal,drink,1
rice,u,1
message,understand,1
help,please,2
_,erm,1
drugs,without,1
promise,ring,1
9pm,r,1
shirts,wear,1
lovejen,xxx,1
helps,problem,1
happy,journey,1
also,john,1
eat,macs,1
anything,buy,1
ok,things,1
hiphop,open,1
mum,ve,1
think,turns,1
tranquility,ur,1
sooner,thought,1
dude,files,1
gently,please,1
gonna,worry,1
phone,sorry,1
related,trade,1
lor,smth,2
completed,degree,1
said,short,1
lion,something,1
got,n,2
d,forgiven,1
dear,school,2
got,raining,1
breathing,know,1
hail,rain,1
aren,next,1
late,yeesh,1
looking,things,1
miss,morning,1
claire,time,1
gud,u,1
office,ur,1
escalator,next,1
around,someone,1
good,point,1
el,nino,1
annie,u,1
dunno,whether,1
gets,one,1
coming,r,1
people,use,1
range,want,1
got,postponed,1
hlday,like,1
kinda,one,1
oh,yah,1
4th,shahjahan,1
got,toshiba,1
lor,msg,1
always,boooo,1
said,week,1
card,wif,1
hw,ru,1
back,come,11
everyone,saying,1
finally,ready,1
dasara,happy,1
going,yoga,1
captaining,party,1
couple,hours,1
already,ok,1
bad,dream,1
babe,bring,1
ends,sh,2
inspection,nursery,1
hope,smiles,1
hrs,meet,1
home,lor,2
forever,gud,1
really,scraped,1
cars,gr8,1
beautiful,needs,1
dai,lt,1
k,might,1
boy,hope,1
piggy,r,1
dont,let,3
internet,really,1
point,see,1
contact,send,1
gave,guess,1
ill,surly,1
ah,gee,1
b,drivin,1
called,ok,1
finishing,soon,1
gently,let,1
loved,loving,1
meet,u,3
meanwhile,right,1
like,never,1
n,taking,1
afternoon,glorious,1
love,lt,2
didnt,pick,1
eat,u,3
2,occupy,1
tats,y,1
always,owns,1
never,released,1
room,spare,1
life,necesity,1
next,time,1
dang,oh,1
haha,sounds,1
fine,happy,4
desert,geoenvironmental,1
hope,ptbo,1
late,leh,1
farting,night,1
knowing,well,1
fine,inshah,1
immediately,return,1
pa,pain,1
drunk,motherfucker,1
hi,u,2
k,performed,1
need,strong,1
ho,ho,2
haven,signal,1
4,many,2
bus,work,1
already,eat,2
away,harlem,1
acc,enough,1
back,earlier,1
dont,give,1
like,well,1
cost,research,1
india,like,1
1,bowls,1
blue,heron,1
nice,vl,1
child,job,1
name,wit,1
hospital,kept,1
birds,waiting,1
gonna,u,2
feel,stupid,1
getting,guys,1
home,reached,5
sn,x,1
sighs,years,1
anything,except,1
good,hiya,1
dear,didnt,1
hours,might,1
tomo,ya,1
ll,shows,1
facebook,pictures,2
need,tim,1
though,wednesday,1
cheesy,songs,1
deal,gt,1
propose,u,1
friends,thru,1
buddy,c,1
hanging,thread,1
better,yay,1
figure,point,1
going,hows,1
internet,outage,1
beta,sounds,1
busy,lar,1
better,stops,1
frens,ur,1
ctagg,ie,1
mail,sent,1
gautham,playing,1
cant,see,1
2,months,2
underwear,white,1
baby,poor,1
english,needed,1
freaked,m,1
lesson,msg,1
cancer,throat,1
consistently,result,1
divorce,got,1
later,sch,1
feng,tai,1
free,gym,1
need,sary,1
afternoon,later,1
meet,n,1
monday,sure,1
many,many,5
rv,u,1
dnt,pls,3
drugs,walks,1
number,oh,1
meh,u,1
8,9,2
debating,whether,1
place,poorly,1
much,tuition,1
search,tat,1
sorry,took,2
movies,side,1
done,haven,2
got,hey,1
commercial,one,1
bad,isnt,1
citizen,every,1
4,days,1
2,spoken,1
hoo,woo,1
buying,school,1
bday,feel,1
getting,ll,1
goin,nt,1
life,smiled,1
k,true,1
big,report,1
texd,u,1
home,movie,1
dog,going,1
caught,till,1
darren,guessed,1
stop,wondering,1
hiya,stu,1
food,place,1
gona,waz,1
hand,right,1
bus,directly,1
good,sleep,4
nalla,otherwise,1
meaningless,moments,1
depressed,sittin,1
ptbo,trip,1
doesn,girl,1
despite,skateboarding,1
b,sorted,1
call,pls,5
