preferably,well,1
4,call,1
hi,saying,1
home,return,2
bad,feel,1
even,home,1
7,matured,4
marry,pple,1
anthony,bringing,1
gal,letter,1
staring,ve,1
fyi,ready,1
gone,sisters,1
fuck,mmm,1
cos,watch,1
frens,guys,1
get,tickets,2
would,yijue,1
imposter,need,1
nothing,worry,1
love,missing,1
food,terrific,2
american,freek,1
better,feeling,2
burnt,keys,1
actually,fuck,1
one,time,1
days,great,2
almost,u,1
ericson,sony,1
fun,n,1
amazing,quote,1
boytoy,mummy,1
hmmm,yet,1
gari,pack,1
joke,number,1
paul,y,1
celebration,thats,1
hi,princess,1
gets,work,1
finally,leave,2
got,seventeen,1
ok,supose,1
nights,rememberi,1
awww,dat,1
gym,lesson,1
lot,thats,2
bye,ummifying,1
kate,lovely,1
back,u,4
impossible,thk,1
bored,msg,1
amp,conducts,1
help,ve,1
like,sunny,4
ll,work,4
gonna,see,2
tell,time,1
r,today,1
chat,phone,1
neva,worry,1
first,place,1
b,re,1
dinero,left,1
ask,cos,1
lol,whatever,1
ask,never,1
later,torch,1
il,reply,1
imma,start,1
comp,ship,1
came,online,1
2b,terminated,1
everyboy,needs,1
question,sister,1
may,u,3
album,due,1
die,stay,1
k,watch,1
forgot,takes,1
broadband,processed,1
aight,thanks,1
jazz,oso,1
aiyah,wait,1
tonight,yeah,1
pick,tomorrow,1
said,train,1
send,ten,4
booked,ve,3
b,bathing,1
last,opportunity,1
meeting,still,1
awesome,text,1
alex,around,1
alrite,sam,1
dan,reminded,1
date,sunday,1
fixed,taking,1
also,dunno,1
also,think,1
lol,oops,1
first,stuff,1
apparently,happens,1
buen,tiempo,1
although,fact,1
let,love,2
money,yet,1
coach,urgh,1
give,love,2
deep,well,1
saying,worry,1
imf,loan,1
move,smart,1
scream,sent,1
ettans,prasanth,1
piss,u,1
address,icky,1
job,new,5
omg,shut,1
around,need,1
even,infections,1
think,ym,1
omg,one,1
cannot,come,1
full,rights,1
awesome,ll,1
dont,gimme,1
account,identification,1
im,leaving,3
covers,face,1
good,shaping,1
girl,waiting,1
brown,u,1
jus,modules,1
everyone,questioned,3
ikea,without,1
know,think,1
lt,wanted,1
k,sure,1
gep,home,1
gibe,til,1
afraid,m,3
cd,forget,1
grasp,want,1
js,nit,1
like,weakness,1
sugar,tests,1
exmpel,jsut,2
first,somewhere,1
den,haha,1
met,re,1
moan,scream,2
birthday,thanx,1
group,liao,1
charge,probably,1
games,mean,1
couple,weeks,1
egg,two,2
singapore,wat,1
know,wants,2
class,lets,1
understand,wine,1
50,shd,1
bishan,y,1
98321561,num,1
grooved,im,1
_,lar,2
baby,without,1
callertune,set,5
relation,saves,1
dancing,frnt,1
oil,pa,1
take,want,1
change,dare,1
_,head,1
keep,weather,1
amp,rose,1
ryan,wylie,1
money,save,1
m,mu,1
food,mm,1
completely,forgot,1
blocked,money,1
didn,listen,1
party,sheets,1
got,lido,1
careless,let,1
flat,one,1
gt,year,1
last,yes,2
ya,yet,2
dis,sis,1
se,zhong,1
others,told,1
ask,superior,1
forgot,say,1
dont,wife,1
1,friend,1
going,xuhui,1
9,simple,4
lor,message,1
order,upping,1
california,sunny,1
da,feeling,1
also,find,1
phoned,wasnt,1
impressed,v,1
ache,picture,1
ctter,cutter,1
details,u,1
life,name,1
abt,got,1
mushy,saying,1
however,speak,2
ok,shd,1
also,exposed,1
eat,wan,1
3,fucking,1
costs,normal,1
usual,yeah,1
called,people,1
already,friends,1
find,u,8
cornwall,hope,1
ringing,working,1
2,every,1
m,work,4
lar,m,2
going,shell,1
finally,want,1
guys,shit,1
nearer,need,1
lots,places,1
ask,oso,1
also,dont,1
already,robinson,1
gentle,unlike,1
10,den,1
grl,love,1
duvet,predictive,1
jacuzzi,pool,1
bt,fightng,3
need,remember,1
bilo,marriage,1
casualty,means,1
bak,holiday,1
come,soon,2
needed,tortilla,1
message,thought,2
got,tallent,1
leave,orchard,1
needing,u,1
possible,things,1
pick,want,1
juicy,nice,1
guy,town,1
next,time,1
cheese,gt,1
forgt,us,1
movie,watch,1
miss,phews,1
think,ur,1
k,see,1
today,u,2
eat,western,1
d,walking,1
f,grahmbell,3
okay,thought,1
accent,important,1
edu,great,1
n,thurs,1
cool,day,1
hire,hitman,1
never,try,1
matter,wats,2
everyone,waiting,1
da,num,1
darren,going,1
creativity,stifled,1
cause,thinks,1
love,praises,1
dramatic,schools,1
cards,drop,1
rugby,wed,1
headache,trying,1
apartment,buy,2
go,shud,1
pain,sleep,1
drive,want,2
4,lunch,11
another,batch,1
1205,one,1
much,semester,1
bucks,dad,1
switch,ur,1
530,show,1
blacko,fassyole,1
message,reaching,1
anything,chance,1
addie,k,1
like,treat,1
cant,liao,1
need,yo,1
god,thts,1
5mls,lt,1
arab,de,1
keep,one,3
level,series,1
msg,wrnog,2
wif,yest,1
good,keep,1
exactly,mth,1
deposited,money,1
madodu,yen,1
use,want,1
blake,gonna,1
century,cm,1
comin,twins,1
m,rite,1
happy,side,1
plans,us,1
know,wait,1
sign,smth,1
already,wan,1
receive,something,1
speak,whenever,1
like,store,1
pain,u,3
gt,iq,2
look,mp3,1
starting,tell,1
hear,might,1
call,da,3
big,shoot,2
school,work,1
6,9,1
pick,rayan,1
vewy,vewy,1
planet,whole,1
2,liao,1
face,sub,1
beloved,wit,1
hundred,set,1
buy,hee,1
sweet,worry,1
ill,try,2
amplikater,masteriastering,1
everything,failure,1
crisis,minor,1
r,watching,1
really,wish,1
lt,send,4
brolly,ur,1
pix,would,1
finish,trying,1
c,vitamin,1
cuddling,two,1
na,re,1
lekdog,millions,1
kettoda,luv,4
guai,shd,1
recognise,sorry,1
call,phones,1
far,ptbo,1
lt,probably,1
hence,month,2
going,mr,1
put,sometimes,1
sick,still,1
evening,wonderful,1
petrol,pump,1
think,won,1
girl,still,1
abt,mei,1
j,wot,1
end,throat,1
izzit,sem,1
cost,hire,1
days,last,1
please,re,1
pick,y,1
c,soon,1
buy,could,1
didnt,hear,1
come,right,1
hard,rough,1
ll,tonight,1
de,goss,1
life,stores,1
blackberry,bold2,1
come,cud,1
ve,warwick,1
booking,fri,1
feb,mid,1
invite,never,1
dt,time,2
bad,happiness,2
6hrs,see,1
anyways,far,1
plz,slovely,1
first,thinked,1
anything,d,1
princess,tall,1
great,yep,1
2,aproach,2
earlier,sch,1
changed,phone,1
apologise,cali,1
around,leave,1
generally,isn,1
melle,melle,3
costs,know,1
bt,seconds,1
damn,hello,1
always,da,1
2,siva,1
fish,went,1
number,someone,1
didnt,hope,1
m,tom,1
care,understand,1
re,set,2
hi,smiling,1
even,mine,1
give,number,1
skye,started,1
less,one,1
beautiful,clearing,1
readiness,test,1
2,stop,1
hope,remember,1
hol,message,1
listen,voice,1
miss,really,3
cos,like,2
call,email,1
call,voice,1
end,especially,1
badly,go,1
ambrith,madurai,1
early,next,1
diet,m,1
4,weekends,1
3,mumtaz,1
going,vijay,2
send,sweet,1
ran,the4th,1
longer,pisces,1
could,like,1
semester,take,1
quality,receiving,1
care,u,2
ah,see,1
ebay,money,1
k,month,1
hearted,pure,1
m,still,8
axis,bank,1
eat,fo,1
cant,nigh,1
ans,jus,1
got,u,6
haf,y,1
dont,tell,2
bf,v,1
chasing,dream,1
call,school,1
burgundy,ron,1
courtroom,g,1
corect,wid,1
head,reason,1
got,meet,1
got,message,1
hi,jon,1
cheap,like,1
depends,u,1
bus,love,1
lololo,ok,1
eyes,gaze,1
free,hey,1
da,jst,1
e,sarcasm,1
long,park,1
plan,pongal,1
heart,keeping,1
bf,horrible,1
gal,jst,1
esplanade,going,1
hello,wiv,1
lunch,ur,1
hurt,shows,1
clock,needle,1
chicken,curry,1
audrie,lousy,1
games,give,1
need,sis,1
church,holla,1
called,left,1
around,lot,1
lingo,see,1
ll,tho,1
least,price,1
cherish,guys,1
ahmad,hear,1
basq,ihave,1
hello,r,1
shuhui,telling,1
free,think,1
make,trip,1
sar,tau,1
lover,sister,3
convinced,time,1
know,lets,2
minute,ok,5
horrible,u,1
aft,lor,2
engalnd,telly,1
alright,seems,1
ok,would,1
drms,swt,2
gud,n8,1
check,didn,1
big,loads,2
honey,still,1
hear,unless,1
mode,ok,1
ad,hey,1
knw,sry,1
area,one,1
m,one,1
deal,shit,1
gram,second,1
drugs,get,1
get,step,1
loosing,second,1
college,medicine,1
konw,waht,2
consent,forms,1
great,well,1
course,hey,1
got,taunton,1
carlos,yo,1
id,pissed,1
got,words,1
find,wtc,1
fill,worry,1
oh,thanks,2
free,may,1
advice,legal,1
amp,calld,2
matter,whats,1
2,able,2
nobody,went,1
begging,change,1
amount,terrible,1
bad,positive,1
fri,home,1
friend,ur,1
haf,run,1
makes,wine,1
face,purple,1
nothing,u,1
go,shouldn,2
come,see,1
msg,wait,1
try,way,1
better,evening,1
430,tobed,1
hope,slept,1
adds,life,1
earlier,lor,1
much,playing,1
air,hot,1
paid,tuition,1
guide,ur,1
bin,ive,1
mids,sells,1
networking,technical,1
great,semester,4
getting,im,2
break,times,1
college,finished,1
4,hip,1
always,lead,1
already,haha,1
_,neva,2
ride,x,1
txt,u,4
bathe,da,1
leaves,worries,4
make,time,1
computer,film,1
smiling,wonder,2
nordstrom,re,1
bay,gud,3
beside,watching,1
cant,imagine,1
best,understanding,1
shall,street,1
1,time,1
mmm,property,1
lot,pple,1
sent,wife,1
2,meals,1
d,friday,1
old,people,1
ard,b,1
sarcastic,tell,1
lect,saw,1
2,left,1
mu,tonight,1
n,puttin,1
challenging,know,1
desperate,ll,1
back,look,1
love,stereo,1
much,wine,1
permanent,residency,1
suggest,xy,1
town,weekend,1
dad,gonna,1
3,c,1
m,meeting,5
lil,times,1
habit,nan,1
lot,suffers,1
let,morning,1
going,invited,1
c,thk,1
c,e,1
suddenly,thk,1
abt,e,1
help,need,1
4,lane,1
morning,ym,1
give,lift,1
buy,care,1
boy,hogolo,1
boy,device,1
wanted,yar,1
embarassed,realized,1
later,ring,1
thanks,thinking,1
m,nt,1
go,willing,2
love,voice,1
amp,pain,1
rael,waht,2
flaked,guessing,1
feel,won,1
bath,good,1
guess,needa,1
begin,every,1
everything,told,1
fowler,m,1
less,magical,2
smarter,though,1
believe,one,1
cut,dun,1
impress,shit,1
hit,zoe,1
pain,surgical,1
cos,sha,1
awesome,might,1
bed,stay,1
company,takes,1
car,wasn,1
dislikes,likes,2
affections,amp,1
missing,text,2
2moro,ya,1
maybe,one,1
r,today,1
card,xxx,1
somone,though,1
ceiling,fix,1
contract,thought,1
180,ard,1
afghanistan,iraq,1
medicine,sleep,1
room,room,1
kittum,nattil,1
also,maaaan,1
coming,hill,1
customer,service,2
found,piece,1
u,yun,1
gone,mad,1
giv,spinout,1
shes,thinks,1
loss,replace,2
monday,next,1
home,stayed,1
full,gettin,1
banks,removed,1
bit,left,1
basket,gettin,1
always,r,2
reading,semi,1
aeroplane,aftr,2
either,idea,1
excuse,fine,1
dressed,home,1
know,liao,1
lor,saw,1
fish,lmao,1
sir,sleeping,3
asked,frnd,1
great,gt,1
2,mark,1
shoranur,train,1
anything,heard,2
ah,well,2
let,pls,2
also,time,1
boyf,ive,1
fuck,hit,1
continue,pls,2
certainly,puts,1
around,mu,1
done,y,2
failed,probably,1
building,great,1
e,la,1
bother,y,1
sis,ur,1
gave,pain,1
o,played,1
answer,first,1
m,yeah,1
get,means,1
know,well,3
gt,lt,12
already,today,1
dysentry,fever,1
dont,say,2
actin,fallen,1
good,thing,1
sweets,week,1
aight,ve,1
babe,nice,1
balance,lt,1
cum,sticky,1
sat,small,1
everyone,smoke,1
always,safe,1
gonna,yo,1
get,soon,1
aft,morn,2
find,hurt,1
last,lt,1
sorry,thangam,1
enjoy,shall,1
around,done,1
2,4ward,1
google,search,1
play,ps3,1
hardest,try,1
real,taste,1
ic,thought,1
ass,go,1
go,tis,1
kind,pain,1
keep,life,1
get,stopped,1
aight,sorry,1
asleep,dear,1
effects,sound,1
finished,march,2
2,ne,1
hope,sleep,2
single,time,1
anything,heavy,1
guys,u,2
finally,re,1
little,party,1
find,something,1
u,using,1
loud,u,1
like,participate,1
change,ring,1
hope,using,1
aids,patent,1
charles,sorry,1
ill,tell,2
clean,say,1
support,technical,4
asking,de,1
ogunrinde,school,1
bored,get,1
2,luv,2
scream,weighed,1
lt,mileage,1
legal,particularly,1
ill,still,1
friends,use,1
questions,test,1
bhaji,told,2
bet,take,1
eveb,gud,2
e,protect,2
necessary,remind,1
meh,work,1
1,many,1
call,cost,1
pee,sales,1
say,yrs,1
babe,m,2
bank,facilities,1
birth,control,1
dr,reply,1
packing,re,1
_,wif,3
next,vote,1
fun,instead,1
like,u,6
nitro,requests,1
could,lol,1
loan,said,1
ex,rtm,1
oh,said,1
ends,life,3
life,others,1
denis,want,1
free,send,3
hook,use,1
jobs,ta,1
loving,prey,1
early,know,1
sorta,ve,1
keep,touch,7
chat,sms,1
says,still,1
uin,wk,1
jumpers,shirts,1
floor,something,1
bright,sun,1
last,two,2
fr,get,1
actually,called,1
kids,n,5
day,training,1
need,send,1
days,ok,1
last,one,1
huai,juan,1
already,left,1
staff,whats,1
art,wanna,1
good,indian,1
forever,roads,1
fucked,like,1
ain,tobacco,1
congrats,treat,1
flaky,one,1
go,muz,1
lt,stop,1
biro,wont,1
christmas,thing,1
song,yup,1
knw,nt,1
cant,mood,1
gd,got,1
m,woot,1
bad,really,2
guy,kadeem,1
done,work,2
car,ll,1
password,reset,1
chapel,wedding,1
guess,pub,1
came,last,1
send,whatever,1
give,ill,2
babe,miss,4
bag,m,1
pig,yesterday,1
bit,little,3
4,something,1
1,bristol,1
person,sort,1
thought,trip,1
go,jiayin,1
2,new,1
alternative,hope,1
fault,robs,1
gal,loved,2
even,ya,1
coming,keeps,1
california,issues,1
hasn,yetunde,1
1,feb,1
every,take,1
mistake,thangam,1
4a,meal,1
say,syllabus,1
den,eh,1
times,wk,1
get,idc,1
kindly,send,1
changed,woulda,1
2,wellda,1
come,faster,1
married,mumtaz,1
gr8,rock,1
bad,unintentionally,1
ask,mm,1
noe,u,7
wat,wont,1
doin,ur,1
exactly,murder,3
many,ok,1
burial,enjoyed,1
call,sum,1
haf,u,2
picking,vegetables,3
chennai,thirunelvali,1
come,din,1
dino,service,1
m,soryda,3
blogging,magicalsongs,1
2,weapon,1
aight,still,1
almost,know,1
mmmmm,sooooo,1
beyond,time,1
avoiding,unconsciously,1
partnership,u,1
one,ubi,1
2,stay,3
grins,sofa,1
nite,please,1
reply,wat,1
si,si,1
chance,much,1
nite,scenery,1
bank,natwest,1
best,get,2
alle,mone,1
life,spend,1
d,gud,2
big,win,1
lt,x2,1
intelligent,lt,1
_,sat,1
meh,time,1
guys,miss,1
aiya,dunno,1
losers,stuff,1
ill,wales,1
applebees,nothing,1
friends,school,1
billion,ten,1
person,till,1
take,z,1
going,today,2
fridays,save,1
ask,home,1
lol,mad,1
g,gt,3
already,coz,1
back,far,1
heart,like,3
card,uk,1
dessert,u,1
drink,fancy,1
d,rule,1
doesn,heart,1
able,wife,1
fuck,sake,1
freshers,voice,1
hope,today,2
charge,phone,1
feel,remember,1
memory,need,1
god,wonderful,1
monkeespeople,werethe,1
doggy,enjoy,1
dead,slow,1
6,meh,1
rumbling,start,1
fake,job,1
give,nanny,1
well,welp,1
thm,threw,2
im,sorry,4
2yrs,course,1
dependable,lt,1
madam,take,1
wana,ya,1
come,ll,4
practice,tc,2
display,texts,1
know,one,1
allalo,pole,1
boye,uncle,1
forevr,gudnyt,1
abusers,lives,1
brings,rest,1
mobile,number,2
ahold,anybody,1
d,family,1
thk,wat,1
need,yup,1
number,still,1
buy,dad,1
buzz,d,1
m,tonight,1
2go,wants,1
depressed,didn,1
lie,say,1
hurts,studying,1
actually,send,2
favour,pls,3
boytoy,smacks,1
dear,gud,2
present,ron,1
2,trainners,1
midnight,movie,1
got,thanx,1
mom,would,1
influx,sudden,1
talks,wats,1
next,parked,1
going,sat,1
hour,longer,1
alaipayuthe,set,2
help,mind,1
dude,party,2
love,people,2
thanks,way,1
nri,rakhesh,1
dedicated,song,2
ic,lol,1
3,nite,1
drink,sometime,1
asking,photos,1
bored,tv,1
beeen,tohar,1
amount,small,1
alwa,gud,1
aint,quality,1
dont,restrict,1
friendship,necessary,1
like,looks,5
m,voice,1
kerala,version,2
difficulties,errors,1
sat,tell,1
less,listen,1
guys,meet,1
easy,list,1
investigate,need,1
afghanistan,stable,1
car,da,4
2,dates,1
cuz,weak,1
touch,ve,1
battery,sorry,2
atlast,remains,1
chip,fat,1
hope,thats,1
buns,goes,1
vikky,vl,1
life,ur,1
pass,silently,1
look,suntec,1
call,carlos,1
purple,u,1
boytoy,feeling,1
first,right,1
late,m,1
amp,mobile,1
aren,meds,1
day,last,1
flaky,got,1
didn,mean,3
meant,yep,1
dream,live,1
nowadays,people,1
love,one,2
cardiff,hope,1
pizza,turn,1
mins,see,1
foot,penis,1
tobed,went,1
iam,know,2
fast,lose,1
answer,man,2
cant,haha,1
5,work,1
gained,lt,1
new,something,1
check,cos,1
benefits,risks,1
coupla,u,1
friend,stuff,1
first,two,1
2,ive,1
care,n,5
mine,works,1
liao,nice,1
2,bb,1
gonna,mind,1
case,plan,1
let,still,1
buy,juz,2
k,wait,1
hand,interesting,3
transfer,want,1
relocate,trying,1
like,listening,1
im,youphone,1
1st,modules,1
burns,pee,1
nurungu,vettam,3
10,pages,1
come,karnan,1
anything,u,1
know,z,1
morning,tight,1
devouring,kiss,2
firefox,loads,1
figure,weed,1
lazy,working,1
anyones,without,1
onwards,tmr,1
account,money,1
bimbo,ugo,1
believe,forgot,1
b4,toot,1
saw,time,2
buzzzz,grins,1
boytoy,teasing,1
tho,time,1
already,lor,2
associate,support,1
best,e,3
msg,sad,1
many,ummmmmaah,3
god,grace,1
1,pm,1
gee,thk,1
7,days,1
6,weds,1
part,ur,2
asleep,still,2
email,mind,1
early,tomorrow,3
steyn,surely,1
join,m,1
cos,m,5
darren,n,1
connection,internet,1
bank,later,1
dinner,lor,2
sent,type,1
big,dent,1
big,god,1
chinnu,full,1
based,idps,1
dorm,place,1
however,unmits,1
bell,get,1
done,im,1
4,mb,1
group,senthil,1
coming,im,1
leave,think,1
made,u,1
helen,mo,1
felt,shit,1
discuss,housing,1
bike,ride,1
busy,seem,1
called,texted,1
joys,one,1
person,stress,1
chocolate,melt,1
2bold,torch,1
language,one,1
home,see,1
2,msg,3
sumfing,virgin,1
durban,hi,1
gas,one,1
janx,p,1
finish,watching,1
keep,pix,1
dis,num,1
april,february,1
horrible,u,1
busy,street,1
built,dis,1
going,rhode,1
acc,draw,1
2,today,1
birthday,today,1
soc,use,1
believe,leh,1
meanwhile,talk,1
dunno,network,1
mon,next,1
bishan,cos,1
exhibition,glass,1
leh,money,1
female,v,1
2getha,get,1
face,tension,1
prey,think,1
im,way,2
immed,respond,1
lor,yest,1
sis,using,1
know,work,1
get,til,2
meaning,miss,2
dun,mind,1
division,points,1
nicky,x,1
mean,texting,1
fine,good,1
huh,slow,1
6ish,mine,1
find,please,2
days,three,1
around,place,1
always,place,1
sim,use,2
isn,minecraft,1
2,mum,1
ask,help,1
experience,u,2
2,lessons,1
lar,tot,2
gotta,ive,1
happy,morning,2
coz,truth,1
poorly,thought,1
stuff,today,1
go,yoga,1
closed,tomorrow,1
hey,loverboy,1
darlin,understand,1
due,re,1
back,kerala,1
bcoz,sunlight,1
ad,craigslist,1
lou,yeah,1
started,training,1
room,whenever,1
calling,mobile,2
clever,quite,1
currently,scotland,1
sleep,want,2
brother,dear,2
kind,life,1
alright,de,1
expert,thought,1
possible,witot,1
buying,interested,1
day,minutes,1
sth,work,1
buy,wif,1
last,started,1
amp,morning,1
goin,lor,2
confidence,means,1
asking,gym,1
olave,watching,1
could,much,1
type,words,3
skype,take,1
bloke,weddin,1
intro,next,1
one,suggest,1
lt,ready,3
going,yesterday,1
less,much,1
india,poor,1
apartment,chennai,2
lar,nearer,1
birthday,wishes,6
der,lt,1
b,self,1
moment,revealing,1
best,reading,1
mine,oclock,1
m,occupied,1
d,paid,1
hard,mah,1
erm,woodland,1
fuck,hey,1
friday,news,1
m100,portege,1
b,prepared,1
man,stash,1
aft,thk,1
2,hanuman,1
know,yeah,1
laptop,movies,2
ask,u,5
lets,plan,1
eleven,plus,1
u,watevr,1
missing,pshew,1
post,unjalur,1
still,still,1
guy,rite,1
morning,ve,1
accenture,confirm,1
longer,look,1
d,isaiah,1
able,drug,1
bed,literally,1
loan,need,1
admit,u,1
heading,towards,1
one,stop,2
alrite,hunny,1
thou,upto,1
also,let,1
eating,restrict,1
com,mail,1
notes,oredi,1
fast,liao,1
deeraj,drpd,2
bring,med,1
bit,bloody,1
box,home,1
asked,boy,1
calls,voice,1
manege,y,1
fr,ndship,1
countin,oh,2
princess,world,1
n,wife,5
believe,said,1
got,ten,1
actually,never,1
get,wanna,2
thts,y,2
reppurcussions,serious,1
check,tell,1
stop,wont,1
boytoy,think,2
chat,click,1
doin,shit,1
good,need,2
last,sleep,2
loud,really,1
burn,think,1
could,guild,1
going,r,3
house,sort,1
2,need,8
get,suite,1
lei,shd,1
driving,enjoy,1
costs,risks,1
site,uworld,1
bout,textin,1
da,hi,1
pay,price,1
meal,tonight,1
calling,texting,1
bhayandar,peripherals,1
know,place,1
fond,souveniers,1
call,senthil,1
want,week,1
evening,il,1
re,tog,1
im,longer,1
rajnikant,stopped,1
dude,go,1
much,spend,1
later,noe,2
2,life,1
ge,tmr,1
flat,rate,1
every,waking,1
like,peeps,1
abiola,year,1
urgently,vry,3
get,place,1
fun,sorry,1
goodmate,r,1
dent,im,1
going,send,1
mahfuuz,meaning,1
miss,scrappy,1
everything,love,1
transport,way,1
gn,heart,2
cancelled,needs,1
even,hates,1
accidant,might,1
park,sure,1
already,concentrate,1
1680,1843,1
causes,mutations,1
mind,ve,1
like,sms,1
princess,sexy,1
go,meet,3
friends,including,2
expecting,mine,1
like,number,1
comes,made,3
description,nuclear,1
ass,epsilon,1
cost,guess,1
happy,splash,1
anyway,tip,1
gone,im,1
making,tightly,1
bag,file,2
got,oooh,1
omw,start,1
jaya,talk,2
far,meet,1
hows,mo,1
3230,textbook,1
dear,reached,1
half,hour,6
n,sat,2
carefully,heart,4
drug,three,1
pa,reply,1
sch,wat,1
send,try,1
hee,lecture,1
de,went,1
come,home,2
en,samachara,1
excuse,much,1
everything,thank,1
mail,mailed,1
giving,love,1
ahead,smoke,1
know,whats,2
il,kano,1
class,u,1
another,number,1
juz,wat,1
gonna,start,1
aboutas,buttheres,1
done,ve,1
home,love,3
baby,im,2
darren,lor,1
ignore,u,2
e,instructions,1
another,oh,1
15pm,go,1
lock,move,1
dont,miss,2
bb,gt,1
class,hrishi,1
2,got,2
like,year,1
causes,uv,1
dont,use,2
actually,believe,1
got,mcat,1
dont,message,1
ll,plenty,1
couldn,hard,1
callon,phone,1
everyone,making,1
2,remember,1
fond,images,1
ll,sorry,39
get,passable,1
pick,swing,1
get,ym,1
iam,usual,3
boston,says,2
got,lect,1
across,kiss,6
early,little,1
den,frndshp,1
forever,take,1
fall,u,3
emergency,see,1
hope,job,1
motorola,n,2
meet,text,1
call,hand,1
gonna,smoke,1
become,hee,1
everyone,gas,1
make,way,1
need,read,1
job,one,1
night,staying,1
barely,much,2
infront,tell,1
hair,lit,1
2,shopping,1
topic,yet,1
2,want,8
know,someone,1
without,world,1
papers,sem,1
died,yeah,1
movie,wat,1
brings,rinu,1
loads,planning,1
lt,time,7
cine,den,1
2,rain,3
mapquest,something,1
begin,call,1
confirm,deny,1
nigeria,r,1
derek,yep,1
pig,really,1
card,great,1
3,u,5
build,eventually,1
today,wonderful,1
c,later,1
2,house,1
goin,workout,1
soup,tortilla,1
escape,fancy,1
already,orchard,1
occupied,table,1
either,u,3
g,wasted,1
coast,haiz,1
ill,prob,2
send,text,2
ar,crazy,1
r,uin,1
m,smoking,1
babe,get,1
ll,renewal,1
m,thinks,1
miss,take,1
hurt,nonetheless,1
play,whether,1
runs,stop,1
ah,waitin,1
lt,pay,4
exam,later,1
guy,oz,1
ll,make,5
kiss,loving,4
tomorrow,wanna,1
crisis,home,1
change,life,1
go,ok,1
home,jess,1
call,ve,1
since,week,1
hoped,really,1
funs,impressed,1
contact,please,2
hav,recently,1
good,week,4
cant,url,1
shower,sorry,1
7,children,3
called,weekend,1
batch,second,1
shd,yup,1
bath,surrounded,1
2morrow,come,1
none,people,1
clear,sure,1
south,tampa,4
ave,good,1
asking,punj,1
burns,tonite,1
last,thats,1
plenty,plenty,1
getting,second,1
im,well,3
night,save,1
happy,slowly,1
9,telling,1
get,tacos,1
called,paperwork,1
friend,re,1
day,get,1
lor,raining,1
plus,really,1
iphone,never,1
4few,seconds,1
lot,nowadays,1
dude,sux,1
date,sent,2
another,dubsack,1
come,work,1
e,gt,1
jacket,urself,1
little,somtimes,1
grins,sense,1
hours,sorry,1
bsn,like,1
dry,n,1
another,get,1
fine,sirji,1
likely,r,1
cusoon,honi,1
john,sounds,1
njan,vilikkam,1
gei,happend,1
could,get,4
blessing,everything,1
next,semester,1
guidance,require,1
timing,work,1
available,budget,1
_,care,1
anyway,fab,1
much,someone,2
frying,silly,1
like,lor,1
da,earn,1
slap,urself,2
reasons,thank,1
haven,myspace,1
ve,wondering,1
degrees,gt,1
please,sunlight,1
luv,please,1
celebration,rents,1
nights,sleep,1
done,r,1
okay,u,1
12,2,1
la,world,1
carlos,pick,1
haha,wat,1
m,sory,3
make,relax,1
exact,tell,1
let,reply,1
ru,way,1
fucking,shit,1
anything,said,1
affairs,come,1
say,watch,1
efficient,gee,1
theres,yo,1
nope,wif,1
please,shopping,1
bollox,hurt,1
love,loverboy,1
go,wonder,1
towards,working,1
dis,found,1
body,learn,1
cos,started,1
cut,short,2
college,yet,1
ask,especially,1
ready,yet,1
later,us,1
hey,mate,2
equally,ride,1
goverment,petrol,1
got,ve,11
aft,oso,1
leave,noe,1
everything,u,1
greet,grinule,1
bloke,u,1
directly,school,1
mecause,tex,1
anyway,sure,1
railway,reached,1
opposite,side,1
company,shipping,1
muchand,thank,1
concentration,dear,1
6hrs,next,2
buy,thing,1
find,totally,1
shopping,w,1
inform,person,1
court,got,1
hectic,might,1
bribe,nipost,1
ask,mus,1
sorrow,tear,2
shopping,valentine,1
beautiful,water,1
tmr,wanna,1
line,said,2
live,us,1
thats,y,5
call,dear,5
hear,texts,1
completely,gone,1
fingers,one,3
awesome,would,1
attempt,iz,2
abt,forgot,1
know,mind,1
b,number,1
cuddle,want,1
corvettes,lotta,1
b,may,1
comes,guys,1
carpark,walk,1
miss,something,1
give,stuff,1
sen,told,1
lots,u,1
3d,dled,1
mine,seat,1
actually,talk,1
cant,lor,1
make,tease,2
kids,went,5
big,head,1
better,spose,1
hi,shanil,1
boundaries,power,1
dis,eve,1
asking,practicum,1
7am,every,1
buy,pack,1
amp,successful,3
today,wan,1
anything,involve,1
cake,wid,5
frens,go,1
celebrated,reflection,1
fr,mango,1
remb,think,1
ad,crap,1
3,problms,1
allows,law,1
patrick,swayze,1
lazy,mode,1
forums,love,1
shall,talk,1
instead,pub,1
treated,u,1
bt,love,1
nokia,phone,1
face,joker,1
surprise,wanted,1
korean,say,1
anyway,tt,1
day,holiday,1
adore,told,1
donyt,meal,1
darlin,im,4
lessons,sch,1
answer,den,1
dumb,u,1
school,way,1
relatives,sure,1
girl,think,1
lotr,w,1
jay,yeah,1
laready,reaching,1
21,may,1
remember,set,1
overdose,probthat,1
babe,far,1
enough,give,1
back,mom,1
calling,u,2
ring,u,2
happy,many,5
3,bout,1
somebody,want,1
died,lt,1
company,many,1
night,worrying,1
friendship,thought,1
earlier,ll,1
em,pop,1
laugh,soon,1
fire,soul,1
begging,day,1
money,serious,1
dat,everything,1
gals,group,1
friend,tell,3
atm,texas,1
fetch,time,1
amp,missed,1
decided,send,1
n,yun,1
know,need,3
schools,think,1
cleared,frndsship,1
gud,k,1
good,think,1
last,visit,1
comes,tear,1
forwarded,oh,1
ever,masters,1
report,ur,1
text,u,1
hav,jesus,2
11,ll,1
making,see,1
got,st,1
come,post,1
limited,minutes,1
call,wan,1
loss,want,1
attending,da,1
going,sunny,1
green,u,1
cheek,right,1
called,hair,2
gray,ur,1
e,weight,1
meeting,sir,1
later,sts,1
burning,update,1
lor,wait,2
else,respond,1
sdryb8i,wat,1
politicians,rich,1
normal,within,1
going,make,1
lol,would,3
lot,well,1
finance,joining,1
got,online,1
guess,hmmm,1
coffee,tea,2
beautiful,tomorrow,1
grumpy,old,1
ll,sure,1
care,really,1
remember,time,1
d,person,6
whatever,yeah,2
4th,guy,1
2,ned,1
immediately,reply,3
sent,type,1
amp,finally,1
drop,text,1
ok,said,4
stairs,way,1
aunt,flow,1
around,time,1
cm,frwd,1
galileo,little,1
end,hoping,1
kiss,kiss,2
bus,yor,1
late,said,1
doc,prescribed,1
minus,plus,1
jo,nahi,1
athletic,gt,1
elliot,kissing,1
crying,king,1
m,table,1
_,r,7
answer,question,1
phone,receiving,1
tomorrow,xxx,1
billion,days,1
even,pimples,1
ago,much,1
gran,onlyfound,1
afternoon,thought,1
enjoy,wish,1
back,mid,1
mike,unsold,1
giv,ok,1
invest,money,1
dinner,gotten,1
d,see,1
dad,home,1
drink,one,1
figure,much,2
far,show,1
merry,u,2
mayb,try,1
amp,bruce,1
enough,time,1
much,notice,1
night,wiv,1
point,u,1
office,take,1
dude,hw,1
probs,yeah,1
tonight,usf,1
babe,miiiiiiissssssssss,1
person,unique,1
houseful,screaming,1
much,nothing,2
dear,food,1
happened,hey,1
awake,u,2
defer,reply,1
full,name,1
firmware,gay,1
ok,set,1
3,evn,2
7,character,4
countinlots,loveme,1
unbelievable,whore,1
get,sh,1
blake,tell,1
alex,nichols,2
free,next,1
m,well,4
4,innocent,1
like,won,1
around,looking,1
mail,panren,1
m,mah,1
addie,amp,1
still,surprised,1
4wrd,u,1
lead,woul,1
many,senses,1
bags,gucci,1
easy,pie,1
manageable,snow,1
near,r,2
called,let,1
isn,unconvinced,1
go,wherever,1
havent,still,1
scared,things,1
k,take,1
head,ll,3
leaves,quiet,1
papers,ur,1
dont,like,1
evening,good,6
harish,hi,1
good,ollu,1
smoke,time,1
dont,sending,1
luv,u,5
apo,k,1
getting,soon,1
lip,m,1
lar,lect,1
life,lift,1
feel,ok,1
send,thought,1
gorgeous,man,2
2go,hav,1
howard,sunoco,1
much,vry,2
chennai,posting,1
hav,interested,1
meetin,wiv,1
ll,send,1
only1more,sweet,1
cool,please,1
anymore,hair,1
gud,hearts,1
steyn,think,1
much,ok,1
budget,team,1
take,wudn,1
going,oblivious,1
horse,racing,1
cant,pick,12
lor,one,1
apps,teach,1
coccooning,kind,1
calls,make,1
day,make,1
new,number,3
gt,lt,214
_,leave,1
crack,god,3
awesome,time,1
mostly,sports,1
good,lets,1
giggle,right,1
pls,save,1
oredi,us,1
always,passionate,1
dat,lor,2
clear,download,1
borin,nite,1
e,nite,1
cannot,u,1
ikea,spelled,1
back,log,1
good,hi,1
jus,leave,1
going,restaurant,1
comin,early,1
hear,mumbai,1
leave,minute,1
new,rates,1
bruv,care,1
call,jus,1
love,want,1
already,birthday,1
amp,nice,3
making,wait,1
accounting,delayed,1
miserable,u,1
lifetime,someone,1
almost,hours,1
8th,fifty,1
frwd,n,1
far,money,1
always,ve,1
2,wan,30
allow,work,1
hey,pple,1
bet,hella,1
deer,show,1
drivin,neva,1
d,interested,1
cream,ice,2
gud,thts,1
else,lor,1
hey,kate,1
morning,ten,1
buy,shall,1
girls,make,1
limping,plan,1
great,mean,1
aiyar,u,1
best,dey,1
hands,strong,1
mobile,mode,1
frnd,name,1
hold,steering,1
dis,like,1
family,merry,3
able,gonna,1
day,love,1
m,noe,1
supposed,wake,1
know,malaria,1
dear,sir,1
called,umma,1
others,wondering,1
life,sometimes,1
indian,rakhesh,1
rush,school,1
five,meeting,1
everyone,telling,1
ur,wats,2
bus,time,1
fine,im,1
soc,use,1
4,u,6
enjoy,r,1
please,take,1
coffee,run,2
always,happy,1
cool,paperwork,1
moms,telling,1
2,cbe,1
hmm,u,1
come,ever,1
gt,half,1
fucking,shitin,1
ard,oso,1
come,house,1
hair,went,1
really,shot,1
home,lei,1
good,hello,1
got,touch,1
re,restocked,1
people,week,1
attend,go,1
catching,sleep,1
enjoy,hope,1
menu,noon,2
exam,ur,1
already,yesterday,1
batsman,set,1
aft,clever,1
gravity,read,4
hear,palm,1
money,see,1
law,meatballs,1
front,house,1
picking,various,2
aiya,go,1
kudi,wine,2
actually,tonight,1
someone,talk,1
hugging,look,1
feel,violated,1
cafe,net,3
bam,first,1
boring,fine,1
checkboxes,know,1
apt,opportunity,1
sitting,stop,1
lt,wen,1
happy,republic,1
d,said,2
mayb,need,1
skyving,today,1
_,dun,3
believe,like,1
di,hi,1
chinchillas,ducking,1
right,think,1
best,im,1
2,kerala,1
def,second,1
dear,morning,7
3,within,1
dont,haha,1
another,meant,2
class,outta,2
dead,tell,1
mom,setting,1
smth,write,1
leg,ugh,1
guys,weren,1
one,vill,1
3days,ups,1
gonna,say,1
ela,onum,1
back,monday,1
3optical,pixels,1
mom,send,1
see,tuesday,1
friends,make,1
dinner,ur,1
mates,phone,1
eppolum,mone,1
number,recognise,1
face,hot,1
msg,suppose,1
completed,finally,1
cos,house,1
drinks,something,1
tomo,well,1
acted,upon,1
4,sound,2
pm,vijay,1
love,lubly,1
busy,come,1
cereals,must,1
gt,times,4
call,mummy,1
2,relation,2
class,us,1
lie,wrong,1
forwarding,see,1
late,til,2
cafe,pub,1
day,sorry,2
clean,hee,1
dont,enough,1
bambling,entropication,1
duffer,got,1
da,vijay,2
ago,came,1
sister,things,1
high,score,1
forever,friends,1
air,make,1
like,mine,1
hoping,would,2
hey,sathya,1
moral,telphone,3
getting,matters,1
might,need,2
cool,want,2
decided,telly,1
mind,ur,1
knw,truth,1
back,thursday,1
gap,legs,1
dont,plan,1
msg,yup,1
4,walsall,1
broke,since,1
afternoon,babe,1
b,princes,1
4,bday,1
lover,need,1
loverboy,plum,1
ill,presents,1
peace,story,2
m,nanny,1
wasn,went,1
nah,straight,1
didn,worried,1
something,tell,2
side,sorry,1
ll,worry,3
lor,orchard,2
2,grief,1
great,swayze,1
exams,ur,1
lor,urself,1
de,leave,1
get,nipost,1
sometimes,spelling,1
capacity,one,1
gong,look,1
cool,whenever,1
directly,go,1
room,soon,1
day,isnt,1
old,remember,1
magic,still,1
dun,lar,2
going,smoothly,1
ask,jay,1
back,wonder,1
gravity,truth,4
stuff,type,1
good,stay,1
ok,ure,1
friend,wanted,1
hhahhaahahah,rofl,1
first,u,1
msg,yup,1
lovely,smell,1
hadn,put,1
cream,oso,1
one,record,1
calling,start,1
beforehand,cause,1
avenue,somewhere,1
com,indyarocks,2
early,huh,1
face,innocent,1
call,connect,1
back,school,1
lor,tog,1
chikku,chikku,1
improve,things,1
crazy,creepy,1
love,soon,2
amp,derek,1
got,huh,2
sure,tea,1
already,schools,1
16,deposit,1
italian,one,1
ok,ve,2
lt,transfered,2
taunton,tonight,1
haha,legs,1
need,srs,1
left,lounge,1
get,gt,2
lar,pass,1
clock,d,1
coaxing,images,1
tmr,urself,1
husband,mumtaz,1
horrible,took,1
effect,got,1
around,m,2
man,sorry,4
know,shows,1
big,files,1
dis,send,4
16,may,1
eggs,pert,1
help,u,1
came,something,1
lor,put,1
get,lt,2
time,wont,1
decided,god,1
love,mum,1
first,wishing,1
kind,ready,1
anyway,shoes,1
2,till,2
1,ages,1
people,smoking,1
im,much,1
1hr,late,1
check,gotta,1
amp,u,5
country,good,1
fills,gaps,3
9,playng,1
dun,work,2
grown,right,1
cross,cut,1
frnds,got,1
pls,relax,1
birthdate,certificate,1
annie,x,1
give,planning,1
childrens,day,1
av,done,1
askin,please,1
need,pick,1
amp,promise,1
biggest,part,1
ll,u,1
bein,shit,1
4,lost,1
moms,still,1
gibbs,unsold,1
probably,re,1
exterminator,pest,1
thanks,touch,1
hey,si,1
140,ard,1
hope,law,1
2,work,1
gd,liao,1
know,lot,1
car,move,1
lor,y,2
frm,u,2
love,sleep,1
bottle,wine,2
getting,sat,1
near,warner,1
crazy,sounds,1
imat,soz,1
bak,comes,1
10,put,1
felt,might,1
hair,u,1
appreciate,drinking,1
get,sick,1
bottle,bring,1
gt,w,1
make,ok,1
aftr,decades,1
1405,1680,1
think,write,1
lt,raise,1
k,oh,8
al,de,1
every,yet,1
liao,time,1
ha,u,1
2,suppose,1
always,chat,2
asking,like,1
dis,ignore,2
bored,y,1
r,think,1
contact,report,1
finally,imagine,1
bedroom,minute,5
coming,pain,1
one,pick,1
disconnect,gt,2
da,develop,1
countinlots,updat,1
head,stuck,1
lets,run,1
doesn,show,1
ll,try,2
making,unhappy,1
meet,mrt,1
makes,u,1
care,enough,2
get,wanted,1
makes,smile,2
going,laptop,1
prolly,see,1
another,released,1
driving,started,1
nite,went,1
missed,shame,1
give,ride,1
discuss,importantly,1
4,shakara,1
flavour,sure,1
know,sure,2
nice,salmon,1
said,wasn,1
tell,want,1
c,found,1
bash,flat,1
3,den,2
clearing,help,1
big,brother,1
class,gonna,1
brother,wright,1
already,know,2
day,whole,1
join,sts,1
responsibility,showing,1
much,u,3
batch,isn,1
minor,shindig,1
hostel,xin,1
experience,little,1
3,cover,3
anything,unconditionally,1
downstem,picked,1
follow,life,1
quick,reply,1
abj,serving,1
time,wouldn,1
com,fullonsms,6
answers,single,1
ask,y,1
goodmorning,takecare,1
mo,owo,1
rite,ur,2
re,saying,3
lage,thats,1
back,m,8
since,sure,1
air,years,1
happy,pig,1
bed,sleep,1
around,tonght,1
haha,thinkin,1
hit,people,1
cos,said,1
hurt,remember,1
eh,k,1
still,wait,1
fox,replied,1
even,felt,1
put,ve,1
strange,sun,1
desert,something,1
earth,planet,1
sleepin,still,1
get,holla,1
duo,intrepid,1
dont,today,1
contact,list,2
back,right,1
beverage,lil,1
boy,whereare,1
coffee,need,2
fine,yep,1
chess,comes,1
course,yoga,1
hai,jo,1
book,huh,1
65,thats,1
nice,time,1
coupla,wks,1
loose,need,1
later,sha,1
holiday,monday,1
im,woozles,1
hi,spoke,3
uniform,wat,1
dear,sat,1
say,stupid,1
go,mrt,1
ask,go,1
even,trust,1
meeting,u,3
den,u,4
daddy,wants,1
hour,maybe,1
real,thats,1
like,three,1
valentine,yo,2
hungry,like,1
battery,happy,1
ever,going,1
tonite,update,1
challenging,time,1
enjoy,ok,1
gift,god,1
5,home,1
long,wat,1
didn,fall,1
cuddling,love,1
ok,omw,1
stay,yeah,1
pa,project,1
k,text,1
gift,year,1
dun,wan,12
d,load,1
ahmad,saeed,1
meet,u,6
em,get,1
night,whatever,1
study,week,1
happy,work,1
calls,later,2
call,urgnt,2
half,second,1
least,run,1
goes,think,1
mean,triumphed,1
ammo,scrounge,1
e,timing,1
em,lessons,1
exterminator,lt,1
charge,contribute,1
driving,worried,1
today,wanna,1
fucking,sort,1
iz,yellow,1
must,simply,1
hai,priya,1
send,shall,1
couldn,normal,1
failure,m,1
go,wanted,1
favourite,hows,1
gona,u,1
advising,know,1
dehydration,prevent,1
dat,girl,3
ill,send,1
like,sunscreen,1
going,rubber,1
paper,write,1
_,oredi,1
day,today,2
near,pubs,1
brothers,falls,1
expression,face,1
tear,u,2
work,yet,1
5,silent,4
blogspot,com,1
paying,rent,2
im,sure,3
fucking,woke,1
missing,really,1
dont,year,1
coming,r,1
haven,reply,1
child,got,1
ham,jeetey,1
call,much,1
dun,still,1
drunken,tv,1
pass,right,1
like,thats,1
christians,says,1
alright,see,1
already,broke,1
job,search,1
feel,like,9
day,goes,10
keys,purse,1
half,naked,2
safe,trip,2
bt,innu,1
acted,like,1
normal,pilates,1
car,sorting,1
download,movies,1
clearly,saying,1
driving,sure,1
2,wrks,1
beendropping,red,1
8am,lesson,1
finish,meeting,1
already,sch,1
love,thanks,1
4,u,8
home,went,2
babe,goes,3
30ish,time,1
everyone,liked,1
anyway,seriously,1
d,wish,1
envelope,paper,2
albi,muht,1
huh,lol,1
2nd,may,1
msg,wk,1
receipts,well,1
anythiing,keeping,1
time,want,2
m,website,1
bit,something,1
dear,pain,1
get,phone,1
unique,ur,1
snow,supposed,1
avoid,bad,1
house,parents,1
goodnight,machan,1
callin,stop,1
drunk,get,1
checking,part,2
okay,said,1
_,done,1
travel,uk,1
oops,phone,1
didn,take,1
enjoy,message,1
beware,confirm,2
anything,get,2
get,loads,2
change,learn,1
culdnt,talkbut,1
checked,da,2
biola,smile,1
get,jus,1
fri,wed,1
time,whole,1
audrey,dad,1
lot,means,2
laptop,matric,1
show,tech,1
less,problematic,1
got,looks,1
aaniye,driver,1
dont,pack,1
transport,u,1
hop,kb,1
around,laying,1
better,money,1
chicken,rice,1
calculation,lt,1
know,thing,1
fantastic,year,1
e,take,1
forgot,pop,1
gr8,see,2
get,text,1
6,uni,1
get,lar,1
panic,time,1
dont,put,1
imagination,phone,1
4,lot,1
ovulate,u,1
fact,fun,1
download,songs,1
call,late,1
edge,late,1
darlin,supose,1
dont,knew,1
doctor,see,1
confirm,w,2
help,problem,1
fat,head,1
dontmatter,urgoin,1
goes,sighs,1
girl,make,1
flat,moving,1
1,sch,1
else,someone,1
7,ee,1
got,haircut,1
great,weekend,4
gay,thats,1
decided,people,1
im,neway,1
pix,send,1
know,later,2
aft,lunch,1
got,improve,1
2yrs,messages,1
poo,slow,1
k,need,1
able,reply,1
affair,kind,1
go,situation,1
arts,gobi,1
ex,mei,1
call,meet,1
hurry,nitros,1
gift,thanks,1
end,goin,1
havn,seen,1
maybe,today,1
cool,thanx,1
nuther,place,1
coherently,see,1
cake,yam,1
almost,noon,1
come,worse,1
going,theatre,2
sms,ur,5
also,ericson,1
birthdate,month,1
lecturer,repeating,1
intro,pilates,2
dearly,wake,1
see,sundayish,1
dnt,soon,1
tel,twice,1
fools,happy,1
night,wasted,1
self,vomit,2
full,ur,1
feel,wants,1
long,omw,1
c,lar,2
dont,think,4
place,village,1
bag,work,2
smoke,want,1
body,repairs,1
k,pls,1
gives,meaning,1
fab,hols,1
ashwini,ur,1
dis,yijue,2
m,nothing,1
kept,varma,1
know,yo,1
tuesday,working,1
4,chef,1
already,love,1
messages,phone,1
live,old,1
dat,go,1
hold,strong,1
ipaditan,ponnungale,1
lightly,think,1
diwali,happy,1
got,sing,1
da,wif,1
come,tonight,1
reach,school,1
call,work,1
ah,going,1
give,one,1
half,pages,1
m,saying,1
ll,ok,6
american,customer,1
batch,get,1
lor,thinking,1
details,facilities,1
told,wer,2
car,ur,1
day,going,1
news,picked,1
date,generally,1
great,love,1
finish,sun,1
2nite,didnt,1
pls,simple,4
call,time,1
gt,way,2
annie,love,1
m,town,2
birthday,ur,1
exact,know,1
mother,passed,2
ahmad,kisses,1
ve,yupz,1
12,rite,1
morning,words,2
anything,hear,1
round,til,1
lor,spageddies,1
heart,warm,1
ill,numbers,1
cos,score,1
later,pple,1
maga,money,1
eat,wait,1
drink,drive,1
lt,witin,1
enjoy,wit,1
dear,happy,1
8am,house,1
losing,temper,1
long,minutes,1
jot,things,1
obviously,one,1
timing,weird,1
okay,right,1
amrita,college,1
born,even,1
type,word,1
fine,weekend,1
thing,u,1
oso,scared,1
change,thing,2
calculated,every,1
time,worse,1
lookin,oredi,1
hospital,one,1
text,wen,1
gud,name,4
card,sim,2
definite,move,1
remember,u,3
2,c,3
battery,expecting,1
number,sending,1
old,raiden,1
da,egg,1
ok,said,1
2,sea,1
b,home,3
gn,tc,2
birthday,knows,1
going,pub,1
fast,pls,1
got,zhong,1
depressed,stressed,1
buy,lt,1
monday,reply,1
cant,display,2
meaning,real,3
eyes,see,1
car,friend,1
courage,test,2
diseases,snd,1
get,mind,1
bb,longer,1
going,late,2
jen,k,1
instead,respond,1
dont,everything,1
empty,life,2
aint,babes,1
melle,request,3
smoke,someone,1
1,really,1
cochin,ctla,1
ahead,well,2
isn,sweetie,1
3,march,2
cutie,hey,1
customer,speak,1
carlos,ll,1
bloody,ur,1
go,suntec,1
finally,match,1
go,see,1
girls,love,1
loved,reminding,1
called,one,1
dear,shall,1
cine,frm,1
told,u,3
easy,enough,1
pictures,put,1
party,together,1
express,gud,2
shove,um,1
exciting,happened,1
especially,indeed,1
bec,well,1
going,stop,2
kerala,rakhesh,1
4,tacos,1
re,text,10
love,sorry,1
disturb,one,1
right,wasnt,1
actin,like,1
decision,minute,1
heart,sometimes,1
dead,king,1
friday,telling,1
hmmm,italian,1
da,still,1
doesn,one,1
hearing,laptop,1
keep,secret,1
puppy,sad,1
come,quick,1
two,years,1
b,da,1
neglet,true,1
lol,right,1
crossing,street,1
day,see,1
station,think,1
jas,sh,2
ll,place,1
many,miss,1
e,today,3
sleepin,stop,1
job,wipro,1
disturbance,regret,1
5,managed,1
den,sat,1
dem,miss,3
kiss,make,1
pic,right,1
chat,free,1
able,atten,1
like,m,1
death,gonna,1
fun,kinda,1
next,ok,1
could,stop,1
coming,making,1
choose,wife,1
4,works,1
girls,missed,1
able,show,1
cold,keep,1
holiday,work,3
last,till,3
enters,money,1
big,pls,1
dude,ive,1
hey,missed,1
nothing,pick,1
2,scold,1
broke,completely,1
balls,well,1
eh,yet,1
curfew,miss,1
done,ive,1
like,swing,1
send,started,1
50s,away,1
contract,luv,1
hug,u,1
sure,yeah,4
n,pros,1
make,wedding,1
bellearlier,ya,1
march,mid,1
class,day,2
got,shot,1
bathe,go,3
fine,thanks,1
spending,time,1
dollar,store,1
dead,yet,1
passionate,possessive,1
life,stressfull,1
kegger,preferably,2
going,ikea,1
ifink,melnite,1
chikku,en,1
next,show,1
last,start,1
man,woman,1
close,m,1
mah,raining,1
pray,remove,1
cooked,rather,1
go,gona,1
gr8,weekend,1
ago,minutes,2
big,ho,1
going,swing,1
falls,ur,1
aathi,dear,3
finish,liao,1
done,get,1
aight,close,1
work,yo,1
going,min,1
m,thought,1
game,people,1
family,set,1
drink,get,1
noooooooo,please,1
dodda,problum,1
famamus,world,1
mon,work,1
ive,pete,1
eve,home,1
buzz,chest,1
6,mon,1
25,lt,1
normal,pa,1
already,bored,1
ask,could,2
pizza,yesterday,1
order,quarter,1
left,oga,1
gift,natural,1
curious,sent,1
farm,tour,1
make,musical,1
holla,whenever,1
give,wife,1
hear,want,3
another,send,2
persian,phrase,1
assume,won,1
arngd,marriage,1
praps,thought,1
get,suitemates,1
ex,wife,1
live,u,2
bye,smile,1
d,thats,1
like,place,1
lor,ur,1
promises,though,1
msg,yar,1
darlin,finish,1
brings,hope,1
around,kicks,1
go,guys,1
clear,movies,1
js,love,1
arguments,de,1
blood,demand,1
hand,love,3
get,sink,1
alone,bored,1
6,silent,4
class,right,1
application,schools,1
pay,willing,2
resume,send,2
aletter,via,1
movies,see,1
imposter,satanic,1
two,work,1
becomes,part,1
girls,one,1
man,poking,1
erode,post,1
trust,u,2
fair,know,1
jurong,point,1
job,learned,1
help,thank,1
buy,ll,2
ic,lotta,1
cinema,missed,1
e,tt,1
tell,wat,1
day,leave,1
colleg,wat,1
decide,nobody,1
dad,eat,1
hoped,would,1
gd,u,1
law,sister,2
boy,well,1
ge,slow,1
agidhane,black,1
atrocious,think,1
got,salt,1
ur,wasn,1
division,st,1
feet,make,1
crab,running,1
gd,like,1
crazy,m,1
ah,fri,1
bslvyl,day,2
da,thangam,4
may,send,1
get,somewhere,2
_,buy,1
diff,found,1
miss,opponenter,1
de,need,1
like,station,1
sorting,stuff,1
phone,stealing,1
call,something,1
gud,nte,1
doinat,mo,1
bill,may,1
network,urgnt,2
suffers,world,1
chip,else,1
go,paper,1
love,need,1
someone,transfered,1
deal,m,1
achan,regards,1
one,wicket,1
much,nt,1
account,balance,2
6,7,1
d,instantly,2
chikku,sorry,1
one,play,1
hockey,man,1
raed,wihtuot,2
head,ma,1
best,soon,1
photos,see,1
never,wud,1
better,flirt,1
liao,u,6
natural,wife,1
couple,posted,1
etc,ice,1
ic,o,1
indian,pls,1
nudist,wear,1
goin,thinkin,1
telugu,watching,1
hardly,u,1
expect,necessarily,1
2,spk,1
2u2,id,1
mind,u,5
days,hurt,1
sad,story,5
give,ring,2
journey,terrible,1
later,play,1
go,lido,1
going,m,24
ask,shall,1
angry,wid,4
going,wear,1
fat,say,1
anymore,drug,1
rub,salt,1
offers,store,1
attend,ur,1
n,soon,1
jjc,tendencies,1
like,worry,1
hope,morning,1
believe,u,1
entirely,sure,1
4,time,1
kindly,premarica,1
meh,walk,1
em,omw,1
oh,year,1
d,prsn,1
4thnov,gotmarried,1
education,nigeria,1
prepare,start,1
home,sms,1
cool,either,1
day,till,1
re,v,1
leave,need,2
skype,thanks,1
fall,u,2
going,management,1
arrested,d,3
ah,yun,2
caller,last,1
hand,job,1
animal,party,1
anyone,cud,1
em,someplace,1
esplanade,fr,1
got,outside,1
bed,making,1
drink,water,1
dose,tablet,1
get,yeah,3
day,tell,1
day,successful,3
gud,today,1
consider,greetings,1
hurts,talk,2
litres,watr,1
hope,ur,4
ache,feel,1
cooped,fun,1
lor,nice,1
actually,k,1
room,top,1
test,theory,1
see,six,1
florida,seem,1
fucking,totally,1
free,via,1
babe,r,1
ll,sha,1
pretty,pussy,2
glands,throat,1
later,meet,1
dude,like,1
call,gonna,3
break,mite,1
pretty,sculpture,1
hell,im,1
4,best,2
6,also,1
grumble,sad,1
room,ur,1
go,tog,1
know,mail,1
balance,could,1
lines,meaningful,1
applyed,pa,1
dead,goodmorning,1
academic,tell,1
jacket,one,1
k,re,1
get,parish,1
get,ur,3
falconerf,thuglyfe,1
leh,u,5
get,realised,1
thk,u,4
forfeit,tmr,1
love,start,2
fiting,nice,1
market,still,1
place,well,1
call,please,1
except,lor,1
car,collect,1
someone,testing,1
4,frens,1
1hr,time,1
one,time,2
good,words,1
also,take,1
k,tonight,1
arul,lt,1
4,ok,1
days,give,2
o,promise,1
haven,seen,2
bros,smash,1
gd,thk,1
via,yahoo,1
organise,something,1
someone,won,1
cumming,thank,1
better,night,1
hearted,person,1
hiya,last,1
aah,cuddle,1
hmmmm,wait,1
bye,great,1
library,studyn,1
try,week,1
hug,virtual,1
chords,fucking,1
got,les,1
ll,n,1
friends,old,1
ask,one,1
ends,lets,1
asking,think,1
heavy,laptop,1
little,spreadsheet,1
mite,well,1
dear,something,1
asks,u,2
bills,bother,1
call,call,1
abiola,hey,1
found,haven,1
appreciated,last,1
always,men,1
ft,good,1
bad,need,1
apparently,drive,1
die,plz,2
quality,said,1
head,top,1
m,missing,2
anything,needed,1
dint,tell,1
ill,k,1
change,know,1
hav,lil,1
ask,dare,1
portege,toshiba,1
ll,raining,1
ctargg,cttargg,1
frndshp,lik,1
guess,ok,1
otherwise,tomorrow,2
guy,post,1
baby,mother,1
amp,say,3
guide,plus,1
haiz,price,1
good,thinking,1
cruel,face,1
gift,small,1
amp,taylor,1
call,plz,1
n,oso,1
happens,like,1
drugs,hella,1
eat,today,1
job,prospects,3
3miles,walk,1
plumbing,someone,1
check,mails,1
8th,leave,1
crore,lac,1
us,work,2
professors,wer,2
didn,hurt,1
harder,nbme,1
hope,next,1
isn,orange,1
figure,try,1
better,soon,1
car,get,2
pain,prescription,1
passable,true,1
starts,today,1
ur,wotz,1
skirt,stripes,1
class,finished,1
also,telugu,1
reply,ur,1
battery,went,1
gt,otherwise,1
lipo,paying,1
one,whole,1
simple,winning,2
show,world,1
feet,pouts,1
avalarr,fine,1
show,two,1
even,told,1
imprtant,map,1
e,thin,1
hope,ure,1
might,worry,1
de,start,1
available,true,1
lt,r,2
roads,stuff,1
deal,take,1
friendships,grow,1
home,stay,1
away,system,1
hun,love,1
caring,wonderful,1
shorts,wearing,1
6ish,ur,1
better,complete,1
pick,prescription,1
frens,lor,1
entertain,hee,1
ing,tomorrow,1
lor,thanx,2
guess,peaceful,1
8,sir,1
exams,outta,1
3,mins,1
1pm,orchard,1
cappuccino,miss,1
cheer,live,2
money,yesterday,1
2,tablets,1
going,sleep,7
browser,da,1
able,dysentry,1
melnite,rang,1
leave,well,1
4,afternoon,1
cash,nitros,2
covers,intro,1
brother,genius,1
across,smile,1
kay,oh,1
fundamentals,two,1
alcohol,need,1
oh,stuff,1
em,olowoyey,1
also,utter,2
another,night,2
sure,thesis,1
posted,prey,1
decided,won,1
c,wana,1
6th,7th,4
drug,need,1
number,present,1
lacs,source,3
number,room,1
ran,stash,1
shower,u,1
better,cos,1
date,sir,1
paces,put,1
jst,live,1
forums,section,1
finish,ok,1
anything,listen,1
say,silently,1
classes,right,1
bout,something,1
await,coffee,1
fainting,fear,1
muchxxlove,u,1
r,v,1
m,ready,3
roommates,sorry,1
making,start,1
class,whos,1
get,ready,7
salam,wahleykkum,1
tomorrow,u,1
definite,know,1
irulinae,jeevithathile,1
bus,inform,1
also,loving,2
chance,plz,1
bell,sorry,1
beautiful,may,1
gonna,pop,1
got,long,1
m,see,2
gt,hrs,1
already,reached,1
already,went,1
_,taking,1
going,slave,1
join,lt,1
around,yo,2
seems,unnecessarily,2
beehoon,fishhead,1
legal,long,1
birla,job,1
awesome,question,1
archive,haiz,1
m,say,3
made,surely,1
loan,submitted,1
2,hit,2
dont,involve,1
lt,til,2
run,u,2
m,much,1
cause,week,2
musta,overdid,1
ll,says,3
anot,tahan,1
around,tomorrow,1
love,makes,1
8,matured,4
drove,ll,1
icon,sitting,1
motivating,thanks,1
could,u,1
much,ploughing,1
something,yesterday,1
morning,plz,3
big,well,1
boy,petey,1
sent,sorry,1
boytoy,starshine,1
loose,never,1
buy,drop,1
haf,seen,1
close,frnd,1
il,rs,1
else,something,3
going,pleasure,1
dont,significant,1
however,range,1
leaves,rays,4
de,gimmi,1
kid,small,1
connections,mode,1
karaoke,type,1
forevr,u,2
feelin,pete,1
house,still,1
added,gets,1
msg,storming,3
planet,watchng,1
brief,history,1
opportunity,still,1
atleast,talk,1
let,stuff,1
moment,spend,1
guide,tests,1
j,xxx,1
complacent,get,1
avent,done,1
_,dinner,1
neighbors,sure,1
give,good,1
already,true,1
time,tomorrow,1
chords,speak,1
corrupt,politicians,1
u,understand,1
bak,u,1
know,ur,1
kids,want,1
armand,jesus,1
god,reason,1
beeen,muht,1
chikku,u,1
many,oredi,1
dont,know,16
door,get,3
getting,m,4
ready,saved,1
belly,goes,1
getting,much,1
flat,look,1
care,tke,1
franyxxxxx,u,1
cant,friday,1
enough,takes,2
abstract,police,1
didnt,piss,1
leona,telling,1
download,evo,1
bb,better,1
like,ndship,1
rs,ten,2
paining,teeth,1
na,together,1
dhina,yarasu,2
figure,go,1
baaaaabe,misss,1
found,something,1
heater,heater,1
5,gardener,3
get,news,2
1st,wat,1
nothing,worried,1
2,first,1
pic,send,2
hail,mist,1
get,pleasure,2
openin,ur,1
pay,sure,1
go,karaoke,1
giggle,saw,1
8,like,1
feel,items,1
haha,messy,1
keep,saying,2
friendship,stands,1
diet,right,1
see,think,1
gary,sooner,1
content,happy,1
promise,says,1
available,soiree,1
c,lor,1
hand,side,1
bills,really,1
jabo,know,1
mm,umma,1
home,watching,1
least,writhing,1
driving,nt,1
left,men,1
always,reminding,1
isnt,sad,1
tunde,wishing,1
figure,trying,4
hope,ok,3
hear,settling,1
bt,chikku,1
effects,side,1
immediately,something,1
could,text,2
babe,worry,1
gonna,think,1
better,opportunity,1
hurt,would,2
2,early,1
cinema,plus,1
shoving,things,1
earlier,talk,1
see,texting,1
bed,fals,1
hey,hey,1
22,bus8,1
decide,love,2
time,went,1
eat,lunch,1
_,reply,1
2,wants,1
point,read,1
got,hello,1
anythin,dun,1
doesnt,thought,1
shrink,way,1
bf,objection,1
begun,registration,1
send,ur,5
informed,kindly,1
give,special,1
lets,see,1
got,use,1
nope,watching,1
little,useful,1
sleeping,u,2
one,work,1
remember,wahala,1
loved,owned,1
pl,u,1
2,mark,1
da,previous,1
late,wat,1
big,meaning,2
pc1323,teaching,1
re,thinking,1
replied,sorry,1
lot,times,1
start,week,1
cos,please,1
darlin,ive,2
hope,work,1
cricketer,sachin,2
far,jide,1
call,use,1
gt,hours,2
careabout,urmom,1
haha,say,1
babe,woo,1
lag,sad,1
call,re,1
call,sporadically,1
feellikw,uawake,1
arm,ok,1
2,pass,1
phone,ur,1
closed,instituitions,4
m,outside,1
dream,yesterday,1
gud,nyt,7
abt,muz,1
early,hundreds,1
4,_,3
ass,love,1
school,things,1
forget,tell,1
first,rply,2
one,ya,1
old,saw,1
fakeye,lanre,1
different,thru,1
say,wouldn,1
body,normal,1
late,paying,2
insurance,right,2
cat,dog,1
bro,remains,2
em,home,1
always,touch,1
strict,teacher,1
blackberry,interfued,1
prominent,rather,1
10,smth,2
wanted,year,1
personal,statement,1
suddenly,y,1
ok,sashimi,1
guess,point,1
straight,useful,1
da,know,2
4,slots,1
law,woman,1
call,madam,1
converter,free,1
god,guess,1
angels,snow,1
going,ruin,1
drivin,finish,1
anything,know,1
trying,xy,1
ill,restaurant,1
caught,e,1
like,mostly,1
get,noon,1
pleasure,pride,1
need,really,1
birthday,th,1
light,someone,6
listened2the,plaid,1
empty,handed,1
dis,world,1
promptly,tea,1
mtnl,onwords,1
2u2,congrats,1
change,tat,1
cloth,pack,1
canal,st,2
goodnight,mitsake,2
appointments,next,1
darling,meanwhile,1
get,info,1
sat,wer,2
dead,hamster,1
ticket,ya,1
3,make,1
elsewhere,go,2
let,used,1
clearing,u,1
mo,ore,1
gotten,happening,1
lor,ya,1
matters,onluy,1
away,right,1
forwarded,message,5
earlier,probably,2
different,people,1
call,okay,1
could,pick,3
bedroom,mo,1
bash,mine,1
forever,whilltake,1
ill,sat,1
long,since,1
know,way,2
maybe,still,2
casting,look,1
headache,want,1
stuff,vote,1
tomorrow,yesterday,2
feel,kind,1
whatever,wizzle,1
b,might,3
oh,right,1
2,belongs,1
click,could,1
da,run,1
people,tour,1
pa,please,1
go,google,1
house,small,1
day,party,1
keep,seeing,1
go,home,8
juz,us,1
catch,let,1
bad,jen,1
cave,m,1
ok,oni,1
future,yowifes,1
lanre,sent,1
bitching,guy,1
first,ho,3
bed,dislikes,3
killed,mumtaz,1
laugh,listen,1
college,leanne,1
hi,kate,3
half,m,1
iq,tis,2
massage,tie,1
download,il,1
coming,friday,2
fieldof,selfindependence,1
tomorrow,training,1
free,msgs,2
_,march,2
loving,u,1
gotta,remembered,1
fri,quite,1
sorry,take,1
pick,sister,1
check,leo,1
im,remembr,1
bit,sorting,1
bought,naughty,1
outside,wun,1
money,towards,1
maybe,wrong,1
sunday,today,3
drive,mac,1
baby,jontin,1
crickiting,mind,1
one,wife,1
number,shows,1
cheat,everyday,1
like,personal,1
going,tell,1
gas,pub,2
black,n,2
person,today,1
sickness,thing,1
disturb,shant,1
period,return,1
miracle,tomorrow,4
hope,nice,4
thinkin,together,1
abdomen,chest,1
cant,mmmm,1
9,talk,1
african,south,1
free,toll,3
always,looking,1
lor,wait,2
babe,boo,1
didnt,say,1
better,get,1
iscoming,jez,1
come,wat,1
ah,come,1
known,lesser,1
extra,keep,1
67441233,look,1
btwn,gap,1
thought,yeah,1
hows,u,3
rock,sis,1
go,gre,1
dont,much,2
4,depends,1
home,snow,1
difficult,type,1
lt,smoke,2
bother,gonna,1
eyes,ur,1
mark,works,1
never,yet,1
chennai,get,1
want,ya,2
haven,left,2
happier,opportunity,1
ur,values,1
4,short,1
arun,u,2
4,month,1
arm,feeling,1
room,sorry,1
going,sister,1
got,video,1
thanksgiving,without,1
contacts,ur,1
come,plm,1
come,tomorro,2
da,mo,2
hr,trip,1
waste,wonderful,1
come,one,1
nickey,platt,1
hands,together,1
ijust,talked,1
4,hope,1
ok,worry,1
bak,girlie,1
rose,yellow,1
day,doctor,1
babe,happy,1
gud,well,1
lazy,missing,1
moji,told,1
know,message,1
online,yahoo,1
keep,well,2
hold,smeone,2
kfc,want,1
accidentally,man,1
campus,near,1
home,work,1
bloke,english,1
image,much,1
face,make,1
2,return,1
probably,tomorrow,1
computerless,time,1
6,house,3
every,treasure,1
know,weaknesses,1
customer,place,4
bleh,feel,1
birthday,happy,12
know,supposed,1
e,repeat,1
make,note,1
derek,taking,1
dear,ok,1
m,noi,1
looking,skinny,1
meet,tmr,2
happiness,take,1
place,stay,1
attracts,brothas,1
anyone,see,1
bring,home,1
stayin,trouble,1
call,m,4
2mrw,luv,1
anti,sleep,1
snow,snowman,1
give,thats,1
beyond,words,1
call,free,7
cool,ha,1
come,theatre,2
maybe,tron,1
stomach,ur,1
ptbo,says,1
listen,want,1
offer,speechless,1
left,vague,1
let,set,1
afford,around,1
u,xxx,3
able,deliver,2
already,orchard,1
back,brum,1
light,otherwise,1
home,yet,1
ask,wanted,2
dis,msg,2
blood,pressure,1
come,everything,1
groovying,wine,1
bad,dat,1
calling,hurts,1
excited,m,1
close,guys,1
abt,abt,1
advice,need,1
happy,mas,3
feet,stomps,2
number,skype,1
aids,like,1
cash,hella,1
sir,yesterday,1
still,working,2
like,love,1
good,movie,2
darlin,work,1
day,great,16
dunno,home,1
hi,hope,4
bt,u,1
text,whether,1
actually,m,2
famous,quote,1
big,quite,1
fucking,whispers,1
must,taken,1
like,patients,1
need,presnts,1
isn,likely,1
lunch,sch,1
tv,u,2
make,scream,1
bus,stand,1
lt,scream,1
mean,website,1
ll,take,3
also,thk,1
sensible,went,1
fifth,week,1
breath,name,1
bits,pieces,1
lor,started,1
day,wish,2
ask,dad,1
advance,day,1
house,want,1
basically,feel,1
got,hip,1
anything,till,1
flood,pretty,1
chick,huge,1
al,hallaq,2
5,lovable,4
sir,velusamy,1
meet,wanted,1
especially,girls,1
call,free,2
something,thats,1
result,today,1
loko,night,1
changed,cuz,1
laptop,noe,1
london,treatin,1
happy,sankranti,1
saw,thk,1
cant,k,2
cover,story,1
always,regretted,1
dont,sure,1
correction,mad,1
ever,get,3
problems,provider,1
girl,stay,1
guys,saw,1
_,speak,1
friends,telling,1
heaven,prince,1
open,wounds,1
island,rhode,1
2moro,2nite,1
coming,m,6
even,revealing,1
care,dont,2
dictionary,put,3
flaked,guy,1
m,oh,1
gt,organizer,1
oh,trip,1
hun,im,1
gpu,problem,1
think,usual,1
technical,working,2
dey,paid,1
car,oredi,1
anything,go,1
send,sis,1
count,independently,1
diesel,time,1
makes,sense,1
net,tell,1
11,alter,1
must,wow,1
age,anyway,1
hi,like,1
swalpa,weak,1
cool,printer,1
lies,world,1
college,txt,1
happy,valentines,4
come,happy,1
lamp,pick,1
make,omg,1
farm,shop,1
dont,pa,2
caught,welcome,1
bowl,plan,1
going,lo,1
next,saturday,1
big,strong,1
askd,special,5
brother,transfered,1
greece,still,1
atlanta,friends,1
argue,impossible,1
chinnu,hogidhe,1
good,lifebook,1
list,u,1
brownies,weirdy,1
shall,update,1
2,3,1
overdose,work,1
always,find,1
atten,class,1
class,leave,1
day,like,1
530,ar,1
amp,art,1
anymore,text,1
love,read,1
4,price,1
2,bajarangabali,1
pls,reply,4
family,going,1
atleast,day,1
especially,love,1
phyhcmk,teaching,1
away,like,1
anything,buy,1
anniversary,day,1
cat,house,1
cos,long,2
10,man,1
river,send,1
choose,sign,1
lick,wait,1
advice,thanks,1
since,young,1
like,starting,1
father,get,1
bite,mark,1
astoundingly,tactless,1
late,ll,1
bites,u,1
m,prabha,3
chapel,frontierville,1
away,keeping,1
amp,need,4
ecstasy,scream,1
call,tell,3
go,ll,7
mins,stop,1
finished,texted,1
behind,directly,1
decided,number,1
ah,den,1
afternoon,told,1
another,audition,1
ding,ya,1
going,tirunelvai,1
conversations,wait,1
citizen,getting,1
brother,genius,1
plus,saying,1
house,leaving,2
bak,txt,3
call,n,1
parco,rush,1
may,pub,2
easy,ever,1
theoretically,yeah,1
find,happiness,1
might,mom,1
gang,want,1
everyday,teach,1
executive,sales,1
oblisingately,opted,1
houseful,whole,1
de,po,1
good,luks,1
might,receive,1
im,serious,1
thanku,wish,1
dont,happen,1
change,lt,1
crore,jobs,1
feel,upset,1
hopefully,yup,1
4,fated,1
ok,watching,1
irene,look,1
go,pick,1
drink,wld,1
milta,nahi,1
simulate,test,1
another,month,1
difficulties,fine,1
aight,see,1
better,hope,1
sign,user,1
hope,kind,1
come,tomorrow,9
drunkard,u,1
reading,smiling,4
imagine,urself,1
check,da,1
part,promises,1
need,stress,1
book,going,1
babies,pretty,1
haha,yup,1
message,please,1
day,job,1
goes,usf,1
attend,please,1
free,us,1
tell,whole,1
camera,something,1
em,using,1
mesages,today,2
rs,shelf,2
give,problems,1
looking,still,2
m,way,3
get,message,2
ve,yor,1
drms,take,1
always,love,1
confirm,wif,1
ah,sleeping,1
know,yetunde,1
rencontre,way,1
basic,care,2
decisions,wavering,1
check,find,1
someone,spent,1
got,list,1
bad,youre,1
gandhipuram,get,1
book,want,1
bros,lt,1
anything,miss,2
lor,us,1
lower,number,1
consider,excused,1
heltini,iyo,1
anything,find,2
always,dear,2
ask,pls,1
light,wants,1
haf,many,1
affair,infernal,1
2nd,innings,2
adults,children,1
chickened,messaged,1
easy,guess,1
found,pick,1
bcums,lovable,4
thinkin,time,1
bored,little,1
goss,x,1
cheaper,kept,1
si,think,1
developer,may,1
alone,thought,1
cos,lect,1
apo,k,1
bath,went,1
today,wonderful,1
interested,mayb,1
got,thanks,1
kolathupalayam,poyyarikatur,1
cbe,finance,1
lo,oso,1
good,people,1
c,care,2
2,face,1
gd,someone,1
2,wifes,1
possibility,pub,1
come,round,3
dude,hi,1
already,come,1
make,pain,1
always,ignorant,1
next,sat,2
b,u,2
hand,screen,3
complete,didnt,1
idea,know,1
da,wrld,1
bluff,leh,1
cos,early,1
half,m,1
happy,saying,1
got,thing,1
fiting,ones,1
converter,video,1
forgive,reply,1
car,park,1
outrageous,taxes,1
number,pick,1
called,likely,1
home,take,1
got,rem,1
bw,connection,1
text,want,1
dignity,treat,3
buttheres,postcard,1
convey,id,1
al,saeed,1
gud,noon,1
free,later,1
one,remember,1
u,wif,2
getting,hungry,1
cool,liked,1
next,till,1
getting,messages,1
colany,saibaba,1
sorry,wrong,1
flew,window,1
footprints,waves,1
please,want,3
4eva,thing,1
happy,ugadi,1
putting,us,1
ad,putting,1
ga,sleeping,1
keep,payasam,1
cos,told,1
remains,thing,1
700,studio,1
drink,tap,1
freely,taxes,1
wants,xy,1
da,haf,1
hear,neva,1
figure,looking,1
ass,back,2
asked,sabarish,1
centre,driving,1
meet,wif,1
rent,yes,1
goodmorning,sir,1
get,times,1
da,travelling,1
2,police,3
call,time,1
cafe,sit,1
book,one,2
awesome,lemme,1
bit,stayed,1
cleared,y,1
inside,office,1
love,m,1
frm,virgin,1
muhommad,penny,1
hiya,hows,1
os,use,1
didnt,get,6
bcoz,wrong,2
sometime,yo,1
break,suffer,1
somebody,treat,1
meet,sooner,1
could,number,1
dt,gal,2
call,live,1
cheaper,fixed,1
musical,sms,1
_,expecting,1
laughing,simple,2
boytoy,lesson,1
know,much,1
give,otherwise,1
dat,means,1
hi,yijue,2
join,pls,1
plan,staying,1
hearin,r,1
good,sooooo,1
flat,plan,1
send,u,4
never,study,1
esplanade,lor,1
opportunity,pls,1
speak,x,1
looks,poop,1
call,missed,5
case,get,1
received,understood,1
back,holby,1
ice,steal,1
ache,without,1
2,im,2
doesn,know,1
excuse,lol,1
lot,n,1
milta,zindgi,1
prob,send,2
babe,tick,1
great,okors,1
didnt,though,1
face,keeps,1
frm,one,1
derek,worried,1
surprised,wasn,1
book,sch,1
everything,stayed,1
family,wif,2
gt,pple,1
bitch,later,1
2day,u,2
c,dun,1
department,tell,1
nxt,plz,1
1,happiness,1
text,whenever,1
crashed,really,1
food,home,1
good,touch,2
things,want,1
cost,personal,1
pick,wen,1
b,week,5
heavy,ok,1
d,doll,1
bit,leave,1
excuse,good,1
4,looking,1
shower,work,1
come,free,1
deliver,re,1
actually,awake,1
like,sub,1
7,wife,1
near,place,1
checkmate,word,1
eyes,r,2
knows,sure,1
anyways,exactly,1
fuck,yes,1
far,re,1
ask,lol,1
ans,bslvyl,2
across,love,1
30,planned,1
pataistha,yorge,1
bring,wil,1
argument,theory,3
attraction,feel,1
miss,seeing,1
busetop,towards,1
cn,go,1
get,think,3
really,still,1
fun,turns,1
1,hour,1
amp,said,3
crucial,two,1
predicte,sell,1
gram,lt,1
last,night,19
display,internal,1
listening,music,3
girls,never,1
morning,word,1
plum,sugar,1
sleep,wish,1
sch,stuff,1
like,ten,1
adewale,uncle,1
dunno,wat,3
holiday,love,1
incident,tht,2
could,kiss,1
boston,whole,1
juz,say,1
big,score,1
last,little,1
goodnoon,u,1
league,people,1
gt,transaction,2
ll,reach,2
make,squeezed,1
4,fucks,1
reached,sch,1
parents,phone,1
fighting,sane,1
apparently,welp,1
lady,needs,1
cine,thk,1
c,get,1
ago,days,3
flirt,n,1
hmmm,waiting,1
miserable,tell,1
2,wrk,1
itna,politicians,1
everyday,man,1
comes,u,1
keep,u,1
lor,sorry,3
goin,weiyi,1
8th,get,1
nxt,plans,1
bank,swiss,1
cant,tmr,1
hands,spatula,1
got,lib,1
8th,half,1
guys,planning,1
4,cook,3
guys,ll,1
abt,trip,1
cool,like,1
babies,making,1
bang,gang,1
fieldof,toplay,1
several,sir,1
click,delete,1
class,teach,2
mallika,sherawat,1
nice,night,2
making,try,1
fran,still,1
da,laughing,1
finishes,girl,1
sheet,wif,1
today,uni,1
ana,tomarrow,1
den,muz,2
anyway,d,1
landline,number,2
nething,up4,1
check,life,1
love,remind,1
dunno,went,1
however,impossible,1
mum,repent,1
looking,really,1
smoking,throw,1
evenings,nights,1
class,yeah,1
shore,takin,1
stamps,whatever,1
late,v,2
asked,literally,1
dearer,people,3
afternoon,gt,3
hppnss,smile,2
going,nothing,1
album,quite,1
v,v,1
nothing,spl,1
durban,still,1
like,team,1
italian,like,1
bak,terry,1
v,yes,1
waiting,walking,1
town,u,1
slide,thought,1
page,ugh,1
wouldn,yeah,1
d,got,1
edu,sg,1
doors,game,1
openings,room,1
didn,eat,1
reply,u,2
chance,merememberin,1
u,wa,1
confirm,texts,1
angry,d,4
end,march,2
de,hospital,1
den,lessons,1
computer,shut,1
best,week,1
da,goodnight,1
got,old,1
sent,via,5
rest,wish,1
babes,jane,1
4,real,1
baby,hi,3
c,read,1
msg,rajini,1
formally,pls,1
another,attend,1
know,really,1
demand,faggy,1
get,night,2
vinobanagar,violence,1
coins,sell,1
guess,mate,1
bye,bye,1
c,doctor,1
drop,heading,1
balance,checked,1
coming,u,1
shouldn,takin,1
lives,saved,1
helpful,want,1
dad,tell,1
email,sent,2
flirting,got,1
change,muz,1
man,text,1
laugh,u,1
d,m,3
give,time,1
everybody,speed,1
kate,x,1
dont,god,1
aka,uncle,1
mayb,n,2
around,going,1
leaving,right,1
da,stuck,1
ave,forgot,1
grasp,pretty,1
finally,lunch,1
cooperative,wife,1
secret,way,1
already,woke,1
afternoon,da,1
acnt,ur,1
random,saw,1
ah,sun,1
delicious,treat,1
ll,u,6
denis,mina,1
1,inde,1
call,said,1
atlast,iz,1
feel,kiss,2
ah,thk,1
time,tis,1
freaky,lol,1
fat,talking,1
call,wont,1
dd,perpetual,1
chikku,ovr,1
postal,send,1
maybe,reboot,1
oni,u,1
dont,feel,1
care,m,2
also,cbe,1
kent,vale,2
kept,waking,1
dad,know,1
plus,twelve,1
air,force,1
hol,nice,1
argument,semi,1
easy,hope,1
4,dabooks,1
aiyar,dun,1
mind,mind,1
5,u,2
answer,tell,1
fell,splat,1
comes,cos,1
especially,night,1
reserved,seat,1
account,number,2
make,stink,1
login,need,1
long,reach,1
corvettes,lately,1
amp,goodmorning,2
everyone,see,1
life,walk,1
brother,drive,1
girl,lady,1
head,mins,1
brb,happened,1
hey,want,2
offers,want,1
4,delhi,1
important,tell,1
everywhere,walk,1
already,fetch,1
like,smth,1
flowing,m,1
b,moving,1
sick,u,1
best,made,1
b,lovely,1
going,talk,2
home,saw,1
expired,leave,1
saw,stuff,1
immediately,murderer,3
home,reach,4
made,ok,1
morning,welcomes,2
ll,nope,2
1,tension,1
far,gone,1
another,icon,1
speaking,voice,1
20,got,1
someone,thru,1
30,8,3
hour,roommate,1
aft,tmr,1
base,money,1
gettin,parents,1
call,five,1
aha,started,1
10,want,1
mate,rv,1
lt,next,3
already,say,1
guys,yo,1
bridge,needs,1
going,good,1
detail,k,1
call,going,1
buzz,chest,1
generally,thank,1
always,convincing,1
gang,man,1
grins,time,1
juz,remembered,1
bed,sweet,1
rofl,wtf,1
get,til,1
exact,prob,1
gee,later,1
important,used,1
many,uneventful,1
sat,tickets,1
around,lives,1
enjoy,til,1
aint,expecting,1
love,tell,1
fuck,think,1
later,soon,1
even,wanting,1
cardiff,plan,1
holla,sell,1
pub,walked,1
away,last,2
u,wait,4
appointment,make,1
day,hope,1
bad,thats,1
left,sad,1
get,may,1
eyes,vava,1
lol,ok,4
important,much,1
place,put,1
random,wtf,1
anything,first,1
infra,noe,1
per,request,6
lol,nah,1
gt,ok,2
sad,ur,1
1,cum,1
later,something,1
convincing,trouble,1
m,mail,2
hear,people,1
den,till,1
beads,come,1
pic,send,1
smoking,would,1
ok,others,1
murder,took,3
chikku,thts,1
fuck,nobody,1
teeth,wisdom,1
fr,tomo,1
cornwall,wait,1
ah,call,1
alone,dad,1
fiend,weed,1
find,school,1
away,passed,2
guesses,many,1
called,hours,1
place,time,2
orchard,weigh,1
hmm,yeah,1
gimme,lt,1
babe,thought,1
forgot,tell,2
gud,hurt,1
advance,year,3
true,yesterday,1
already,wait,1
bought,ron,1
inever,thought,1
fave,position,2
arng,dis,3
new,plans,1
flight,take,1
asap,try,1
let,won,1
drms,shesil,1
dat,meet,1
always,back,1
lots,love,2
already,sabarish,1
know,people,2
alaipayuthe,maangalyam,2
prepared,wat,1
otherwise,used,1
girl,mr,1
kid,money,1
back,life,1
gas,get,2
best,like,1
early,quite,1
going,ride,1
5,minutes,4
fun,pass,1
together,year,1
madam,regret,1
replied,yes,1
dont,people,1
til,without,1
nite,wed,1
family,wake,1
last,repeating,1
smoke,something,1
neva,wrong,1
ok,shall,1
affidavit,says,1
almost,morning,1
finished,long,1
u,wot,2
pleasure,scream,1
elsewhere,less,1
haha,tuition,1
meetin,still,1
receipt,sound,1
entertaining,house,1
go,taunton,1
6,den,1
happy,infact,1
meds,pain,2
brother,spoken,1
thats,well,1
gt,psychologist,1
gas,smoke,1
lei,town,1
remember,wish,1
bags,garbage,1
details,need,1
bad,well,1
gt,rd,1
corect,speling,1
approaches,month,1
place,set,1
nt,stones,1
believe,flower,1
bishan,lar,1
comfort,need,1
cloth,pieces,1
u,wherever,2
idps,linux,1
coast,west,1
hai,jeetey,1
hurt,unintentional,1
could,tell,1
alrite,doin,1
mate,thing,1
due,rent,1
explicitly,haven,1
da,wil,1
indians,nice,1
auto,weirdest,1
get,seperated,1
already,one,1
member,take,1
4give,think,1
gal,propsd,2
lk,oh,1
cant,feng,1
go,please,1
even,fact,1
invited,tho,1
different,feeling,1
real,u,1
2,dunno,1
kay,since,1
marry,u,1
lol,yeah,1
hurt,wen,1
buy,last,1
lifebook,series,1
combination,good,1
m,text,3
jst,spoon,1
high,somebody,1
even,single,2
best,life,3
extra,us,1
done,sis,1
3days,also,1
password,share,2
didn,wake,1
coffee,ok,1
could,ring,1
end,week,1
good,hm,1
earlier,test,1
awesome,haha,4
e,message,1
around,wednesday,1
4,_,1
9,face,1
masters,yes,1
thinkthis,time,1
crab,crab,1
_,please,1
belly,dancing,1
grownup,stuff,1
afew,onlyfound,1
talk,u,1
ipads,worthless,1
might,moment,1
anything,know,2
island,victoria,1
m,tired,4
energy,trends,1
site,take,1
march,send,1
shouldn,thus,1
april,audition,1
download,way,1
change,number,1
dinner,left,1
also,leona,1
heading,match,1
carlin,ten,1
late,slept,1
poop,wtf,1
dificult,u,3
later,min,1
accept,life,1
fuck,time,1
little,thing,1
plz,shattered,1
fr,u,1
2mrw,bring,1
cr,da,1
granted,help,1
people,wot,1
give,warm,1
good,semester,1
cross,walk,1
love,umma,1
dont,please,2
ghodbandar,rd,1
hand,machines,1
open,return,1
shipping,takes,1
morning,ok,1
heart,remembrs,1
2,b,1
u,use,4
pig,planning,1
couple,leave,1
chat,wenwecan,1
one,room,1
darlin,kate,1
bk,e,1
go,never,1
apologise,invitation,1
back,n,1
bit,grand,1
use,wont,1
point,tomo,1
gt,question,1
knocking,right,1
inconsiderate,would,2
came,said,1
meet,online,1
saw,scary,1
d,rather,1
plan,wana,1
cos,shakara,1
get,morning,1
thanx,xx,1
chickened,fucking,1
earth,thing,1
going,thinking,1
build,tolerance,1
buy,tickets,1
lt,price,1
re,throwing,1
pie,sleep,1
almost,gets,1
big,hitter,1
darren,meeting,1
athome,im,1
miss,phone,1
business,k,1
crushes,ur,1
great,place,3
jealous,m,1
hold,somebody,1
coz,may,1
nothing,wen,1
going,okay,1
honey,online,1
difficult,life,1
cash,gotta,1
keep,plz,2
may,may,1
neither,unusual,1
lies,results,1
dealing,turns,1
m,week,4
going,mush,1
ritten,ve,1
especially,since,2
b4,watch,1
giving,model,1
liao,rich,1
pls,value,1
hop,orc,1
please,ring,1
dont,wake,1
someone,still,2
phone,ure,1
derp,worse,1
huh,midnight,1
carlos,definitely,1
lessons,practical,1
fuck,think,1
quit,soon,1
belovd,ms,1
dad,rite,1
first,thing,2
dont,life,1
6hrs,could,1
deduct,oh,1
didn,things,1
fast,xy,1
gn,prince,1
banks,bucks,1
dont,mountains,1
elama,po,1
guy,m,1
death,keep,1
currently,shopping,2
4,e,5
thought,trip,1
card,matric,1
download,format,1
48,well,1
bus,smell,1
cha,hav,1
_,wkg,2
good,one,2
joking,m,1
bone,problms,1
nvq,person2die,1
answer,phone,1
sad,whenevr,1
bian,watch,1
d,yet,1
april,real,1
configure,da,1
booty,dance,1
r,u,36
day,done,1
original,played,1
stopped,u,1
connection,sucks,1
best,wish,1
okay,snow,1
left,middle,1
rate,someone,1
money,use,1
entirely,mm,1
extract,gotta,1
price,range,1
gt,hour,1
back,take,1
scratching,u,1
face,worst,1
bathroom,sorry,1
bar,job,1
promise,wont,1
daaaaa,ta,1
experience,learn,1
christmas,damn,1
medical,missions,1
commercial,hasbro,1
around,four,1
leaving,yet,1
looked,thru,1
d,solve,3
talk,want,1
ones,remembered,1
4,acc,1
4th,else,1
ok,thanks,1
first,tickets,1
get,tomorrow,1
know,outsider,1
closeby,see,1
le,u,1
coins,double,2
director,like,1
enough,high,1
m,part,1
bit,free,1
possible,yes,1
pa,said,5
details,praveesh,1
assume,mindset,1
c,well,1
didn,late,1
nuther,time,1
cell,phone,1
forever,free,1
fast,got,1
45pm,6,1
already,asking,1
2,3wks,1
think,waste,1
cliff,something,1
ll,meet,2
1000s,must,1
better,told,1
heap,mom,1
mayb,thinking,1
lect,meet,1
liao,sound,1
amp,let,1
go,hm,1
m,sorry,6
2,bad,1
add,yes,1
lesson,lo,1
dramatic,re,1
airport,rd,1
baby,soon,1
3,lt,3
adi,nalla,1
cleared,two,1
hot,smells,1
every,gives,1
ll,unusual,1
envy,everyone,1
texting,wanted,1
m,upset,2
jason,text,1
shouldn,sure,1
called,dad,1
hmm,thinking,1
crazy,think,1
cos,school,1
2,home,1
bill,name,1
asked,waheeda,1
said,today,1
sore,throat,1
morning,think,1
give,love,1
need,visit,1
always,disturb,1
ese,jsut,2
sat,wkg,1
much,sell,2
bed,spoil,1
remove,ur,3
hello,madam,1
day,death,1
lets,meet,1
scores,sent,1
u,ur,7
hope,text,1
number,still,1
shld,went,1
cell,dip,1
please,say,1
ah,reception,1
go,keen,1
classes,trouble,1
education,medical,1
plenty,water,1
ey,ridden,1
around,say,1
actually,lor,2
chef,lt,1
leave,put,1
joke,thet,1
already,lar,2
getting,know,1
machines,right,1
ur,wherever,1
finally,yay,1
gari,something,1
fun,message,1
da,well,2
nig,wtf,1
em,thk,1
nothing,pa,1
definite,nos,1
exe,send,1
leave,line,1
interview,wipro,1
die,rem,1
hey,ho,2
address,tell,1
great,never,1
otside,still,1
show,tv,1
one,th,1
easy,take,1
details,team,1
k,message,1
noe,scared,1
cough,nasty,1
love,nicky,1
shock,v,1
appointment,right,1
wat,would,1
dey,hurried,2
line,one,1
happiness,soon,1
handing,n,1
feels,strongly,1
lesson,ur,1
carlos,man,1
confirmd,nokia,2
right,turning,1
da,wat,1
havent,reply,1
much,would,2
goodmorning,smile,1
brother,even,1
legal,wen,1
heads,much,1
comingdown,later,1
3,v,1
nice,one,1
hospital,university,1
cruisin,im,1
msg,wen,3
frnds,gt,1
color,come,1
course,may,1
hey,y,1
already,lot,1
meet,today,1
buses,hav,1
2,need,1
actually,pretty,1
call,mumhas,1
without,wonder,1
best,boy,1
takes,week,1
half,tell,1
driving,reach,1
bother,wuldnt,1
detailed,got,1
cut,look,1
moms,way,1
priority,upset,1
like,would,1
dear,relieved,1
even,rent,1
0125698789,luton,1
ll,spirit,1
mecause,u,1
later,ortxt,1
jolt,send,1
payment,portal,1
check,id,1
darlings,far,1
7,think,1
like,shit,1
lt,picking,1
going,got,3
face,smile,2
must,worried,1
fill,pls,1
kiss,teasing,6
askd,wer,2
problematic,sat,1
dileep,thank,1
_,gap,1
find,things,1
time,usf,1
early,mah,1
exams,something,1
pray,said,1
bein,woah,1
u,would,4
ass,get,3
evening,fun,1
dat,time,1
nigpun,overtime,1
program,re,1
hey,pay,1
link,mail,1
college,pa,1
catch,pain,1
chikku,yet,4
amt,lt,3
askd,ok,1
n,sun,2
dusk,hotel,1
refilled,successfully,2
last,man,5
week,yeah,1
forgot,surname,1
u,xxxx,1
eating,mom,1
cold,wearing,1
guess,idea,1
happen,life,1
help,smoking,1
dad,says,1
truth,u,1
parents,tonite,1
actually,decided,1
sat,sound,1
track,weirdest,1
already,got,3
couple,might,1
girl,propose,1
tick,tick,2
sir,wonderful,1
slept,u,1
live,want,2
lt,please,1
ah,film,1
monday,per,1
already,made,1
girls,situation,1
baig,m,1
gf,theater,1
distance,wat,1
office,post,7
day,every,4
english,grins,1
n,time,2
hai,wo,1
cousin,said,1
informed,rgds,1
night,way,1
let,lingo,1
problems,us,1
days,summer,1
cool,im,1
sent,thing,1
dis,msgs,1
eat,jap,1
2hrs,back,1
def,ready,1
dear,night,3
neshanth,tel,1
funny,quite,2
energy,secret,3
anniversary,aunts,1
love,u,12
busy,guess,1
know,msg,1
accidentally,brought,1
closer,probably,1
jus,take,1
lor,right,1
enough,fluids,1
sick,time,2
espe,events,1
accounts,cum,2
claypot,rice,1
delayed,rent,1
amp,vasai,1
careful,text,1
forward,ll,1
_,ask,4
ages,ring,1
n,smidgin,1
_,going,5
office,tv,1
care,good,3
night,wait,1
n,u,3
2,room,1
ave,u,2
morning,things,1
slowly,walk,2
looks,one,1
needed,oxygen,1
hair,ur,3
boo,things,1
lar,later,1
confused,got,1
back,tomorrow,1
u,way,5
aft,finish,1
ipad,saying,1
havnt,u,3
really,thangam,1
email,id,2
da,rest,1
anot,yoga,1
2,stops,1
m,mark,1
lands,us,1
evrey,msg,2
doesn,vomit,1
feeling,memories,1
early,online,1
dark,quite,1
monday,starts,2
may,worth,1
amp,answered,1
hour,reasonable,1
mine,wil,2
said,thinking,1
comment,need,1
amp,best,1
boo,time,1
india,price,1
closes,lor,1
rounds,two,1
laundry,top,1
cant,drive,1
rich,words,1
call,give,9
pretty,weak,1
m,thk,2
condition,hw,1
middle,school,1
make,requests,1
could,crash,1
10,good,1
coat,want,1
fun,haha,1
got,lt,4
dual,sim,1
constantly,go,1
book,face,2
lt,move,1
great,hope,7
look,mins,1
disagreeable,totally,1
couple,different,1
prefer,u,1
phonebook,remove,1
rejected,totally,1
goin,ur,2
build,snowman,1
leh,oredi,1
checking,savings,1
people,spend,1
cause,m,2
ll,point,1
receive,u,1
accident,cos,1
busy,keep,1
sure,wanted,1
hopes,lifted,1
philosophy,text,1
fear,live,2
guys,wish,1
msg,ok,2
boye,sent,1
go,monday,1
bathe,gotta,1
angry,get,1
ok,thanx,5
address,ip,1
happening,wat,1
booked,pre,1
better,correct,1
dokey,okey,2
also,reslove,1
strongly,today,1
getting,keep,1
bb,daddy,1
law,make,1
room,waiting,1
always,coming,1
month,year,1
come,nyc,1
book,status,1
really,surprised,1
sis,w,1
surprise,waiting,4
studio,taken,1
invnted,telphone,3
a30,accident,1
food,fridge,1
sales,steam,1
home,soup,1
foned,nite,1
gud,silence,1
confuses,well,2
sun,thanx,1
night,sleep,1
lt,speak,1
hope,long,1
drugs,using,1
4d,sells,1
address,test,1
hanger,lor,1
care,reaching,1
painful,personal,1
leave,lt,1
let,oz,1
iouri,kaila,1
sura,tell,2
drugs,needs,1
msg,tihs,2
let,nachos,1
motivating,relax,1
high,live,1
guessing,wif,1
given,ultimatum,2
happen,lar,1
night,speak,1
computer,isn,1
happened,hear,1
4,meet,4
evaporated,soon,1
day,forget,1
keep,smiling,4
ard,sitting,1
sad,without,1
fren,meet,1
nxt,wknd,1
almost,hav,1
2,bold,4
2,check,1
stand,wonder,1
couldn,ugh,1
desert,salad,1
like,proper,1
previews,re,1
give,ll,6
dnt,worry,2
phone,yep,1
girl,weightloss,1
ard,reach,1
go,tuition,1
day,sofa,1
money,think,1
bed,sleep,1
dat,sells,1
buying,something,1
full,life,1
qing,u,1
4,random,1
cash,together,1
darlin,give,1
home,sooner,1
call,urgnt,1
free,il,1
hiya,sorry,1
issue,money,1
want,would,2
hope,true,1
issue,overheating,1
got,sister,1
danger,dont,1
friendship,im,2
cant,quick,1
art,d,1
anyway,many,1
kallis,wont,2
bored,m,1
complaint,three,1
culdnt,sozi,1
ar,honey,1
dad,wants,1
shall,today,1
deliver,end,1
excellent,ready,1
business,plan,1
picture,think,1
fat,u,1
calls,everyones,1
bout,goin,1
like,shaking,1
find,tell,2
miss,prospects,1
end,thew,1
around,ll,1
letters,u,1
grumpy,know,1
sense,take,1
kiss,u,1
free,power,1
cramps,stopped,1
alive,breathe,1
great,pls,1
callin,cheers,1
msn,use,1
havent,stuff,1
give,well,1
buy,making,1
audiitions,trying,1
ever,long,1
miss,someone,1
back,put,1
leh,sleep,1
ill,pay,1
airtel,application,1
hurry,says,1
intha,ponnungale,1
e,pilates,1
check,wid,1
go,guoyang,1
luvs,u,2
excellent,thought,1
u,wan,23
feel,way,1
cool,mean,1
chance,friend,1
conclusion,got,1
place,ur,1
chip,smells,1
gud,howda,1
2,coming,1
babe,wont,1
hello,sort,1
cuz,like,1
dont,hesitate,1
company,name,1
bit,get,1
hook,know,1
laugh,use,1
dont,hopefully,1
lt,suply,1
pending,treat,1
driving,lessons,1
call,ure,1
got,hella,2
best,ones,1
buddy,little,1
re,since,1
address,shipped,1
else,thing,1
drugs,good,1
4,dust,1
alright,okay,1
7,lor,1
fish,water,1
finished,last,1
dial,juz,1
give,thing,1
add,may,1
fills,thanks,1
blood,oath,1
eat,wants,1
aight,tuth,1
stability,tranquility,1
kadeem,v,1
marriage,police,3
al,da,1
hmmm,k,1
afternoon,slept,1
ami,oi,1
drink,ill,1
friendship,good,5
5,came,5
away,miles,1
mcr,staying,1
nurses,talking,1
ok,went,1
going,royal,1
back,seen,1
get,touch,2
gloucesterroad,im,1
check,google,1
lt,matra,1
idea,sure,1
plans,riley,1
ear,go,1
ayn,mitsake,2
come,gary,1
small,take,1
wasn,well,1
coming,thanks,1
astronomer,room,1
come,please,3
blue,shirt,1
find,stops,1
hour,sick,1
insects,molested,1
knew,wish,1
sing,stuff,1
1,pick,1
got,ofice,1
even,know,1
2go,4a,1
goodmate,think,1
ever,photo,1
anytime,call,1
dont,reply,1
great,wanted,1
go,u,1
cheered,love,1
bright,phone,1
life,role,1
dad,gt,1
side,since,1
like,re,1
da,decision,1
makes,pthis,1
also,kaypoh,1
pls,sms,1
1im,know,1
pours,trouble,2
thus,tomorrow,1
lar,oni,1
like,princess,1
pls,spaces,1
da,middle,1
gee,nvm,1
2,die,1
m,since,1
deleted,k,1
delete,embarassed,1
fault,fed,1
ask,darren,1
really,smoothly,1
fine,love,1
guys,miss,1
boytoy,morning,1
anythiing,hide,1
found,u,1
il,send,2
popcorn,quizzes,1
hey,m,1
analysis,data,1
publish,shall,1
page,still,1
players,unsold,1
around,still,1
hear,loud,1
fine,yes,2
evng,musthu,2
also,assessment,1
go,somebody,1
fuck,wait,1
back,u,2
need,reckon,2
ate,spageddies,1
money,need,1
messenger,yahoo,2
director,thriller,1
division,push,1
grumble,neva,1
e,phone,2
thing,urination,1
long,moment,1
4,lover,1
difficult,simple,1
comes,mind,1
big,cos,1
hair,sense,2
da,feel,1
5,jan,1
always,celebrate,1
booked,slots,1
comfort,luxury,1
ah,wat,1
many,responsibilities,1
inside,outside,1
much,probably,1
lonely,m,1
delay,sorry,2
convey,pls,6
intention,never,1
last,semester,1
ok,wan,2
silent,still,1
desires,u,1
ll,look,2
due,several,1
also,ok,1
raise,sell,1
30pm,7,1
iccha,korte,1
guy,usual,2
good,ve,2
friends,sorry,1
get,wipro,1
roommate,tonight,1
holiday,public,4
l8rs,x,1
reaching,soon,1
dear,goodevening,1
anything,yup,1
use,want,1
get,u,2
gentle,really,1
field,quickly,1
bus,da,2
boring,v,1
comes,neighbor,1
irritating,stopped,1
light,sorry,1
jus,town,1
wanted,well,1
class,taking,1
actually,little,1
carlos,text,1
bstfrnd,rply,3
re,unemployed,1
fwiw,reason,1
8,latest,2
tel,u,2
believe,fuckin,1
night,r,1
loads,make,1
one,response,1
bari,nan,1
got,supervisor,1
msging,wrong,2
love,think,3
poured,u,1
message,send,15
iccha,korche,1
first,probably,1
beautiful,one,1
amp,imf,1
back,bit,1
lip,synced,1
n,reach,1
days,means,2
shall,try,1
answering,everyones,1
home,left,1
reason,ve,1
_,early,1
hai,zindgi,1
eve,onwards,1
dont,surely,1
tell,wating,2
meanwhile,project,1
slave,work,1
look,u,1
em,round,1
thing,wrong,1
ll,skype,1
kaypoh,u,1
hasn,pattern,1
c,time,3
lindsay,new,1
u,wearing,1
hey,next,1
cud,err,1
made,r,1
_,say,2
thanks,work,1
4,ll,1
brdget,telly,1
hurt,plz,2
pist,v,1
lots,presents,1
1,ate,1
2morrow,nite,1
anything,friendship,1
enemy,guilty,1
b,needs,1
ever,took,1
guy,kinda,1
hope,planned,1
ralphs,want,1
hmmm,thought,1
6,like,1
come,time,3
comes,way,1
done,yet,1
bat,ready,1
da,please,1
especially,time,1
email,sent,2
hurt,line,1
nxt,one,1
great,nothing,1
belly,pulls,1
fiend,make,1
craving,freezing,1
plus,traffic,1
need,use,1
make,promises,1
2day,4,1
must,well,1
buying,qbank,1
much,thru,1
shopping,tho,1
get,imma,1
luv,night,1
calls,friends,2
may,smile,4
ah,said,1
big,line,2
180,least,1
ask,dad,2
b,lk,1
oli,rang,1
one,slice,1
dogbreath,u,1
head,ok,1
greetings,joy,1
dear,read,1
tell,tell,1
hardly,play,1
home,phone,1
2nite,tell,1
match,started,1
places,safe,1
got,wk,1
hot,sun,1
hav,prayrs,1
4,askd,5
money,spend,1
10,make,1
recently,spain,1
anything,basketball,1
ha,nan,1
eightish,walk,1
2,iknow,1
finish,ur,3
gone,nice,1
shopping,today,1
iz,lonlines,1
buy,mum,1
day,hope,4
moji,sorry,1
much,thanks,1
married,means,1
blastin,mind,1
oh,yesterday,1
dom,told,1
pos,tie,1
somewhere,think,1
kitty,shaved,1
hmm,u,1
call,wen,1
drop,ok,1
dear,y,1
pouts,stomps,2
always,wants,1
friendship,lovely,4
2,arise,1
morning,really,2
good,journey,2
mr,real,1
gud,ni8,13
gud,nitz,1
birth,date,1
meant,say,1
aft,stop,1
date,phone,1
cant,open,1
time,wake,1
finding,job,1
exhausted,last,1
matter,msg,1
force,iraq,1
keeping,us,1
got,paper,1
life,lol,1
ur,workin,1
driving,used,1
dosomething,late,1
day,moment,1
dun,sleep,1
wonder,world,1
friend,shortly,1
dear,rakhesh,1
break,wanna,1
go,hmmm,1
good,kip,1
still,wake,1
chest,used,1
foot,one,1
look,month,1
caller,u,1
lyrics,song,1
2,hit,1
kothi,print,1
pain,urination,1
hello,news,1
_,decide,2
b,eatin,1
heart,life,2
sound,voice,1
amp,fuelled,1
call,sure,1
spl,wat,1
pete,please,1
15,2,1
2,drum,1
food,like,1
boss,m,1
bandages,shit,1
haven,surprised,1
u,wana,3
headstart,im,1
day,start,1
hav,words,1
even,sucks,1
obese,shes,1
money,worries,2
spiral,week,1
link,sent,1
another,problem,1
lor,poor,1
almost,see,1
fever,vomitin,1
like,needle,1
2,many,2
u,wth,1
happy,hi,2
hands,plz,1
biola,fne,1
airtel,broadband,1
real,sense,1
bein,good,1
o,send,1
notixiquating,people,1
back,pain,1
day,us,1
bed,early,1
3,got,1
_,tmr,1
argue,ur,3
sent,sir,1
happy,u,3
fr,hear,1
happening,things,1
call,right,1
office,outside,1
_,haf,1
rofl,true,1
live,watching,1
job,starts,1
guys,never,1
fine,give,1
feel,next,2
tell,u,10
always,planet,1
cos,evening,1
decided,head,1
today,working,1
mumbai,south,1
didn,tell,1
hook,missionary,1
m,offered,1
abt,lor,1
go,home,2
6,movie,1
support,system,1
call,check,1
make,oreo,2
id,would,1
al,c,1
permission,touch,1
remember,thing,1
fuckin,long,1
hon,u,1
love,mmmmmm,1
drop,ur,2
c,outside,1
u,wrong,2
anyway,think,1
_,disturb,1
home,kallis,1
office,think,1
armenia,since,1
e,forgot,1
head,usf,1
gt,lac,1
fuck,oh,2
mayb,prob,1
plan,spending,1
oredi,v,1
charge,cover,1
cartoon,person,2
give,hour,1
get,oscar,1
hi,hun,1
b,mah,1
apartment,went,5
2,good,1
address,ninish,1
dunno,one,1
female,someone,1
get,opinion,1
da,stupid,1
dear,one,1
e,twiggs,1
finish,see,1
day,m,2
get,txt,1
even,later,1
saying,welp,1
much,thankyou,1
phoned,someone,1
change,try,1
2,sort,1
glad,went,1
excellent,wish,1
cup,stop,1
need,yrs,1
call,ok,2
bak,r,1
cnn,ibn,2
hope,meet,1
cn,hw,2
open,sometimes,1
arrange,love,1
dinner,rite,1
need,u,1
bored,come,1
pretty,wif,1
friends,kidz,4
think,thnk,1
get,unlimited,1
car,come,1
properly,set,1
d,snake,1
re,tell,1
come,lt,2
ask,would,2
credited,vl,1
round,week,1
special,tell,1
cares,find,1
got,work,1
20,call,1
blue,n,1
called,reasons,1
involved,possible,1
boring,oso,1
night,u,1
da,urgent,1
guy,know,1
ask,crazy,1
happened,interview,1
stop,thinkin,1
give,system,1
taken,trains,1
happy,refreshed,1
friends,like,2
mathews,tait,1
gr8fun,havin,1
got,school,1
andre,virgil,1
freak,street,1
call,friend,1
got,yeah,4
later,wenwecan,1
adore,loverboy,1
season,water,1
better,srsly,1
faith,makes,1
celebrations,full,1
forgot,type,1
already,ate,1
please,requirements,1
re,right,2
happy,sad,1
like,noon,1
alright,phews,1
bilo,ke,1
choose,skype,1
2,hours,5
attack,nxt,1
someone,soon,1
2,lar,1
fun,ihave,1
commercial,old,1
donno,scorable,1
didntgive,sorry,1
lovely,ur,5
keep,roads,1
ache,speak,1
2,eggs,1
make,ne,1
1st,wit,1
happy,smile,1
day,wonderful,1
special,u,1
8,min,1
driving,sure,1
fave,leona,1
props,sure,1
got,rudi,1
coaxing,sea,1
e,movie,1
drink,quick,1
bak,luv,1
dismissial,kallis,1
check,nuerologist,1
give,sec,2
adventure,galileo,1
good,today,1
da,got,2
keralacircle,prepaid,2
ll,milk,2
bt,shocking,1
tescos,thanks,1
feels,heart,4
somethin,unless,1
fucking,retard,1
astrology,face,1
big,title,1
able,sorry,1
dsn,hav,1
book,tomo,1
4,ar,1
love,loving,1
dub,je,1
body,even,1
far,minutes,1
tantrum,think,1
mid,time,1
breathe,thanks,1
changed,search,1
guess,ll,2
leonardo,nig,1
grl,u,1
think,ve,1
bad,day,2
doesnt,hope,1
d,park,1
much,shit,1
back,ph,1
account,man,1
code,sort,1
free,katexxx,1
en,mathe,1
true,true,1
get,ok,1
2,situations,1
saw,situation,1
defo,try,1
never,played,1
people,seems,3
_,lei,1
class,g,1
get,sponsors,1
hill,shrub,1
birthdate,ur,1
gifts,trying,1
animal,thought,1
apnt,company,1
current,food,1
byatch,whassup,1
shouldn,trying,1
amp,night,2
many,sent,1
call,pick,1
3230,regarding,1
shoulders,yet,1
lovers,meat,1
trains,triumphed,1
said,went,2
pieces,research,1
plus,used,1
aft,dis,1
eat,meds,1
appreciate,really,3
make,said,1
black,quite,1
dhanush,rocks,1
coming,definitely,1
ago,showered,1
ok,problem,4
chance,increase,1
loved,mmmmm,1
m,stuck,1
cam,v,1
leave,u,1
havent,stuck,1
malarky,pairs,1
4,mum,2
fancy,wrk,1
friends,want,1
class,full,1
lets,never,1
say,thanks2,1
cool,gentleman,2
fact,need,1
neva,sch,1
really,someone,3
ilol,let,1
nobody,wants,1
found,one,1
brother,gr8,1
heart,mind,1
get,week,1
guy,throws,1
question,settle,1
actually,guys,1
think,wun,1
care,hello,1
ur,wth,1
baaaaaaaabe,wake,1
downon,theacusations,1
cos,leh,1
number,phone,3
aint,bad,1
give,lt,1
ll,understand,1
coffee,wif,1
goes,lover,1
b,would,1
got,want,1
gautham,name,1
smile,wonderful,1
big,lambu,1
except,saturday,1
hurts,u,2
cos,l8,1
hav,sent,1
e,toot,1
cheese,pizza,1
er,yeah,1
one,school,1
know,meant,1
totally,x,1
grand,oh,1
ache,fuck,1
digi,urself,1
snow,tonite,1
across,screamed,1
slightly,well,1
february,means,1
lost,wot,1
admit,mad,1
fr,home,1
get,train,1
lunch,menu,2
chance,gang,1
1st,june,1
finishes,hour,1
promise,treat,1
emergency,surgical,1
da,outs,1
go,say,1
mouth,well,1
going,kip,1
4,one,3
take,tell,1
ur,years,1
assume,re,1
hit,send,1
always,come,1
baby,girl,1
hello,yeah,1
night,x,1
drugs,wants,1
8,every,1
enc,lt,1
know,man,1
aiyo,lesson,1
man,nah,1
4,rest,1
fun,o,1
jackson,rec,1
boy,d,2
online,review,1
good,got,1
come,wish,2
friend,mine,4
gibbs,unsold,1
fedex,way,1
comes,ring,1
know,prakesh,1
bakra,nange,1
4,pounds,1
see,wanna,2
great,safe,1
2,im,1
shows,ur,1
liao,weekends,1
behind,wheel,1
dunno,wait,1
today,tomorrow,1
feel,getting,1
bishan,lei,1
damn,two,1
ding,said,1
aiyo,please,1
ate,chicken,1
go,jogging,1
buy,hungry,2
audrey,status,1
haven,though,1
happens,vegas,1
log,usc,1
mail,pending,1
legal,system,1
6,th,1
cancer,sister,1
lower,seat,1
cancer,moms,1
ever,ve,1
college,ur,1
day,went,1
4,log,1
b,dun,1
also,knows,2
place,south,1
door,steps,1
boy,love,1
adress,theplace,1
meeting,thing,1
champlaxigating,think,1
5,told,1
love,soooo,1
every,ok,1
malaria,thinkin,2
lesson,may,1
k,tell,1
holding,m,1
faster,u,1
next,prepare,1
everyso,wrong,1
always,speechless,1
ll,thk,2
earlier,sorry,1
e,teacher,1
website,yes,1
ileave,uni,1
know,would,1
cos,house,1
al,moan,1
honest,stable,1
probably,swing,1
money,want,1
smile,ur,1
2,categories,1
affectionate,unnecessarily,1
always,heart,1
cos,full,1
know,love,2
credited,gt,2
past,twenty,1
dessert,left,1
alex,party,1
breezy,haircut,1
grace,news,1
bt,day,1
dinner,w,1
friends,tagged,1
coming,day,1
ever,guys,1
done,luv,1
first,work,1
coming,later,2
earlier,putting,1
gr8,text,1
2,ave,1
4,home,3
hello,meaning,3
pa,thank,1
arrange,need,1
award,calculated,1
baby,get,1
acc,kvb,1
know,watchin,1
even,small,1
know,simply,1
dinner,feel,1
listen,problem,1
met,remembered,1
outreach,rock,1
go,shopping,4
10,minus,1
happy,shivratri,1
buy,gonna,1
late,pretty,1
like,say,3
say,time,1
bb,budget,1
cut,hair,2
doesnt,things,1
avalarr,hollalater,1
lots,tv,1
keep,long,1
20,rem,1
interview,via,1
didnt,reply,1
job,much,1
gave,morning,1
didnt,surprise,1
buy,early,1
n,someone,1
always,bcz,1
free,oso,1
already,like,1
brother,pls,1
help,ibuprofens,1
drop,text,1
_,pay,1
sign,well,1
february,month,1
got,porridge,1
already,u,1
give,still,1
flash,go,1
good,ll,1
car,re,1
night,night,4
canada,teach,1
2,willing,1
day,smoke,1
experiment,nyc,1
drinkin,want,1
things,wit,1
first,pay,1
crazy,family,1
join,tomorrow,1
mark,right,1
forget,today,3
brings,truth,1
maybe,woke,1
picking,tomo,1
repeat,u,1
cos,wif,1
earlier,go,1
ask,know,1
trip,wondering,1
everybody,happy,1
discuss,liao,1
academic,visit,1
best,tomorrow,1
know,lemme,8
relation,u,1
finish,u,1
great,hey,1
jewelry,trips,1
havent,sent,1
genus,second,1
beautiful,life,1
fast,went,2
confirmed,staying,1
boss,felt,5
available,last,1
almost,want,1
completes,medical,1
clash,thgt,1
great,role,1
tonight,want,1
d,world,4
got,persons,3
deleted,message,1
especially,stick,1
andres,week,1
daddy,scrumptious,1
choose,clean,1
back,call,3
administrator,network,1
lt,true,1
going,thing,1
gives,tough,1
car,problem,1
poor,zac,1
know,stubborn,1
de,thats,1
day,gr8,6
_,meet,2
game,play,2
confirm,true,1
e,shop,1
dead,half,1
ask,luck,1
reapply,take,1
choice,yes,1
school,thanx,1
getiing,il,1
decided,mom,1
like,torture,1
dude,get,1
5,some1,2
always,ill,1
ffffuuuuuuu,tampa,1
anyways,year,1
haven,hungry,1
anything,trust,1
lt,one,1
guess,isnt,1
quite,sky,1
considering,shit,1
name,place,1
guess,like,1
need,talk,1
boy,hogli,1
enough,trouble,1
fr,go,1
dunno,get,1
lovely,made,1
kicchu,re,1
ranjith,sir,1
payment,usc,1
bored,etc,1
escape,great,2
able,sleep,1
dnt,live,1
know,life,1
bring,know,1
great,smoke,1
panic,surrender,1
date,dinner,1
close,much,1
one,tell,2
seing,today,1
new,year,22
frnds,ur,1
bluff,funny,1
every,find,1
problem,small,1
come,ok,5
money,sent,1
call,talk,2
edward,rd,1
mapquest,want,1
feeling,morning,1
got,somebody,1
1,hogli,1
friends,recharged,1
miss,yet,1
u,workin,4
home,use,1
_,told,1
cry,would,1
hours,tops,1
2,take,3
ps,want,1
lol,wtf,1
thia,tired,1
take,wrong,1
hell,like,2
comfey,v,1
masters,really,1
free,sms,3
essential,like,1
late,wake,1
princess,soon,1
fuuuuck,need,1
cal,missed,1
bank,remove,1
lei,outside,1
another,message,1
common,take,1
film,finish,1
4,wish,1
u,wake,4
tue,walsall,1
20,mins,1
guess,sorry,1
correction,let,1
flirt,flirt,1
christmas,merry,1
back,next,1
mother,prashanthettan,1
_,noe,4
tomorrow,u,3
princess,thank,2
iron,plan,1
doesn,help,1
4,lor,2
fun,made,1
hasn,u,1
pool,swimming,1
always,love,1
phone,ta,1
full,mobile,1
anythingtomorrow,myparents,1
ave,ya,1
hi,mom,1
aiya,lor,1
go,openings,1
going,term,1
mobile,problem,2
nt,y,1
always,possibility,1
mayb,problems,1
come,get,4
ok,yet,1
ask,ok,1
ahmad,al,1
ahead,amp,2
feel,yesterday,1
aren,bookshelf,1
call,father,1
cool,fundamentals,1
haha,yoga,1
ashley,tell,1
warm,wish,1
happens,r,2
loves,still,2
five,said,1
gym,harri,1
nurses,two,1
accept,brother,3
better,hear,1
2,jada,4
kalstiya,msg,1
completely,stop,2
2,pm,1
plan,shower,1
sorry,town,1
bring,bud,1
darlin,ok,1
getting,us,1
could,yeah,1
available,jobs,1
life,nothing,1
cool,shall,1
made,us,1
clean,room,1
amma,rakhesh,1
email,thru,2
care,swt,2
e,nydc,1
asked,sen,1
chinese,ok,1
feet,need,1
great,sounds,2
_,good,1
r,tht,1
apparently,tomorrow,1
4,waitin,2
luv,rain,1
charles,hey,1
decking,got,1
hi,na,1
hey,sexy,2
rem,seeing,1
hudgi,yorge,1
forward,itna,1
okie,oso,1
driving,e,1
haha,thinking,1
big,kiss,1
hearts,safe,1
search,wake,1
campus,library,1
m,texts,1
changed,day,1
great,office,1
kisses,love,1
march,mate,1
eaten,haven,1
get,work,1
izzit,thk,1
soon,u,3
look,timings,1
easy,much,1
didn,said,2
anythin,thk,1
ahead,watts,1
location,wif,1
attraction,start,1
ah,keep,1
gt,ibuprofens,1
probably,take,1
eat,shit,2
abiola,bye,1
drink,need,1
aiya,later,1
office,today,2
oh,times,1
outl8r,urgoin,1
check,e,1
proper,tongued,1
m,movie,2
text,understood,1
sms,ur,1
better,cine,1
customer,jd,2
excellent,put,1
m,selling,1
day,excited,1
hear,listen,1
boston,men,1
b,muz,1
hurt,truth,1
come,nordstrom,1
pls,school,1
buying,finish,1
obviously,well,1
gonna,way,1
close,u,3
job,times,1
round,two,1
2,3,3
lost,weight,2
ll,match,1
frm,letters,1
answer,fucking,1
ask,fri,1
got,haha,2
lunch,u,1
luv,wocay,1
hello,things,1
nights,nt,1
housework,quick,1
2,cut,2
den,juz,1
kiss,mom,1
apps,go,1
fourth,phasing,1
daddy,love,1
smth,u,2
hot,normally,1
already,closed,1
get,random,1
solve,think,1
mack,rob,1
nothing,really,1
gimme,ring,1
contacts,n,1
aight,m,1
moment,wondering,1
guide,ovulation,1
infernal,watch,4
avin,good,1
2,sleep,2
heart,ur,1
available,webpage,1
den,hop,1
day,working,1
academic,secretary,1
early,morning,2
started,today,1
drive,dun,1
askin,m,1
hello,saturday,1
oh,swell,1
2,knw,1
fishrman,woke,1
real,tho,1
sure,trust,1
ge,gn,3
belovd,swtheart,3
hey,sorry,1
drop,tank,1
manky,scouse,1
contention,flower,1
problem,thats,1
fuck,paranoid,1
day,miracle,1
haven,u,1
exams,march,1
god,oh,4
behind,find,1
costumes,guys,1
lane,parantella,1
allowed,swimsuit,1
c,dont,1
package,received,1
called,sms,1
bit,later,1
amp,bank,1
either,win,3
randomlly,within,1
penny,says,1
accounting,person,1
upset,want,1
tell,want,2
grazed,knees,1
id,proof,1
text,whenever,1
choose,future,1
going,v,1
place,sent,1
g,wifi,1
coz,reserved,1
61,65,1
admission,defer,1
leh,n,1
b,rich,1
new,theory,3
sat,thurs,1
later,together,1
calling,wrong,3
doesn,x,1
inform,regret,1
korche,na,1
nobody,teaches,1
makes,us,1
hella,weed,1
dollars,gt,5
called,paragon,1
jus,walk,1
lt,psychiatrist,1
n,te,1
chocolate,tells,1
appointment,made,1
park,recently,1
cleaning,u,1
bring,mini,1
freedom,heads,1
dave,saw,1
deserve,u,1
dont,want,5
friend,studying,1
inside,m,1
cash,get,4
long,trek,1
izzit,still,2
boye,need,1
peaceful,sleep,1
closer,get,1
coming,gym,1
excuses,tonight,1
coz,iz,2
meet,yes,1
crazy,point,1
like,quite,2
dun,mind,2
bcoz,ur,2
call,tomorrow,6
tried,ve,1
sick,youre,1
decent,face,1
d,hurt,1
like,married,1
got,think,1
day,god,1
messy,still,1
dumb,realize,1
say,wish,1
beatings,take,1
better,made,1
come,today,1
lt,tonight,1
black,saw,1
best,lose,1
answr,d,1
spoken,year,1
breath,every,1
jst,takecare,1
meeting,r,4
deal,regular,1
plus,two,1
end,week,1
ass,pictures,1
celebrate,magical,1
lt,shit,1
lucky,mate,1
slow,tot,1
meal,u,1
full,im,1
luv,u,3
9,play,1
eh,yes,1
6,class,1
attending,still,1
bday,real,1
enjoy,wa,1
hex,way,1
great,someone,1
nice,something,1
back,step,1
texting,wait,1
hows,london,1
happen,tonight,1
1im,talkin,1
abt,events,1
c,mrt,1
dimension,fourth,1
d,like,5
carly,quick,1
eatin,m,3
cocksuckers,makes,1
9pm,sucks,1
hear,u,1
hittng,one,1
noun,plural,1
ctla,frm,1
go,us,2
happening,none,1
need,think,1
awake,won,1
night,phasing,1
dead,nearly,1
blacko,londn,1
fumbling,kind,1
amp,express,1
fast,one,1
d,hair,1
disturb,u,6
e,paper,1
hop,time,1
open,pussy,1
okay,well,1
also,hope,1
2,watch,7
afew,days,1
week,week,1
fuck,mmmm,2
lar,wrongly,1
hex,place,1
sorry,won,1
creepy,like,1
around,got,1
get,till,1
allows,one,1
jus,tot,1
amp,church,3
fml,went,1
real,ur,1
temales,thanks,1
sliding,wont,1
forget,know,1
else,y,1
coz,hello,1
business,may,1
everything,would,1
pls,qatar,1
alwa,important,1
kadeem,text,1
bday,join,1
gv,mind,2
like,well,1
30,ice,1
gt,thot,1
prakasam,sneham,1
____,john,2
bat,difficult,1
another,butt,1
_,themed,1
calm,downon,1
medicine,visit,1
fifteen,fucking,1
atlast,jus,1
times,ve,1
oh,ya,2
rebel,sweet,1
around,gonna,2
bits,hmm,1
getting,really,1
chillin,home,1
woot,woot,1
dollars,got,1
sorry,today,2
love,mt,1
let,usual,1
530,got,1
b,won,2
company,join,1
doesnt,need,1
clean,need,1
meive,ring,1
better,come,2
drive,lor,1
meal,outfor,1
e,length,1
lor,m,4
mumtaz,shahjahan,1
back,bring,1
back,work,2
disclose,urn,2
ikea,information,1
salary,slip,1
bed,cooped,1
big,day,1
arguing,week,1
better,late,1
bill,go,1
even,move,1
easily,offer,1
doesn,like,1
go,lets,2
address,sandiago,1
students,thk,1
signing,wun,1
de,y,1
kicks,know,2
everyone,get,2
dinner,yet,1
picking,thanks,1
call,taking,1
dun,thk,3
cool,ll,4
always,lol,1
hrs,tomo,1
take,tyler,1
dis,u,2
hmm,wot,1
assistance,us,1
final,hearing,1
back,goin,1
appreciate,ill,1
sweatter,wearing,1
buy,much,1
da,think,1
anthony,dad,1
randomly,reformat,1
dont,pick,1
curtsey,practising,1
nice,things,2
tot,ur,1
bpo,like,1
course,guess,1
prefer,wld,1
today,wish,1
enter,place,1
tamilnadu,tough,1
4,statements,1
m,worried,1
give,malaria,2
work,would,1
happened,wat,1
goodo,ll,1
lt,set,1
g,said,1
extra,time,1
meet,need,1
computer,setting,1
bennys,near,1
evening,im,1
room,swing,1
everybody,find,1
also,change,1
anniversary,party,1
hidden,inside,1
leh,pig,1
app,fring,1
2,place,1
8,face,1
coz,end,1
adding,zeros,1
dads,p,1
great,jeremiah,1
sat,u,1
hmmm,thk,1
cake,fishhead,1
bit,jus,1
ayo,travelled,1
9,doors,3
hand,ll,1
buff,like,1
postponed,still,1
pls,rtm,1
support,supposed,1
kb,n,1
gt,ish,4
da,lib,2
n,ready,1
bored,bridgwater,1
school,went,1
month,need,1
smile,u,4
back,half,2
make,v,1
improve,month,1
cedar,key,1
embarrassed,ok,1
booked,liao,1
beer,rs,1
like,system,1
soon,xxx,1
right,words,1
know,plus,1
bus,stop,5
6,stay,1
actually,seem,1
face,owed,1
bored,really,1
get,using,1
ur,way,2
langport,sorry,1
nan,sonathaya,1
birthday,vikky,1
come,special,4
2,much,1
credit,fone,1
many,something,1
de,wont,1
cut,liao,1
happen,nothing,1
morning,mr,1
people,still,1
di,tomorrow,2
suckers,weak,1
able,pay,2
cake,guess,1
read,shame,1
cum,wanna,1
driving,slots,1
lect,wat,1
message,r,2
fren,ur,1
im,right,1
smile,wicked,1
da,waiting,1
algorithms,intro,1
armand,really,1
pay,returning,1
group,mail,1
frosty,songs,1
hmmm,many,1
fine,remembered,1
shrub,street,1
trips,two,1
earlier,leaving,1
er,showered,1
gone,haven,1
ever,met,1
market,vic,1
hv,story,2
find,mom,1
aluable,ffectionate,1
nothing,something,1
go,shun,1
another,cat,1
otherwise,part,3
help,smart,1
m,staying,1
know,one,3
book,likely,1
confidence,self,1
never,nothing,1
da,one,1
2,love,1
couple,days,1
later,see,3
completes,vital,1
gets,sometimes,1
text,wishing,1
10,min,1
know,relatives,1
ass,haul,1
