doinat,u,1
friendship,purity,4
rite,well,1
jeans,lor,1
many,players,1
goodnite,yeah,1
awkward,feel,1
bring,shall,2
get,sort,1
figuring,interest,1
give,month,1
aiyo,bit,1
birds,ur,1
never,wanted,1
going,ya,1
fast,wan,1
5,xam,1
come,oh,1
difficult,gud,1
anyway,holla,1
number,wanna,1
abt,opinion,1
could,send,1
another,thing,1
goes,wrong,1
got,screwd,1
go,make,1
give,money,1
mentor,think,1
fault,r,1
feel,whatever,1
2,college,1
regular,unless,1
kept,sleep,1
found,working,1
uv,well,1
funny,heehee,1
anyone,u,1
ever,oblisingately,1
important,pretsovru,1
got,meh,1
guys,kappa,1
esaplanade,tonight,1
ask,darren,1
hear,start,1
bong,new,1
cheers,oh,1
adds,surely,1
babe,passionate,1
6,850,1
doesnt,progress,1
said,thanks,1
cappuccino,think,1
gd,nt,1
argue,dont,3
cos,iwana,1
buy,hanger,1
old,year,2
girl,hey,1
got,jus,1
despite,would,1
dear,probably,1
hey,tmr,3
cts,hi,1
non,raining,1
prepared,take,1
know,r,1
reach,trying,1
chain,gold,1
6,glory,1
ah,like,1
cloud,rays,1
job,making,1
assessment,self,1
half,ten,1
done,well,3
chat,coz,1
common,room,1
flirt,rather,1
mrt,one,1
buzz,friends,1
gettin,well,1
draw,rs,1
got,number,2
ask,working,1
book,chez,1
tickets,u,1
cardiff,still,2
leaving,m,3
happy,toughest,1
senthil,tomorrow,1
amp,life,2
madurai,met,1
casing,cost,1
5,face,1
hypotheticalhuagauahahuagahyuhagga,response,1
calling,n,1
box,mail,1
painting,still,1
cos,nt,1
late,mins,1
ages,yeah,1
aiyar,sorry,1
4,fated,1
abt,dunno,1
going,lunch,1
father,joy,4
appreciate,call,2
alright,think,1
canada,eh,1
might,tampa,1
alcohol,jay,2
gon,past,1
reckon,u,1
4,hand,3
nighters,persevered,1
frnds,valuable,2
test,willpower,1
forget,though,1
stop,wasn,1
4,da,1
didn,sleep,2
ll,peace,1
oh,yeah,5
hi,think,1
call,radio,1
carlos,friends,1
4,today,1
print,send,1
tex,u,1
greetings,sending,1
sometime,together,1
_,home,1
sar,xxx,1
dat,going,1
lol,really,1
k,training,1
buns,day,1
tomarrow,want,1
dude,u,2
11,ok,1
something,try,1
sathya,situation,1
tonight,x,1
say,somebody,1
help,take,1
haha,kidding,1
everybody,sure,1
cant,comedy,1
please,words,1
good,thank,1
interfued,plus,1
2,losing,1
aft,many,1
ans,lar,1
hee,help,1
long,quite,1
asked,girl,1
first,miss,1
ciao,reg,1
gona,im,1
fall,love,1
5th,ur,4
enjoy,u,1
olol,printed,1
look,n,1
m,y,1
really,shit,1
cal,lets,1
aiyah,u,1
come,go,1
ouch,wish,1
shouldn,worry,1
tampa,think,1
lol,oh,2
goodmorning,today,5
occupy,place,1
come,download,1
mah,wat,1
check,early,1
cat,see,1
becoz,smile,2
still,taunton,1
great,personal,1
hi,says,2
haha,weight,1
hope,urfeeling,1
mrt,u,1
cars,childporn,1
cinema,going,1
know,pls,1
stock,trip,1
home,run,1
telling,today,1
night,obviously,1
eat,m,1
also,miss,1
either,way,1
get,gona,1
1mega,pixels,1
matter,mind,1
2,rain,1
fave,style,1
outstanding,several,1
bother,sending,1
bottom,half,1
announced,cause,1
frnds,wthout,1
coming,t4get2text,1
im,realy,1
coming,relatives,1
c,common,1
wun,yup,1
gail,know,1
da,noe,1
sim,went,1
se,waqt,1
bucks,gt,5
30ish,u,1
embarassed,wanted,1
mmmmmmm,snuggles,1
every,happiness,1
interviews,wake,1
dead,phone,1
_,anyway,1
lor,mum,1
everytime,remembered,1
calm,ey,1
_,part,1
rock,well,1
getting,towards,1
lar,late,1
spreadsheet,track,1
walked,wiv,1
50,mins,1
passionate,send,1
holla,pls,1
facebook,mine,1
got,minutes,1
asking,u,1
hope,scared,1
finally,lol,1
g,try,1
gt,luks,1
good,news,2
comes,persian,1
free,ll,3
commit,guy,1
free,got,1
girls,look,1
u,want2come,1
frnd,misundrstud,1
bck,u,1
anna,nagar,2
later,normally,1
anyone,fight,1
come,stuff,1
also,like,1
said,yetunde,1
get,system,1
little,soon,1
karo,ki,1
speeding,truck,2
later,pls,2
til,u,1
go,loosu,1
getting,mate,1
e,normal,1
kiss,passionate,4
nothin,relation,1
monday,sucks,1
comin,fetch,1
betta,invest,1
bowl,car,1
arrested,got,2
kr,lt,2
okie,wah,1
princess,week,1
dis,sweater,1
met,would,1
come,upstairs,1
000pes,12,1
alright,omw,1
beer,house,1
got,weekdays,1
great,us,1
argument,wins,3
apt,tonite,1
pick,us,1
n,wk,1
gals,hey,2
college,go,1
cinema,trip,1
freak,unless,1
everything,hope,2
happy,know,1
last,silent,1
confidence,derek,1
said,ve,1
get,miss,1
apart,argument,1
hey,tell,1
m,things,1
interested,may,1
arng,source,3
flip,shit,2
moment,u,1
sweet,wake,2
friends,girl,1
charming,prince,1
dont,gt,2
got,stuff,3
one,outstanding,1
facebook,seen,1
innu,mundhe,1
di,yijue,1
burnt,fingers,1
ll,town,1
john,uncle,3
movie,scary,1
edu,nus,1
meet,mountains,1
started,watching,1
impression,yeah,1
later,ok,1
e,house,1
innocent,yes,1
e,gals,2
answer,dis,1
accidentally,die,1
calls,u,1
conserve,outages,1
feeling,sit,1
2,oz,2
finished,ll,2
booked,pilates,1
2,good,1
ideas,ill,1
details,e,1
nah,wasn,1
charges,transfer,1
cbe,yesterday,1
m,reffering,1
makin,weirdy,1
hope,maybe,1
didn,get,4
ruin,thesis,1
hai,sochte,1
2,sway,1
time,wanna,1
e,morn,2
back,sd,1
heater,set,1
class,saw,1
honestly,ve,1
luxury,sold,1
wat,wright,1
go,yan,2
id,kr,2
m,though,1
correct,work,1
come,fix,1
2day,til,1
car,tell,1
first,people,1
area,still,1
handsome,hello,1
serious,wait,1
hi,im,1
juz,work,1
30,want,1
alrite,girl,1
babe,happened,1
audition,season,2
number,qatar,1
early,neva,1
complaint,files,1
nxt,wk,1
lor,wat,4
snickering,tells,1
day,spice,1
dirty,much,1
safe,study,1
67441233,call,1
realising,woah,1
possession,property,1
2,hw,1
months,three,1
instead,write,1
bathe,first,1
absolutely,love,1
ava,u,1
good,leaves,2
always,make,1
got,social,1
ok,yup,4
day,happy,1
reaching,sq825,1
cos,wait,1
much,tell,1
_,wait,3
crisis,spk,1
grins,lol,1
ll,phone,1
challenge,say,1
dirt,floor,1
mayb,u,1
basically,m,2
better,thats,1
durban,town,1
around,julianaland,1
hunny,r,1
atrocious,wotz,1
na,tul,1
made,walking,1
massive,pain,1
expect,welcome,1
break,dont,1
jus,rite,1
doin,somethin,1
picking,u,2
home,tonight,1
hate,u,1
leave,night,1
2mrw,love,1
picture,room,1
juz,watch,1
activities,type,1
good,pray,1
morning,see,1
luv,n,4
big,leh,1
got,removed,1
m,slice,1
plate,u,1
already,wait,1
taking,ure,1
malaria,would,2
cos,saw,1
know,made,1
keep,phone,1
cos,eye,1
grab,ll,1
life,love,3
loves,much,1
pain,smile,2
behind,rd,1
car,e,2
ll,pick,1
lays,rock,2
never,realized,1
sure,want,1
bed,sitting,1
like,mine,2
asshole,u,1
phone,u,1
affairs,wif,1
late,love,1
date,next,1
5,minutes,1
8,hours,1
come,find,2
disconnected,phoned,1
prey,teasing,1
question,yes,1
hang,know,1
laurie,thing,1
m,think,2
seven,spile,2
might,tonight,1
elaborating,m,1
hope,teresa,1
pmt,sumthin,1
meant,signing,1
send,wat,1
coffee,wld,1
enjoy,position,1
please,walk,1
bye,cheery,1
em,nuther,1
2morow,cum,1
card,yellow,1
got,opps,1
number,paperwork,1
_,yes,1
2,frnd,2
collect,page,1
class,tmrw,1
class,wonderful,1
car,common,1
age,ice,1
go,gurl,1
excuse,need,1
dun,like,1
bird,purchases,1
checking,online,1
via,wadebridge,1
like,see,1
bus,m,2
go,got,1
coz,truth,1
face,ur,2
boyfriend,lt,1
olage,ondu,1
adsense,got,1
change,go,1
4,batt,1
2,u,13
lose,starve,1
jia,k,1
gt,night,1
hey,leave,2
afternoon,e,2
planned,yet,1
idea,time,1
pears,thing,1
tell,town,1
hospitals,sucker,1
staying,whole,1
m,nope,3
lot,terms,1
computer,shipped,1
bed,strewn,1
get,wat,1
getiing,lt,1
check,review,1
google,nearby,1
def,like,1
conected,gud,1
hall,xam,1
930,time,1
bringing,extra,1
fever,tablet,1
ay,wana,1
pray,tomorrow,1
clarify,pls,1
abel,aphex,1
p,tel,1
picked,receipt,1
frequently,status,1
believe,u,1
drive,hour,1
gave,guy,1
nighters,one,1
means,still,1
brother,nothing,1
ll,think,2
al,salam,1
remember,watch,1
mind,working,1
lady,whole,1
bring,perf,1
com,hotmail,1
enufcredeit,tocall,1
friday,pick,1
shall,work,2
keeps,loverboy,1
lot,sickness,1
lead,truth,1
centre,something,1
need,tests,1
today,told,1
else,smth,1
prob,thats,3
ever,seen,1
pending,works,1
come,people,1
3,bajarangabali,1
kfc,tuesday,1
day,sleep,1
moan,ready,2
around,hey,1
best,year,2
drivin,m,1
ias,question,2
bread,hannaford,1
2,marriage,3
love,ya,9
checkboxes,custom,1
eve,xxx,1
know,wonderful,1
lol,tv,1
eventually,would,1
get,see,1
something,xx,1
cudnt,regret,1
adoring,naughty,1
spontaneously,talk,1
go,great,1
lol,ouch,1
8,aight,1
blood,sugar,1
need,thats,1
one,real,1
flying,monkeys,1
everyone,get,1
single,single,1
let,noe,1
worse,would,2
eighth,much,1
john,leafcutter,1
dun,lor,2
fly,m,1
living,ve,1
9,finishing,1
kate,xxx,2
mean,u,2
enough,half,1
mail,wit,1
john,lennon,1
late,spent,1
set,vettam,3
babe,day,2
hours,question,3
forgot,show,1
happening,supposed,1
da,submitting,1
disturb,ll,1
coming,review,1
9,little,1
take,test,1
best,kallis,2
explain,talk,1
ok,pls,1
concern,prior,1
gave,lovely,1
amp,well,3
aft,str,1
like,logged,1
heavily,raining,1
messages,messenger,1
d,pick,1
calls,get,1
fact,tee,1
mo,well,1
female,know,1
dress,pretty,1
lt,want,1
morning,thank,1
really,shows,1
need,voice,1
baby,well,1
face,making,1
free,yes,3
infront,wise,1
family,plans,1
comin,game,1
re,yeah,1
busy,realise,1
back,open,1
person,rhythm,1
past,ur,1
party,put,1
meeting,still,1
6,plus,1
k,think,1
anthony,asked,1
remember,til,1
dis,term,1
tho,u,1
coins,someone,1
car,looking,1
c,need,1
giving,knew,1
4,choose,1
age,range,1
could,sleep,1
askin,without,1
come,never,1
say,sorry,1
springs,tarpon,1
conform,mca,1
able,dont,1
dan,luv,1
amk,m,1
fill,gaps,1
like,manky,1
dog,today,1
illness,limiting,2
buy,wat,1
called,u,1
nxt,til,1
going,take,5
amount,spend,1
quite,reality,1
enjoy,getting,1
ron,saw,1
apologetic,v,1
banter,bridgwater,1
dont,randomly,1
re,time,1
wait,year,1
come,within,2
bout,got,1
happen,tell,1
ate,lor,1
shore,waves,1
call,later,1
finally,meeting,1
4,6,1
sent,think,1
v,wen,1
following,ur,1
bit,ok,1
pilates,yoga,1
dis,erode,1
heard,text,1
need,please,1
figures,got,1
ill,lost,1
sleep,use,1
jiayin,miwa,1
dump,get,1
fish,memory,1
sugar,take,1
realy,soryda,3
_,meeting,1
d,lush,1
habba,hw,1
last,voted,1
sleeping,surfing,3
expecting,one,1
holy,shit,1
r,walkin,1
dock,water,1
aunt,find,1
evry,words,1
care,princess,1
wat,write,1
gt,years,3
b,schedule,1
girls,im,1
fuck,gt,1
stand,yeah,1
sq825,taking,1
choices,face,1
hear,receipt,1
get,texting,1
coins,u,1
back,clocks,1
alone,mite,1
decide,u,2
1thing,got,1
crowd,try,1
making,practicing,1
boy,n,1
officially,paid,1
lets,make,1
prolly,won,1
keep,notebook,1
feel,u,4
please,queen,1
smile,someone,1
surprised,want,1
cause,today,1
miss,need,1
knowing,may,1
angry,told,1
tonght,wen,1
ivatte,janarige,1
ass,smacks,1
sleep,tired,1
answering,texts,1
division,g,1
wif,work,1
hear,voice,1
checkin,nic,1
ha,know,1
ugh,y,1
feeling,full,1
blue,looking,1
get,park,1
chat,things,1
hunny,okden,1
let,problem,1
important,prevent,1
pls,tell,2
11,u,1
setting,suggest,1
even,makes,1
come,drive,2
dont,way,1
lido,time,1
sounds,well,1
ard,call,1
izzit,settings,1
fun,spiffing,1
gt,ll,5
pleassssssseeeeee,tel,1
ability,develop,1
ego,going,1
budget,weed,1
ill,time,1
jerk,wouldn,1
shoot,went,1
d,pretty,1
cyclists,pesky,1
company,jan,1
begins,spanish,1
bit,come,1
go,liao,1
lovely,night,2
days,since,1
2,air,1
quality,time,1
5,asleep,1
company,hey,1
photo,registered,1
9t,gud,1
ahold,get,1
asap,stuff,1
actually,phone,1
always,ll,1
person,wonderful,1
na,office,1
malaria,meds,2
temp,vomit,1
anot,thk,1
juz,receive,1
sex,want,1
going,n,1
dun,wear,1
imp,one,1
powerful,weapon,1
loveme,xxxx,1
pissed,wasn,1
happiest,world,1
give,ors,1
said,wanted,1
know,mallika,1
andrews,st,1
j,sweet,1
huh,valentines,1
honey,u,1
befor,together,1
sound,u,1
chicken,get,1
2,whether,2
chk,ur,1
run,water,1
cousin,dinner,1
3,smth,1
manda,nice,4
late,sir,1
lt,today,2
looks,scrumptious,1
lor,one,1
cover,face,1
bus,mahal,1
dare,drastic,1
orchard,pilates,1
fault,u,1
eatin,wif,2
comprehensive,send,1
really,wanna,1
left,worth,1
1,small,1
got,invitation,1
like,pouch,1
cbe,pay,1
happy,think,1
touch,weekend,1
orange,twat,1
hope,well,2
anymore,tonight,1
anything,benefits,1
blue,jeans,1
awake,still,2
get,ok,2
back,comin,1
add,doesn,1
common,think,1
belt,know,1
gd,n,1
might,temp,1
adults,may,1
heart,others,1
broth,want,1
hen,night,1
baby,house,1
making,pics,1
b,getting,1
m,suppose,1
m,resubbing,1
dear,saturday,1
bill,letters,1
analysis,something,1
kind,weather,1
de,sorry,2
joined,training,1
650,got,1
lol,take,1
good,listener,1
go,phone,1
colour,suits,2
ham,jo,1
d,whole,1
chat,someday,1
back,week,1
5,pain,1
make,u,1
lautech,thing,1
u,wanna,6
3,finish,1
going,new,1
ache,yet,1
field,networking,1
favorite,got,1
saw,swatch,1
got,know,2
isn,kind,1
appreciated,car,1
bus,catch,1
2,hint,1
came,mess,1
chat,fb,1
sent,text,1
really,want,1
another,pick,1
cleared,sister,1
gt,ll,2
effect,gee,1
message,rent,1
anything,feel,1
blackberry,much,1
man,murdered,4
divert,via,1
going,propose,1
mail,sorry,1
1st,sms,4
executive,shifad,1
rule,way,1
till,wait,8
closer,like,1
got,rumour,2
big,day,1
ebay,something,1
cos,dont,1
drink,milk,1
get,messages,1
already,check,1
answering,phone,1
callin,say,1
get,lost,1
one,think,1
4,money,1
fals,luv,1
m,supposed,1
middle,nichols,1
bugis,vill,1
cabin,entered,5
anything,say,2
come,da,1
anythin,special,1
lab,wat,1
ashley,cant,1
missing,u,4
m,mall,1
siva,tats,1
da,ll,1
feel,mr,1
face,punishment,1
everything,reason,1
alternative,find,1
read,twice,1
time,u,17
love,thing,1
pin,ur,1
mail,waiting,2
3d,avatar,1
log,marking,1
efficient,u,1
family,happiness,1
call,number,2
go,txt,1
keep,mind,2
around,wait,1
concentrating,final,1
avoid,way,1
man,usf,1
doesnt,reply,1
mom,morning,1
2,tired,1
able,ll,1
anything,tell,5
anything,changed,1
de,happiness,3
tomorrow,waste,1
go,jazz,3
back,box,1
getting,working,1
fetch,yun,1
abiola,weekend,1
2,buy,1
_,test,1
send,way,1
pray,sat,1
blood,blood,2
mirror,shit,1
eh,go,1
carlos,make,1
da,tirunelvai,1
account,give,1
also,imagine,1
fuck,leaving,1
stuff,wonderful,1
cos,dinner,1
b,back,1
car,dat,1
come,guoyang,1
515,like,1
biatch,boring,1
even,friend,1
like,speak,1
m,u,1
lush,would,1
back,otherwise,1
sitting,watching,1
details,id,2
destiny,keep,1
lt,organizer,1
pics,unfortunately,1
d,even,1
nuther,place,1
aid,first,1
babe,home,2
car,whole,1
love,means,1
eight,let,1
happy,ugadi,1
etc,take,1
hand,phone,2
eatin,lor,1
tues,wed,2
jump,many,1
go,whatever,1
know,urgnt,2
contents,da,1
card,time,1
come,ideas,1
lot,love,1
cuz,got,1
know,lt,2
gave,woke,1
kids,want,1
embarassing,room,1
playing,umma,1
da,watch,1
hey,text,1
hmmm,queen,1
fetch,u,1
2,9,1
car,house,1
food,gd,1
man,wise,2
internet,semiobscure,1
finish,ya,1
love,plenty,1
law,never,1
days,satanic,1
amp,comes,3
lar,wan,3
gone,ve,1
ass,supports,1
ever,going,1
felt,sms,1
able,go,1
help,sheet,1
one,say,1
eyes,working,1
beads,remember,1
joining,today,1
gt,pest,1
regarding,yijue,1
although,told,1
player,unsold,1
joy,time,1
may,tmw,1
adjustable,loving,1
b4,u,2
fine,m,3
jaykwon,thuglyfe,1
didnt,ok,1
pls,tmorrow,1
work,work,1
bein,thot,1
made,ws,2
money,pool,1
call,ummma,1
soon,well,1
meet,plan,1
b,get,1
didnt,end,1
1,afternoon,3
2,dream,1
say,uncomfortable,1
every,share,1
help,would,1
keep,like,2
also,wednesday,1
mudyadhu,po,1
driving,fri,1
road,turn,1
depends,whether,1
bud,last,1
except,leave,1
find,waiting,1
good,registered,1
cafe,join,1
heal,time,1
izzit,yup,1
get,half,1
another,hour,1
bottle,us,1
busy,re,1
evening,spent,1
brief,cons,1
u,wenever,1
5mls,syrup,1
mum,yes,1
fine,simply,1
cheers,money,1
bin,watchng,1
giving,r,1
better,never,1
diet,yeah,1
leave,zaher,1
gotta,hit,1
tell,trying,2
4,finish,1
coming,home,7
house,pull,1
stomach,sure,1
factory,gotta,1
decisions,make,1
geting,salary,1
comin,longer,1
cell,way,1
resuming,school,1
please,slave,1
icicibank,log,2
loved,want,1
wo,zindgi,1
end,night,1
inform,u,1
empty,r,2
christmas,happy,1
cover,mention,1
asking,get,1
food,way,1
flaky,parent,1
afternoon,love,5
going,keep,4
get,lucky,1
friend,may,1
problem,talk,1
like,m,1
easier,ll,1
cud,u,1
onwards,tomorrow,2
kallis,told,2
end,plan,1
9,call,1
fancy,though,1
afternoon,hope,1
confirm,reply,1
email,opened,1
got,wonder,2
hat,jumpers,1
mys,sis,1
hope,lol,1
going,good,1
offer,tayseer,1
catching,sis,1
amigos,hoping,1
could,tyler,1
asleep,imma,1
dat,top,1
chance,fantastic,1
dinner,fr,1
cheat,dont,1
kiss,sound,1
bet,well,1
elaine,hey,1
even,spirit,1
started,uni,1
chapter,one,1
good,wine,1
last,told,1
doesn,need,1
stranger,trouble,1
ringing,u,1
another,ok,1
ok,quite,1
dance,floor,1
care,msg,1
going,queen,1
liao,reach,1
didn,ok,1
come,english,1
sian,tmr,1
lor,plus,1
molested,someone,1
flippin,shit,1
love,search,2
128,255,1
late,yest,1
friday,leave,1
emily,rose,1
gud,news,1
couple,pics,1
conveying,felt,1
got,placed,1
ages,u,1
dictionary,u,1
ass,pain,1
2morow,luv,1
logoff,windows,1
apologize,u,1
hi,probably,1
words,words,1
going,stuff,1
meant,opposed,1
na,plz,1
gm,jokes,3
came,room,1
5,rs,1
ok,sed,5
acting,might,1
anyway,give,1
cause,gyno,1
4,went,1
company,desperate,1
brings,faith,1
_,home,1
actually,quite,1
behind,rows,1
wasn,wednesday,1
much,tho,1
mine,possession,1
see,something,1
respect,senses,1
gone,speak,1
tel,wats,1
live,lt,1
meet,thank,1
forever,ok,1
mother,respect,1
contacts,remember,1
couple,view,1
born,god,1
2,much,3
dear,going,1
go,word,1
arnt,pissed,1
buns,think,1
around,hearts,1
fast,run,2
designation,software,1
craziest,things,1
aunty,going,1
last,missed,1
c,u,14
ah,started,1
blur,dad,1
dealer,weed,1
applying,thinking,1
bed,throw,1
gentleman,ok,1
related,thing,1
6pm,da,1
caroline,hello,2
flies,room,1
know,wicked,1
evening,ttyl,2
getting,msgs,1
also,overheating,1
goin,jazz,1
cancelled,yeah,1
coccooning,home,1
deficient,weed,1
perfect,pussy,1
affection,care,4
posted,yes,1
havent,lei,1
grandmas,oh,1
4,exeter,1
1,nice,1
dedicate,u,2
6ph,park,1
thanx,u,1
friend,top,1
btw,regarding,1
50,selling,1
managed,running,1
easy,need,1
get,wen,1
probably,sure,1
come,tht,1
blame,day,2
okay,spoons,1
jason,says,2
free,wan,1
bucks,jay,1
airtel,line,1
hard,pray,1
ok,u,3
argh,pos,1
hip,hop,4
gone,love,1
genes,something,1
testing,would,1
contract,ran,1
even,navigate,1
egg,one,1
bags,eggs,1
christmas,squeeeeeze,1
maraikara,pa,1
2,shahjahan,1
kz,wit,2
ready,sorrows,1
dude,thnx,1
bag,ur,1
go,today,1
road,somewhere,1
sense,tot,1
stays,suggest,1
egg,frying,1
place,talk,1
gud,time,2
eat,old,1
da,ok,1
giv,one,1
ll,yes,1
hour,two,2
loves,see,2
calling,thank,1
gt,oz,1
friends,maybe,1
let,us,1
3,beloved,1
8,neighbour,3
havent,yup,1
u,work,1
lots,party,1
bigger,things,1
hows,pain,1
back,south,2
dis,pierre,1
come,plan,1
following,glad,1
brah,sorry,1
college,u,1
3,support,2
msg,n,1
got,use,1
hmmm,mayb,1
pics,send,1
affair,cheers,1
railway,way,2
day,wish,1
amazing,one,1
big,u,1
hope,smile,1
one,wrong,1
plan,require,1
god,power,1
guys,want,1
full,version,1
mine,uploaded,1
know,re,8
come,mean,1
c,told,1
back,clarify,1
dengra,rahul,1
shower,social,1
beyond,words,1
place,took,3
cos,yetunde,1
cookies,took,1
gosh,pain,1
howz,yo,1
comes,toothpaste,1
guide,person,2
sorry,tell,1
sleep,want,1
normal,would,1
price,special,1
imma,respond,1
gt,telephonic,1
think,wi,1
contention,grow,1
4,lt,1
shop,went,1
2,meet,8
kaaj,korte,1
three,two,1
hittng,tried,1
think,wot,1
leaving,qatar,2
else,salad,1
bb,get,1
best,dialogue,1
ma,try,1
already,say,1
7,never,1
cakes,hot,1
amp,frndz,1
princess,year,1
set,website,1
misplaced,number,1
m,nvm,1
d,laugh,1
catching,e,1
call,embassy,1
coz,seriously,4
already,lessons,1
k,want,2
k,later,1
simple,way,1
baby,brilliantly,1
get,money,1
boy,necklace,1
come,home,13
eating,esplanade,1
minimum,walk,1
essay,nose,1
4u,friend,2
cleaning,house,1
bored,getting,1
tonight,worth,1
looking,shit,1
problem,want,2
frens,w,1
dreading,work,1
e,testing,1
charge,lst,1
individual,time,1
crave,see,1
q,stores,1
come,meet,1
deleted,e,1
fights,good,1
early,wake,1
exam,next,1
important,shit,1
approve,b,1
getting,whole,1
hiya,probably,1
babe,m,1
dial,use,1
sumthin,u,1
hooch,walk,1
coming,even,1
63miles,hrs,1
half,taking,1
aint,thing,1
answered,love,1
dont,mis,1
u,wrkin,1
didn,mind,1
aight,plan,1
feels,walking,1
da,wat,2
pretend,text,1
shop,tea,1
2,goin,3
ask,maybe,1
cos,shopping,1
latr,wid,5
day,ur,2
around,happening,1
call,miss,1
aka,pap,1
car,later,1
great,need,1
4,look,5
meet,text,1
frm,made,1
bcum,vl,1
constant,home,1
bud,drinks,1
everythin,explain,1
getting,yo,1
sure,tho,1
cos,sale,1
dropped,promptly,1
cover,need,1
10,call,1
get,mu,1
around,ho,1
maaaan,missing,1
ink,sends,1
dick,like,1
asleep,fall,1
happy,may,1
great,hari,1
drink,pa,1
school,work,1
bank,company,1
hav,steam,1
meets,text,2
please,wait,1
1,side,1
first,woke,1
merely,relationship,1
got,til,1
say,things,1
company,group,1
cool,time,1
plz,sleep,1
come,true,3
address,lt,1
quite,tescos,1
rite,tmr,1
say,visitors,1
deal,somewhere,1
today,ve,1
awake,noon,1
mind,see,1
answering,m,1
independently,numbers,1
doesdiscount,shitinnit,1
nothing,smsing,1
deal,friend,1
awesome,phone,1
ask,chechi,1
n,yest,1
drink,plus,1
gt,mesages,2
lifeis,waking,1
always,wanting,1
play,wont,1
k,must,1
coulda,telling,1
furniture,remember,1
people,re,1
ending,march,1
oral,receiving,1
gal,sch,1
cos,mah,2
hope,mum,1
bigger,life,1
deciding,whether,1
lei,want,1
area,puzzles,1
nxt,week,1
busy,dear,1
forgiven,re,1
trip,went,1
changing,diapers,1
italian,job,1
book,da,1
m,okay,1
fb,jaykwon,1
possessiveness,showers,1
enough,gas,1
1,teaches,1
4w,technologies,1
5,gets,1
jesus,miracle,2
babe,tonight,1
messages,missed,3
feeling,weak,1
celebrate,stuffing,1
howda,oh,1
coz,never,1
fact,yeah,1
jus,say,1
adoring,kiss,2
go,later,1
forwarded,reading,4
r,sure,1
balls,time,1
lautech,vital,1
lovable,persons,1
dat,u,6
n,thinkin,1
dobby,galileo,1
fed,himso,1
aletter,thatmum,1
january,lt,1
always,stressfull,1
tape,wrench,1
contents,page,1
aight,fuck,1
business,put,1
log,payee,2
oso,u,2
ard,picking,1
address,nannys,1
bad,violence,1
u,wake,1
missing,plenty,1
den,wasted,1
rounds,today,1
speak,yes,1
ll,thats,2
quite,sad,1
4,happiness,1
blame,never,2
tomorrow,works,1
gud,gud,2
like,role,2
help,would,1
feeling,maybe,1
considering,much,1
2,wen,1
il,time,1
n,verified,2
already,cover,1
around,time,2
hope,worries,1
got,think,1
getting,still,2
barring,trip,1
idea,though,1
earlier,week,1
boy,loved,2
lots,need,1
hope,tonight,1
day,wudn,1
cos,year,1
l8r,quite,1
go,won,3
none,stop,2
joke,kinda,1
sent,u,3
babes,goin,1
check,wif,1
plumbers,tape,1
love,sat,1
m,stressed,1
franxx,luv,1
depends,phone,1
going,re,2
doesn,mention,1
anything,lemme,1
appropriate,would,1
bad,today,1
ll,trust,1
determined,lt,1
re,tomorrow,1
company,share,1
come,tb,1
feel,thangam,1
leh,still,1
always,one,3
looking,pick,1
interested,one,1
eek,lot,1
need,room,1
128,mb,1
children,went,3
b,yeah,1
ex,oso,1
easier,ever,1
made,said,2
ok,way,2
dancin,eatin,1
lei,like,1
hmmm,still,1
cos,wat,2
n,surf,1
freezing,home,1
2u,get,1
come,must,1
flaked,right,1
hols,ok,1
perhaps,silly,1
bslvyl,u,2
pick,sunday,1
exe,run,1
could,face,1
edwards,tait,1
environment,terrific,2
number,ur,1
hey,hun,1
said,thought,1
amt,d,2
listen,upset,1
d,secret,2
also,u,2
cannot,take,1
house,work,1
arranging,daddy,1
house,whats,1
juz,meet,1
cardiff,fine,1
maybe,tmr,1
shirts,u,1
bill,refund,1
engagement,fixd,1
decking,wanted,1
intha,said,1
dont,telling,1
much,sense,1
lot,right,1
payoh,toa,3
buying,tix,1
cardiff,uni,1
g,padhe,1
8,pub,1
favorite,sashimi,1
connections,hold,1
hurt,make,1
bugis,course,1
means,screaming,1
airport,sister,1
noun,u,1
alright,took,1
awake,m,1
gt,week,1
needs,stop,1
going,hospital,1
anyone,spare,1
lookin,n,1
awesome,made,1
room,would,1
ideal,waiting,1
distract,isaiah,1
hurt,unintentional,1
family,ur,2
ll,noe,1
goodnight,sleep,1
hope,pain,1
dad,lucky,1
joined,sday,1
get,whenever,1
right,u,2
tayseer,tissco,1
dunno,lor,1
makes,want,1
couple,see,3
caps,yelling,1
3,4,1
fr,like,1
food,preferably,1
k,pa,1
msg,reply,1
pick,ur,2
mmmmmm,yummy,1
thou,tonight,1
many,series,1
falls,gal,1
free,get,1
attitude,ful,1
late,would,1
thoughts,would,1
good,night,19
hiding,stranger,1
e,humanities,1
full,wondar,1
loving,smile,2
dropped,em,1
2nite,comin,1
midnight,place,1
happy,see,3
2,bought,1
inch,predicting,1
tonight,work,1
lt,spent,1
_,rite,1
pls,tomorrow,4
sent,text,2
come,point,1
gut,massive,1
exhausted,want,1
buffet,u,1
able,give,1
lar,pick,1
enough,wasn,1
sac,score,1
hurt,leave,1
parents,pick,1
treat,whr,1
lol,made,1
night,yeah,1
rule,think,1
directors,says,1
bad,tell,2
see,u,9
com,great,2
great,morning,1
nt,wife,5
dont,give,1
amp,together,1
finish,time,2
problem,sure,1
days,good,2
mail,thru,1
cafe,yet,1
right,shopping,2
good,ok,3
reservations,said,1
big,hundred,1
happened,say,1
problem,thts,1
dont,google,1
reminding,water,1
hook,means,1
hee,tee,2
havent,students,1
fault,ur,3
da,specify,1
early,say,1
mall,town,1
another,chill,1
day,send,3
exhaust,part,1
today,weekend,1
izzit,wat,1
missing,yet,1
da,miss,1
complain,know,1
else,say,1
athletic,lt,1
life,ur,7
others,tell,1
barely,yeah,1
also,track,1
fr,late,1
night,take,1
going,time,1
old,website,1
informed,uncle,1
baby,r,1
reach,still,1
next,sponsors,1
broke,oh,1
logoff,sound,1
hard,msg,1
forever,frndship,1
game,yo,1
1,u,4
saw,u,1
da,day,4
around,probably,1
4,inconvenience,1
sure,understood,1
confirm,re,1
frnd,y,1
feeling,still,1
couple,probably,1
edhae,program,1
k,mistake,1
stuff,u,1
one,wanting,1
flight,good,1
aiya,thk,1
postcard,send,1
cos,im,2
r,wat,8
msg,wake,1
coins,tons,1
10,lost,1
college,xx,1
better,lose,1
carefully,read,4
putting,thanks,1
lt,oh,1
money,say,1
say,slowly,4
leave,sat,1
done,handed,2
call,world,2
daywith,thoughts,1
bin,mint,1
crucial,things,1
macho,price,1
mean,sure,1
go,preponed,1
isnt,xx,1
comes,nothin,1
footprints,ur,1
beautiful,day,1
career,tel,1
gt,units,1
5min,hold,2
k,one,1
around,friend,1
crammed,meant,1
right,status,1
heart,token,1
tampa,west,1
9,long,1
friends,lead,1
m,nervous,1
chennai,m,1
cool,weather,1
_,citylink,1
many,model,1
lim,sim,1
probably,txt,1
best,today,1
e,us,1
afford,gas,1
checked,stuff,1
princess,thinking,1
gving,yuo,2
jide,study,1
pre,thurs,1
see,shadow,1
film,going,1
motor,project,1
total,video,1
another,italian,1
knw,pa,1
k,sms,1
bathe,normally,1
month,saying,1
orange,swt,1
crckt,footbl,1
2,tom,1
dun,thk,1
darren,thk,1
fine,night,1
keen,re,1
set,text,1
kinda,rejected,1
joanna,m,1
philosophy,say,1
lesson,many,1
congrats,great,1
3,jada,4
lab,one,1
half,hour,1
flat,lt,1
_,mah,1
already,year,1
much,trusting,1
got,pa,1
never,share,2
anyway,sound,1
c,us,1
din,tot,1
friendship,way,1
butt,hang,1
ask,n,2
bored,im,2
ll,probably,3
days,didnt,1
ill,phone,2
bcoz,want,1
also,well,1
congrats,student,1
1st,lor,1
4,cover,1
question,quick,1
lives,thanks,1
called,said,1
alex,place,1
gonna,re,4
stupid,tell,1
membership,take,1
floor,pillows,1
hotel,name,1
bought,test,1
discount,student,1
funny,sorts,1
engagement,hi,1
brand,oh,1
also,ofcourse,1
4,recreation,1
emigrated,something,1
call,u,13
good,okay,1
online,search,1
getting,hurt,1
marriage,program,1
n,smile,1
anything,website,1
good,job,1
abt,asks,1
babe,need,1
dnt,posible,1
4,birthday,1
outside,snow,1
could,guess,1
gud,reading,1
flea,inpersonation,1
de,webadres,1
kb,yogasana,1
gud,tomorw,1
great,month,3
bank,tomorrow,1
de,happen,1
congrats,way,1
say,wanna,1
could,u,1
either,way,1
lot,tol,1
get,gift,1
finishd,vid,1
gut,wrenching,1
numbers,two,1
ish,minutes,1
holding,tightly,1
said,would,4
st,tests,1
poor,relation,2
boytoy,miss,3
re,way,3
house,watching,1
coz,wants,1
good,lei,1
blackberry,torch,1
cleaning,m,1
even,isn,1
also,m,3
touch,wont,1
announced,blog,1
da,glass,1
cancer,dad,1
fill,laden,1
people,silence,1
den,rite,1
kb,sun,1
call,waheed,2
gets,together,1
colourful,life,1
way,yo,1
lt,sms,1
come,life,1
melt,sunlight,1
back,txt,1
shirts,vday,1
searching,u,1
bslvyl,everytime,1
exams,get,1
ok,try,1
gonna,google,1
finish,loads,1
call,home,3
u,yourjob,1
away,block,1
headache,u,1
birthday,feb,1
reference,transaction,2
month,two,1
could,think,5
capital,problem,1
book,thk,1
possible,tht,1
o,shore,1
dat,login,1
cal,drpd,2
online,places,1
got,sis,2
382,ubi,1
_,still,1
nitw,wen,1
becz,hav,1
cysts,ovarian,1
jess,love,1
birds,r,1
ask,something,1
late,think,1
find,nigeria,1
great,oh,1
hopeing,wasn,1
line,much,1
bsnl,go,1
shared,u,1
bless,favourite,1
angry,left,1
night,xavier,1
accordin,wat,1
got,lousy,1
conserve,energy,1
feeling,monday,1
baby,oil,1
got,sure,1
c,ya,4
believe,mindset,1
m,move,1
d,occupy,1
ll,school,1
frnd,witout,1
call,movie,1
belly,warm,1
find,time,3
gave,us,1
friday,leave,3
life,love,4
kb,leh,1
keep,moved,1
live,think,1
could,set,1
2,eat,3
eviction,week,1
cant,sun,1
seconds,warning,1
less,simpler,2
call,ready,1
next,stop,1
comes,never,1
check,double,2
cartoon,listening,3
speeding,towards,2
cause,say,1
cribbs,r,1
fucking,spares,1
celebration,counts,1
dun,fave,1
mad,many,1
get,rooms,1
parents,since,1
honeymoon,outfit,1
miss,sooooo,1
always,shit,1
give,home,1
information,late,1
calculation,meant,1
sleepin,sup,1
read,recycling,1
coco,kick,1
cricket,ground,1
dear,great,2
4d,buy,1
m,texted,1
birthday,may,2
everything,says,1
loving,thanks,1
doc,visit,1
da,m,3
cant,rain,1
jaya,tv,2
called,someone,1
knew,see,1
slowly,water,1
day,pray,1
wanted,yes,1
make,money,1
good,yes,1
jus,saw,1
anything,need,2
okie,okie,1
ill,think,1
slave,wake,1
one,u,3
licks,take,1
brilliant,weekend,1
bitch,ll,1
made,mistake,1
like,turns,1
tht,unknown,1
processed,successfully,1
one,sad,1
albi,mufti,1
much,ta,1
messed,yeh,1
many,miles,1
4th,ur,4
buy,tuesday,1
quality,test,1
actually,thought,1
long,spoke,1
break,chain,1
job,whats,1
ur,xy,1
cake,coffee,1
home,tv,1
cell,dropped,1
didn,died,1
2day,love,1
craziest,shit,1
ful,song,1
one,swiss,1
hope,ml,1
jaz,luv,1
math,promise,1
sweet,think,1
easily,go,1
practicing,started,1
m,small,1
lor,workout,1
purchases,yet,1
home,wot,1
speak,tomo,1
must,walk,1
laugh,may,1
cool,cum,1
lick,pussy,1
girls,white,1
feb,lt,3
done,parade,1
dad,today,1
lt,usc,1
sweet,taking,1
details,mail,1
sofa,thought,1
teams,waiting,1
pay,went,1
day,dear,4
optimistic,tough,1
ill,speak,1
bad,people,1
desert,logging,1
abt,thk,1
browser,n,1
online,seeing,1
kind,shitload,1
make,use,3
gynae,infections,1
best,case,1
behalf,stunning,1
like,number,1
cool,tyler,1
beer,cheaper,1
ali,vargu,1
first,rememberi,1
ke,qi,1
means,record,1
eng,k,1
give,space,1
go,rto,1
could,told,1
earning,time,1
loud,scream,1
engaged,tmorow,1
think,wish,1
shd,though,1
checking,week,2
sorted,stuff,1
justbeen,overa,1
dollar,loan,1
away,mom,1
re,welcome,1
singing,stop,1
chennai,forgot,1
friend,lot,1
others,probably,1
office,thenampet,1
hurts,sum1,2
w,watching,1
irritating,msging,1
lost,seen,1
maid,murderer,4
frm,gift,1
late,notice,1
dear,hai,1
c,vl,1
custom,draw,1
account,beneficiary,2
needs,smile,1
employer,number,1
approx,per,1
heltini,yalrigu,1
even,happy,1
god,got,2
_,leaving,1
nobody,shhhhh,1
asking,without,1
back,open,1
marry,u,2
park,south,1
appreciated,yeah,1
6pm,aftr,1
esaplanade,pm,1
omg,want,1
d,drop,1
ground,hit,1
friend,got,2
something,yet,1
wan,y,1
nice,see,1
heart,thats,1
9,gonna,1
friend,house,1
dude,im,1
missed,u,2
member,wit,1
although,would,1
mail,send,3
aww,first,1
malaria,relax,2
told,ve,5
hotmail,yijue,1
great,still,1
goodnight,ll,1
7,langport,1
apes,thing,1
soon,x,1
food,good,1
5,sankatmochan,1
go,saturday,1
problem,work,2
gossip,juicy,1
done,m,8
didn,night,1
chennai,surely,1
dear,get,1
stuff,times,1
c,tiz,1
boy,grins,1
2,listn,1
soon,speak,7
sleep,somewhere,1
already,bathe,1
recovery,see,1
food,messages,1
ve,weather,1
songs,upload,1
dear,saw,1
good,interesting,1
keep,posted,4
accordingly,come,1
deal,farm,1
da,remember,1
ill,obey,1
buy,tmr,1
buy,need,3
really,thet,1
bad,feel,3
nice,really,3
m,yunny,2
like,sound,1
blue,text,1
many,times,6
feel,used,1
bak,go,1
good,missed,1
chance,ttyl,1
da,puttin,1
cramps,wrenching,1
m,reaching,4
advice,kind,1
family,many,1
next,week,10
30,max,1
however,side,1
friends,grins,1
2,boggy,1
exam,harder,1
thk,wat,1
back,walk,1
corrct,num,1
back,m,1
l8r,xxx,1
going,sis,1
buying,site,1
children,unconscious,1
den,tt,1
also,fine,2
life,things,1
sorry,would,2
aunts,charlie,1
going,yet,1
2mrw,4,1
moms,walked,1
tonight,wats,1
ahmad,much,1
gt,mca,1
result,tomorrow,1
good,joke,1
tree,xmas,2
forgot,watch,1
cons,n,1
plz,slip,1
babe,still,2
lunch,pa,1
im,lul,1
care,others,1
payed,suganya,1
bring,happiness,1
bristol,meet,1
hello,say,4
lor,msg,1
pick,u,4
m,responsibility,1
bit,stylish,1
babysit,mate,1
havent,shopping,1
love,see,1
height,recycling,1
k,ve,1
midnight,thanks,1
diamonds,moral,1
good,past,1
adventuring,happened,1
cruisin,girl,1
himso,y,1
appeal,tomo,1
home,smth,1
bills,settle,1
stupid,wont,1
hurt,wanted,1
lt,put,1
2,spain,1
darling,sister,1
problem,ru,1
great,thot,1
2,hardest,1
dnt,u,5
reach,tomorw,1
bunch,buy,1
oh,shit,2
coach,hot,1
carlos,meet,1
might,saying,1
hour,walked,1
stitch,trouser,1
day,use,1
4,leaving,1
little,ve,1
minutes,needed,1
happily,lived,2
monday,saturday,1
quitting,says,1
board,working,1
pple,type,1
like,listen,1
actually,lt,1
haiz,sad,1
easy,uncle,1
nvm,ok,1
m,working,5
feel,make,1
babe,sozi,1
enjoy,night,1
m,needy,1
dirty,want,1
da,way,1
really,regarding,1
hope,u,2
soladha,sonathaya,1
plan,sat,1
later,meeting,7
time,tonight,3
made,throw,1
early,yay,1
freak,would,1
miss,number,1
boundaries,may,1
ask,need,2
go,yup,1
21st,shanghai,1
check,moms,1
come,friend,1
check,like,1
gud,mathe,1
dirty,dormitory,1
caring,stuff,1
eightish,town,1
atlast,time,1
neva,say,1
called,hey,1
even,know,1
birthday,hi,1
care,takes,2
months,well,1
battery,low,2
enough,slide,1
gr8,wishin,2
filling,forms,1
lyfu,vargu,1
fill,special,1
r,sorry,1
_,yup,1
woke,yeesh,1
da,sry,1
fathima,waheed,2
amp,snake,1
laptop,take,1
radio,show,1
call,tirupur,1
agalla,boy,1
amused,joking,2
friendship,missed,1
labor,slave,1
gumby,special,1
gud,life,2
see,yeah,2
need,swing,1
ok,told,1
gals,u,1
nothing,serious,1
mind,one,1
frank,reply,1
able,yeah,1
ll,walmart,1
days,saw,1
challenge,god,1
going,village,1
line,lov,1
interviews,maybe,1
4get,try,1
smoke,trying,1
da,topic,1
close,some1,3
bt,dont,1
today,ur,1
bbq,sat,1
early,feel,1
know,supports,1
test,tomorrow,1
thinking,u,3
coming,planning,1
give,pl,1
lei,present,1
shall,tell,1
collected,dough,1
bloody,funky,1
jus,n,1
admin,team,1
air,u,1
even,gives,1
hun,l8tr,1
friendship,two,4
blown,sorta,1
haha,lessons,1
support,voice,2
find,go,1
vilikkam,ws,1
2,choose,1
ready,spoiled,1
casing,hdd,1
bother,doesnt,1
pete,x,3
lane,roads,1
need,tonite,1
behalf,lengths,1
car,sure,1
much,smokes,1
easy,world,3
cutest,girl,1
acc,details,1
friday,made,1
money,takin,1
know,selfish,1
amla,ground,1
like,mofo,1
attend,went,1
call,waiting,5
6missed,u,1
finally,happened,1
mint,ur,1
attach,still,1
miss,think,1
case,cherthala,1
dear,o,2
ear,training,1
like,rain,1
mates,sorry,1
imagination,needs,1
cell,dead,1
later,network,2
eta,know,1
day,making,1
assume,one,1
concentration,get,1
cos,town,1
friends,n,4
come,hungry,1
care,firsg,1
meet,person,1
hahaha,use,3
like,randomlly,1
bit,run,1
c,go,2
b,q,1
love,tb,1
lag,may,1
china,fr,2
haha,take,1
forgt,previous,1
registered,vote,1
m,yet,1
big,order,1
okie,scared,1
3d,b,1
enjoyin,yourjob,1
1stone,jus,1
fr,thriller,1
aathi,love,3
dnt,lik,1
something,starts,1
maggi,mee,1
rebooting,try,1
coming,due,1
2,mj,1
end,pound,1
good,isnt,1
couldn,sorry,1
call,work,2
drunken,night,1
ok,think,1
heart,know,1
hour,means,1
come,m,2
didn,quite,1
make,water,1
see,sunday,1
befor,go,1
right,said,1
one,open,1
stuffs,u,1
2,going,9
u,y,8
morning,sighs,1
add,pls,1
die,gonna,2
away,get,3
car,fixed,1
going,lei,1
please,sen,1
sec,see,1
ask,take,1
ate,jus,1
could,feeling,2
bold,torch,1
make,sure,9
got,impression,1
1lemon,day,1
b,wud,1
askin,well,2
another,ended,4
day,made,1
go2sri,xmas,1
like,one,1
bucks,know,1
coming,whats,1
around,friend,1
changed,something,1
askin,hence,2
ad,nice,1
depends,quality,1
avin,r,1
knowing,stop,1
going,thats,1
done,leave,1
doors,sometime,1
pop,weekend,1
gd,sound,1
forget,owns,1
pa,shy,1
sweet,wondering,1
let,oooooh,1
confirm,den,1
freaky,m,1
california,okay,1
angels,snowball,1
beta,ll,1
sch,studying,1
buy,make,1
jungle,living,1
something,tiempo,1
like,make,1
grow,random,1
lololo,waaaat,1
coming,samantha,1
ard,lar,1
since,talk,1
abt,thnk,1
il,mins,1
man,money,1
local,yor,1
aquarius,im,1
guesses,lor,1
2,prior,1
luv,posted,1
sachin,standing,1
come,evening,1
respect,thru,1
meet,othrs,1
punto,someone,1
care,spk,1
se,zyada,1
much,today,1
divorce,lol,1
blue,ptbo,1
bit,pai,1
dnot,senrd,1
brought,em,1
orchard,reach,1
move,won,1
india,lt,1
call,single,1
make,rest,1
ask,next,1
ur,went,1
hey,looks,1
love,morning,4
furniture,tho,1
mu,today,1
done,sportsx,1
dont,forgot,1
asthma,cos,1
ll,thanksgiving,1
modules,take,1
love,someone,3
child,little,1
8th,another,1
4,tonight,1
changes,next,1
1,expression,1
buzz,didn,1
hr,want,1
dropped,woke,1
march,th,1
go,jurong,1
chechi,talk,1
around,h,1
cars,clearing,1
e,use,1
didnt,search,1
ni8,swt,2
heard,week,1
back,g,1
play,website,1
dance,river,1
bold2,nigeria,1
sure,thing,4
know,miss,1
didnt,neighbors,1
exact,guy,1
definitly,valuing,1
roommate,swing,1
boy,italian,1
craziest,texted,1
kiss,said,1
asking,tiwary,1
bb,bold,1
m,telling,1
busy,ur,1
always,must,1
letter,today,1
cosign,option,1
lt,psychologist,1
nigeria,trip,1
bar,town,1
piah,sar,1
raining,still,2
got,room,2
thank,u,2
head,ur,1
m,trying,5
2,wot,1
help,let,1
lt,wait,1
eight,station,1
find,important,1
late,shall,1
ll,studying,1
left,much,1
argentina,time,1
right,sent,1
know,must,2
knw,ll,1
er,ything,1
compromised,everything,1
2,late,2
finished,ive,1
dinero,sum,1
number,pick,1
phone,waitin,1
tel,twice,1
even,weird,1
day,ever,2
easy,give,1
food,give,1
also,sir,1
2,tell,3
fun,tho,1
may,three,1
stop,worry,1
izzit,u,1
bout,times,1
mid,returned,1
even,gt,1
different,styles,1
hours,u,1
2nd,one,1
evn,met,1
death,m,1
coz,murderer,4
get,wkend,1
call,xxx,1
reading,women,1
cool,people,1
able,could,1
much,r,1
still,timin,1
made,paths,1
mystery,solved,1
load,pls,1
shit,wait,1
abnormally,behave,1
peaceful,warm,1
ask,mummy,1
aiyo,u,2
friends,u,1
ha,popped,1
dont,play,1
see,wat,1
attention,paying,1
first,thought,1
ok,ya,2
ve,woken,1
da,thought,1
neighbour,went,3
mayb,thk,1
happy,lar,1
beauty,life,1
fault,m,2
called,know,1
appointments,docs,1
12,30,1
everything,knees,1
trouble,u,1
faggy,sarcastic,1
baby,doin,1
come,dinner,1
dlf,premarica,1
comin,like,1
hope,joined,1
cover,princess,1
eerulli,mutai,1
coming,playing,1
like,lor,1
ever,ok,1
contact,details,2
run,ubandu,1
different,wonder,1
closeby,ur,1
lunch,meet,1
dunno,wot,1
get,specs,1
10,wake,1
2,hun,1
one,treat,1
display,okay,1
stuff,waste,1
got,ym,1
bsnl,offc,1
home,n,3
cute,reltnship,1
day,wonder,1
around,ur,1
im,way,2
morning,repair,1
difficult,make,1
u,vl,2
easiest,way,1
iscoming,todo,1
nite,nite,1
ends,take,1
half,hr,2
8,lovable,1
account,please,1
pink,u,1
cheating,mathematics,2
orchard,stuck,1
go,necessity,1
ki,pura,1
anyway,ll,1
justify,ruining,1
day,working,1
drive,telling,1
called,n,1
belligerent,impatient,1
buy,dun,1
may,ok,1
gas,hella,1
thinks,week,1
drop,place,1
get,pray,1
habba,simple,1
ard,lor,1
tell,tv,1
qing,se,1
make,smile,2
phone,racing,1
find,photos,1
actually,things,2
anymore,jia,1
really,would,3
garbage,worthless,1
lifting,one,1
gt,intelligent,1
2,use,1
look,tell,1
copy,os,1
talents,would,1
asks,never,2
india,l,1
asleep,fast,1
gonna,probably,4
attracts,great,1
2morrow,u,1
feel,wrk,1
hi,won,1
need,thing,1
big,deal,2
free,today,3
explain,wil,1
hmm,shall,1
even,great,1
error,got,1
planned,wil,1
dont,person,3
somewhere,stop,1
happiness,wishing,1
happy,make,3
babe,im,1
dont,ve,1
love,prabha,1
else,ill,1
leave,long,1
chat,v,1
friday,test,1
funs,shopping,1
necessarily,respectful,1
home,truble,1
experience,real,1
go,neva,1
arises,hell,1
bowl,dobby,1
good,replacement,1
stage,use,1
complaint,raised,1
better,ipads,1
ennal,prakasam,1
moji,seem,1
every,love,1
join,uncle,1
enjoy,smiling,1
driving,tmr,1
hour,m,1
ahead,times,1
ll,pick,2
honesty,road,1
getting,promise,1
chapter,one,1
check,today,1
angry,anything,1
grl,hogolo,1
let,online,1
speak,txt,1
ass,quick,1
aint,money,1
kind,person,1
call,shall,1
early,home,4
add,really,1
go,nd,1
id,rather,2
go,watch,2
amp,wish,2
express,love,1
gettin,im,1
realize,u,1
hex,promoting,1
up4,ur,1
lor,still,1
best,congrats,1
mail,shall,1
lot,mu,1
die,hope,1
gonna,m,17
attend,phone,1
province,sterling,1
e,module,1
address,may,1
break,know,1
get,pongal,2
let,man,1
plz,slap,2
friends,receive,1
got,oh,2
ll,message,1
anything,wrong,1
frens,present,1
thats,wow,1
gt,joker,1
california,weather,1
evening,work,1
k,second,1
ard,rest,1
letter,luv,1
heart,u,3
think,tuesday,1
confidence,height,2
alone,without,1
noe,r,1
college,come,1
okay,vomit,1
leh,shock,1
light,read,1
another,hope,1
baby,crying,1
leh,reach,1
number,see,1
cant,take,1
like,woman,1
cal,sir,1
rebel,u,1
new,semester,1
asleep,fell,1
minutes,track,1
book,think,1
hundred,ml,1
dear,free,1
b,gona,1
days,spend,1
3g,argh,1
dry,long,1
loan,stapati,1
ashwini,name,1
anywhere,damn,1
caught,got,1
juz,nope,1
abi,hw,1
new,pictures,2
day,u,9
fun,like,1
im,yo,1
bfore,call,1
pic,please,1
dodgey,due,1
past,thing,1
details,online,1
landing,soon,1
going,xy,1
everything,sure,1
fone,fone,1
know,leave,1
n,shot,1
list,reasons,1
get,let,2
chillin,jus,1
bian,shun,1
days,tues,1
ho,oh,3
asa,call,1
happened,yo,1
prefer,spend,1
ends,swann,1
relationship,silent,1
remember,sucks,1
money,take,1
combine,haf,1
jenny,still,1
know,unless,1
aft,immediately,1
good,least,1
lousy,run,1
dont,understand,1
hi,say,4
cheap,n,1
tot,yijue,1
decided,haven,1
colourful,vibrant,1
prestige,small,1
check,rooms,3
8,o,1
ko,kuch,1
2,nothing,1
ethnicity,next,1
alright,re,3
big,old,1
day,wen,1
cos,sun,1
job,networking,1
home,wendy,1
pain,sorry,1
day,great,1
bring,mom,1
many,x,1
r,time,1
bout,sorry,1
always,try,1
dhina,vaazhthukkal,2
tell,whos,1
okay,thanks,1
double,faggot,1
5pm,95,1
prone,quite,1
email,never,2
still,vomit,1
116,ard,1
haven,missin,1
2,met,1
joanna,u,1
course,shopping,1
kano,thanks,1
dangerous,pm,1
people,tough,1
ended,paper,1
danger,real,1
something,take,1
depends,lar,1
cry,stuff,1
sum,time,1
n,u,2
cost,didnt,2
return,tomo,1
freaking,joanna,1
come,till,1
gave,hey,1
geoenvironmental,implications,1
avent,v,1
anyway,m,6
felt,u,1
bb,cos,1
call,pa,1
back,won,2
part,sad,2
lucky,r,1
make,wanna,1
babe,saw,1
admin,e,1
tell,truth,1
especially,one,1
could,trade,1
feel,yesterday,1
howz,persons,3
joined,pandy,1
bleak,hmmm,1
7,shy,1
ditto,won,1
resolution,year,1
doug,realizes,1
door,drop,1
air,talent,1
er,mw,1
cozy,still,1
else,instead,1
mon,overdid,1
give,plane,1
eat,macs,1
m,ugh,2
feeling,hurting,1
bit,ur,2
2,minutes,1
mum,still,1
diff,word,1
may,world,1
call,didn,1
see,whenever,1
came,hme,1
meets,well,1
go,net,1
come,lik,1
kaitlyn,sitter,1
hp,toshiba,1
l,oveable,1
eleven,hitler,1
sisters,something,1
going,u,6
fal,wana,1
hey,told,1
thx,well,1
didn,spring,1
jia,ll,1
last,trip,1
noe,tell,1
superior,tell,1
quite,tiring,1
pa,tell,1
working,yuou,1
night,wants,1
man,much,1
eat,text,1
like,weather,1
made,nhs,1
get,little,1
great,people,1
see,words,1
aight,let,1
da,pls,1
control,get,1
keep,safe,1
college,going,2
jus,say,1
exact,intentions,1
1,rajas,1
face,waste,1
found,tht,1
hugging,p,1
babe,crave,1
lotr,watching,1
model,sony,1
pls,raji,3
ok,sure,1
message,smiling,4
10,kilos,1
adore,enough,1
answer,hours,3
anything,sleep,1
morning,shit,1
conform,hr,1
amp,gt,1
babe,u,4
big,catch,1
take,u,1
rakhesh,visitor,1
wants,work,1
bad,problem,1
accumulation,inch,1
flatter,tell,1
already,run,2
best,mate,1
baby,lots,1
8th,need,1
shall,tocall,1
guy,paranoid,1
kadeem,trying,1
parachute,vday,1
means,want,1
_,depends,1
_,msg,1
text,want,1
hunny,wot,1
anything,details,1
passed,prof,1
club,week,1
ll,want,2
l8r,stress,1
see,uncle,1
_,behind,1
details,fri,1
aint,coming,1
late,today,5
driver,gt,1
hair,pulling,1
tonite,u,1
inside,tight,1
drink,pls,1
place,sliding,1
buy,wants,1
loves,one,3
got,many,2
happened,u,1
enjoy,n,1
la,sd,1
rakhesh,rgds,1
hows,jod,1
election,results,1
head,potato,1
forgot,u,1
itried2tell,marine,1
2,buy,1
jan,like,1
almost,m,3
aah,twelve,1
6,huh,1
programs,well,1
tht,vinobanagar,1
grand,prix,1
law,wife,1
didn,try,1
eaten,got,1
lei,y,3
know,rules,1
lose,win,3
much,peoples,1
tactful,thought,1
constantly,priority,1
12,done,1
msgs,see,2
like,things,1
ave,il,1
differences,understanding,1
cave,happy,1
saw,ur,2
come,wherever,2
natural,shaved,1
intrude,mean,1
dough,raise,1
life,real,2
saying,twice,1
everything,gives,1
girl,margaret,3
ill,mr,1
cos,past,1
keep,lor,1
keep,tag,1
happy,namous,1
big,making,1
feel,vibrator,1
rent,stuff,1
um,ur,1
abt,tat,1
go,yeah,2
details,dramastorm,1
ron,told,1
frnds,without,2
delivery,th,1
chocolate,weed,1
good,nyt,1
beautiful,hunt,1
happy,us,1
nobody,recognises,1
ve,yeah,1
causing,cps,1
dreams,u,2
de,sent,1
anyone,headache,1
thing,worst,1
driving,m,2
get,wuld,1
torture,watching,1
oso,wan,1
add,years,1
much,smokes,3
tm,whenever,1
class,theres,1
getting,safe,1
easy,u,3
amp,send,1
2,nite,2
chennai,thinking,1
grinule,said,1
good,somewhat,1
pls,stifled,1
comedy,great,1
messages,sent,1
m,sleepy,1
b,ll,1
done,soup,1
hit,ll,1
diwali,home,1
last,place,1
got,lei,1
gandhipuram,walk,1
dead,m,1
m,ya,2
drop,stuff,1
calm,complete,1
little,pocy,1
cos,obviously,1
partnership,u,1
flaky,kinda,1
god,measure,1
interested,picking,1
evening,sleep,1
gt,today,1
got,tv,2
cancer,contains,1
tell,telling,1
chain,kodstini,1
agency,housing,1
slept,v,1
mine,sleep,1
5ish,tomorrow,1
4,tog,1
cool,ta,1
tmr,today,1
im,sat,1
want,work,2
back,forth,1
98321561,familiar,1
must,yes,1
also,later,1
care,umma,1
falls,heart,1
family,town,1
lessons,start,1
_,tot,3
fullonsms,www,2
number,u,1
cos,pay,1
bed,boatin,1
m,meant,1
gm,viva,2
going,project,1
one,wiv,1
hell,love,1
nice,ya,2
moment,together,1
bday,drinks,1
sorry,went,1
come,couldn,1
cakes,kinda,1
bored,u,1
thing,u,3
particularly,torrents,1
id,txt,1
avatar,finished,1
collect,ur,1
first,later,1
2,meals,1
class,try,1
ammae,life,1
intro,pilates,1
one,slice,1
6,car,1
2,bak,1
pls,pray,1
2,naughty,1
hold,u,2
kuch,nahi,1
got,late,2
aight,rush,1
love,thought,1
husband,lets,1
half,tomo,1
buy,store,1
sms,urgnt,2
amp,reach,1
listen,u,2
big,ready,1
available,rest,1
downloaded,exe,1
looked,pics,1
armand,call,1
booty,juicy,1
still,waiting,1
eatin,later,1
de,sms,1
another,job,1
_,yet,1
inside,please,1
mate,tonight,1
lor,vale,1
get,service,1
crashing,morning,1
mirror,youre,1
bf,sale,1
free,workin,1
information,today,1
okie,thanx,2
domain,nusstu,1
family,ny,1
reache,room,1
anything,shouldn,1
spent,time,1
hit,people,1
party,welcome,1
fri,oso,1
like,would,4
chennai,still,1
grandma,today,1
away,shattered,1
catching,speak,1
chance,still,2
sent,yet,1
secrets,thousands,1
bcoz,know,2
believe,hard,1
believe,wun,1
loves,u,5
get,long,1
anyone,urn,2
case,guess,1
dat,dunno,1
happy,keeps,1
imagine,yeah,1
anyway,home,1
radio,whens,1
drinking,m,1
agents,hope,1
job,m,1
movies,unlimited,1
first,got,1
day,fri,1
away,grins,1
cos,gave,1
come,lowes,1
classes,go,1
princess,toledo,1
coz,wknd,1
day,sweet,1
next,side,1
ll,rock,1
secret,ur,1
_,go,4
cos,ve,1
job,like,1
feellikw,shit,1
8,ok,1
reboot,ym,2
d,someone,2
crave,wonder,1
da,lor,1
around,d,1
fact,funny,1
friend,r,1
battery,mr,1
bring,india,1
loan,lt,1
motive,tui,1
getting,tyler,1
eat,swear,1
hsbc,senthil,2
gud,habit,1
aww,must,1
today,wrk,1
fr,sweater,1
chillin,da,1
4,kusruthi,4
drink,plenty,1
face,monkey,1
chikku,k,1
ask,miwa,1
lor,mails,1
go,station,1
appreciate,care,1
love,sighs,1
rupaul,show,1
congratulations,ore,1
place,show,1
antha,num,1
possible,teach,1
chinese,thanks,1
2,know,1
cos,ll,1
poor,u,2
man,pay,1
11,48,1
ask,today,1
born,please,1
going,lounge,1
call,wanna,1
body,rhythm,1
8,smth,1
hey,mr,2
difficult,last,1
times,told,1
mcat,needa,1
argument,thia,1
fooled,town,1
re,wa,1
got,oredi,1
gt,select,1
get,slippers,1
dudette,missing,1
2mrw,afternoon,1
swear,trauma,1
cutting,thk,1
9,lt,1
v,wet,1
didnt,know,3
weather,well,1
motor,yeovil,1
everyso,often,1
deleted,old,1
chance,money,1
high,place,1
cos,details,1
cause,wake,1
aiyar,hard,1
day,except,1
chinese,wants,1
come,play,1
get,tired,1
ilol,sure,1
box,po,1
den,rush,1
_,lor,2
reference,sofa,1
jd,sent,2
night,patrick,1
m,nooooooo,1
m,sura,1
art,ll,1
forget,hey,1
sport,wear,1
getting,place,1
anti,invest,1
rhythm,sleep,1
new,spending,1
take,tendencies,1
k,still,1
imagine,would,1
ld,like,1
last,nite,6
go,n,6
fan,ma,2
3rd,june,1
addie,goes,2
available,wasn,1
love,really,1
morning,woke,1
honey,u,1
ugh,wanna,1
dry,ran,1
cold,rite,1
mind,smth,1
next,second,1
linear,takin,1
fast,m,1
least,making,1
850,toa,1
also,north,1
look,picture,1
grave,say,2
bathe,liao,2
place,went,1
love,mi,1
happens,somebody,1
one,red,1
u,whr,1
6,shouldn,1
frens,like,1
2,distract,1
phone,staring,1
sporadically,starting,1
get,pouch,1
2,30ish,1
driving,txting,1
2,save,1
collect,movie,1
compass,ur,1
pls,want,1
7,go,1
around,re,5
could,good,1
dabbles,newscaster,1
got,letter,1
tv,yes,2
bus,last,1
aft,thinking,1
coming,time,2
hit,others,1
4,going,6
bb,torch,1
also,making,1
good,hope,13
marry,ur,1
cant,ya,1
call,take,1
anythingtomorrow,cantdo,1
n,saved,2
really,sorry,3
2geva,longer,1
near,univ,1
7,fine,1
good,person,3
authorise,bank,1
bother,hav,1
fast,huh,1
mine,two,1
allo,braved,1
recharge,without,1
later,sleep,1
got,minute,1
providing,support,1
occur,rajnikant,1
colleagues,n,4
link,u,1
breakin,contract,1
still,thinks,1
reason,smile,1
name,ur,2
good,lovin,1
adi,entey,1
excuse,lazy,1
busy,juz,1
back,getting,4
doctor,said,1
foregate,street,1
asked,day,1
free,m,6
lion,love,1
hello,site,1
lor,wah,1
always,girls,1
address,send,2
bit,shop,1
class,please,1
people,twice,1
day,wife,5
chikku,going,1
baby,come,1
m,mom,1
1,mutai,1
4,moment,1
download,site,1
oredi,went,1
captain,comedy,1
ass,ur,1
home,m,11
needs,phone,1
good,means,2
lazy,type,1
discussed,mother,1
fireplace,got,1
thrown,winds,1
call,priest,1
common,m,1
online,shop,1
chennai,sunday,1
exorcism,see,1
something,tonight,1
first,punch,1
ll,see,11
bored,free,1
hor,u,1
chocolate,need,1
mins,ok,1
carolina,texas,1
get,right,1
blocked,rich,1
odi,sehwag,1
inde,maretare,1
lor,station,1
provider,thank,1
ever,vote,1
might,ok,1
good,see,3
birthday,thanks,1
hon,ur,1
project,yr,1
model,say,1
dick,keep,1
sorry,sorry,1
ah,meet,1
doesn,stand,1
simulate,site,1
day,miss,1
dey,hope,1
get,stuff,2
bag,ok,1
_,find,1
come,first,1
poker,space,1
next,weekend,1
car,going,1
toaday,walk,1
omg,yesterday,1
c,come,1
may,sweet,1
bold,lt,1
also,contact,1
e,rain,2
preferably,tampa,2
idiot,txt,1
de,looking,1
bbd,fine,1
come,lor,1
done,food,1
telling,u,1
applebees,long,1
love,without,2
add,spice,1
bus,man,1
25,wid,1
beehoon,either,1
ok,upstairs,1
call,hour,1
60,paid,1
2,min,1
bill,left,1
coming,tmorow,1
cost,lt,1
answering,see,1
good,u,1
smth,trying,1
looking,thanks,1
easy,things,2
3,ard,1
bathing,dog,2
forward,pound,1
difference,lt,1
beyond,forever,1
bothering,trust,1
along,give,1
birds,twittering,1
ow,u,1
later,showing,1
english,excellent,1
lt,sympathetic,1
dont,meet,1
u,wiv,2
2nd,test,1
ryder,unsold,1
later,meeting,1
_,havent,1
moment,unemployed,1
january,though,1
1,wife,3
b,immunisation,1
air,balloon,1
birds,one,1
dat,sweet,1
brother,care,1
already,lunch,2
brats,screaming,1
left,mean,1
forgiveness,little,1
cannot,many,1
prayers,ur,1
back,go,4
shakespeare,shesil,1
long,took,3
lk,sun,1
adoring,ahmad,1
download,u,1
fun,without,1
cars,getting,1
2morrow,luv,1
sweet,think,1
must,u,4
tampa,wylie,1
hon,probs,1
back,parents,1
sick,slept,1
cd,tat,1
coughing,nothing,1
charges,differ,1
buy,wat,1
interest,patty,1
boston,nyc,1
5,times,2
brief,oso,1
e,kb,1
calling,thought,1
call,miss,1
exhausted,train,1
come,try,2
number,send,3
send,test,1
u,win,3
convey,regards,4
individual,lor,1
game,play,1
go,hungry,1
babe,hi,4
interview,today,2
seriously,tell,1
shoving,stuff,1
othrs,spoon,1
crap,weekends,1
handle,victoria,1
1,need,3
dooms,lovely,1
mum,somerset,1
try,u,3
instructions,wat,1
sure,think,1
sea,shore,1
felt,ill,1
show,watch,1
beatings,like,1
decided,fran,1
morning,pookie,1
june,soiree,1
either,raglan,1
came,look,1
5,like,2
nav,pretsorginta,1
arts,college,1
probably,yet,1
never,yah,1
give,raise,1
complete,please,1
never,u,5
de,pain,1
home,rub,1
meeting,pleasure,1
hey,someone,1
brings,evening,1
babe,shit,1
eaten,u,1
clarification,thanks,1
gorgeous,hey,1
noe,wat,1
ok,tot,1
go,love,1
get,shipping,1
bloo,bloo,1
every,stool,1
fo,oath,1
ah,already,1
give,us,5
night,wish,2
boo,lol,1
afternoon,onwords,1
shakespeare,world,1
lyk,type,1
delete,right,1
drop,every,1
celebrations,handed,1
find,today,1
mango,size,1
dental,school,1
jay,says,2
game,send,2
least,til,1
coming,today,2
boyf,still,1
every,gt,1
go,tomo,1
let,snow,2
pain,smile,2
aft,wat,1
days,free,1
spoke,uncle,1
lets,lies,1
already,movie,1
d,hope,1
call,ready,2
friends,turns,1
drive,sariyag,1
jay,tyler,1
email,yahoo,1
guess,worry,1
free,hv,2
4,delivery,1
shame,tell,1
chat,open,1
bak,long,1
ll,tonight,2
dreamz,little,1
lt,us,1
greatness,made,1
fights,snowball,1
love,think,2
e,pick,1
stupid,suggestion,1
bcoz,love,2
nigeria,wish,1
finished,jus,1
bored,wouldn,1
boss,day,5
cultures,e,1
beer,vodka,2
peaceful,play,1
slept,wid,1
drop,ready,1
come,n,10
u,would,2
dun,really,1
boytoy,goes,1
buy,together,1
jay,playing,1
earlier,slightly,1
anniversary,glorious,1
cool,thats,9
dont,forget,2
seriously,shit,1
ok,r,1
meh,thgt,1
missing,much,1
cute,dialogue,1
one,thing,4
sorted,still,1
e,fats,1
8,til,1
academic,department,1
happened,lot,1
glad,hey,1
wake,yest,1
5digital,dooms,1
back,maybe,1
bet,princess,1
buy,china,1
ending,ready,1
part,replacing,1
irritates,u,2
january,mid,1
ask,g,1
barely,stay,1
day,life,1
car,mobile,1
blow,phil,1
keep,part,2
got,pleasant,1
1,test,1
without,wuld,1
2day,normal,1
dont,search,2
make,regular,1
care,need,1
already,envy,1
gt,right,1
lead,take,2
characters,dey,1
onion,roast,1
come,earth,1
goes,like,1
dont,pls,5
anyway,come,1
coins,sell,1
didn,think,2
day,fat,1
msg,sent,1
2,serious,1
il,shitin,1
always,blessings,1
fast,kick,1
amp,goodnite,2
distance,long,1
guys,re,1
craigslist,selling,1
guy,met,2
know,wikipedia,1
laughing,r,1
kinda,wales,1
5,nights,2
brain,use,3
boston,personal,1
idk,keep,1
fine,hope,2
love,making,1
evey,mnth,1
30,u,1
bslvyl,sent,2
someone,thinkin,1
get,library,2
missing,start,1
hope,love,3
chiong,muz,1
going,upset,1
already,thk,1
law,one,1
receipts,shall,1
bottom,top,1
amp,get,2
type,u,2
pouch,saw,1
evening,tuesday,1
love,man,1
green,realy,1
copy,regarding,1
parents,place,1
2,seemed,1
govt,holiday,4
could,phone,1
better,lookin,1
6,coming,1
save,stress,1
late,tomorrow,1
izzit,y,1
also,shit,1
fone,ur,1
conditions,terms,1
hello,little,1
sleeps,two,1
early,m,1
guide,right,2
crazy,terrible,1
need,restock,1
process,tech,1
still,waitin,2
said,wun,1
come,thekingshead,1
dunno,rest,1
come,still,1
last,wednesday,1
really,tuesday,1
arty,collages,1
even,haven,2
m,referin,1
b,wont,1
lunch,still,2
footie,worried,1
home,wont,1
pc,sell,1
ve,way,1
neville,phil,1
havin,likeyour,1
meeting,sorry,3
current,secretary,1
say,still,1
btw,re,1
bus,come,1
mate,pete,1
last,min,1
card,cheers,1
love,still,1
seeing,weird,1
de,u,1
already,dunno,1
dont,kick,1
forgot,nope,1
mr,olayiwola,1
gets,guy,1
calling,lot,1
buy,r,1
jus,small,1
call,may,2
b,mite,1
cos,oredi,1
pa,said,1
jay,snickering,1
2,show,1
cos,one,1
dhoni,time,1
anyone,know,1
copies,dvd,1
however,let,1
center,get,1
cancel,leh,1
2,talk,1
love,xxxxxxxxxxxxxx,1
asked,call,2
must,slaaaaave,1
floor,windows,1
egg,make,1
lar,still,1
reduce,temp,2
today,u,4
likes,tell,2
dude,worse,1
loved,truly,1
n,nokia,2
good,mornin,1
juz,send,1
playing,vava,1
essential,part,1
chez,jules,1
earlier,n,1
fat,get,1
change,went,1
news,work,2
id,password,1
coin,toss,1
gets,thrown,1
pple,tape,1
late,sorry,2
around,showing,1
know,near,1
inshah,pray,1
2b,hospital,1
praying,some1,2
6,face,1
cos,flat,1
time,weakness,1
m,working,1
730,fren,1
late,y,1
feels,heavy,4
fuck,let,1
note,says,1
forget,head,1
raglan,rd,1
parent,snot,1
er,yep,1
conclusion,n,1
ago,long,4
chikku,il,1
mid,till,1
company,good,2
appt,next,1
frm,realy,3
minutes,please,1
babe,sorry,1
dont,u,6
headin,m,1
loved,waking,1
disappointment,total,1
buy,won,1
real,something,1
gd,haha,1
night,sleep,1
keep,mp3,1
nap,tho,1
check,reality,1
get,gone,1
r,sending,1
fever,suffering,1
needs,rose,1
dieting,week,1
fifteen,like,1
m,worry,1
dear,hero,1
clean,room,1
old,orchard,1
asked,god,1
ll,throw,1
30,speak,1
aig,tata,1
meet,wan,2
bf,pei,1
champ,leaving,1
half,message,1
present,wat,1
com,way2sms,1
home,weekend,1
d,maybe,2
amp,worry,1
new,shirts,1
depends,individual,1
model,role,2
def,up4,1
_,yup,2
night,per,4
favour,pls,3
say,terms,1
1,ok,1
heart,losing,2
job,love,1
achan,amma,1
2,send,2
sms,survey,1
convince,ned,1
find,yesterday,1
wake,wondering,1
morning,value,1
3,message,2
hour,though,1
pc,phone,1
jack,know,1
birds,humans,1
ever,really,1
e,lar,1
got,payoh,2
dasara,happy,1
conducts,exam,1
lt,monthly,1
pick,tuesday,1
food,really,2
may,new,1
chastity,spent,1
life,means,2
care,send,1
add,havent,1
smiling,u,3
care,oh,1
happy,thought,1
gotmarried,thatmum,1
4give,u,1
4,daddy,1
m,reasonable,1
still,texts,1
25,year,1
dont,due,1
dont,paracetamol,1
boat,dock,1
2,ring,1
buffet,lunch,1
chance,get,3
last,week,10
great,n,1
iouri,mall,1
many,year,1
dormitory,meaning,1
see,white,1
ovulation,relax,1
ring,txt,1
rcb,tiwary,1
re,sorting,1
leave,want,1
joy,name,2
relax,tell,1
4,qet,1
bad,miss,1
itwhichturnedinto,u,2
please,protect,2
min,warning,1
send,sweetie,1
also,important,1
dear,true,1
always,needs,1
goggles,went,1
2waxsto,r,2
laughing,stop,1
cool,says,1
back,number,1
u,yelow,1
good,good,3
hubby,shirt,1
auction,problem,1
go,nevr,1
going,learn,1
m,prob,1
u,use,1
coming,wednesday,1
brisk,walks,1
asked,shop,1
hour,starts,1
office,reach,1
files,system,1
anjie,darling,1
n,yup,1
bitch,face,1
admission,til,1
meet,qatar,1
home,sending,2
created,y,1
hope,pay,1
charge,smiles,1
last,thought,1
hard,workin,1
hit,move,1
early,wan,1
0quit,drivby,1
lt,rs,5
check,hows,1
find,pls,2
evaluation,fri,1
fone,im,1
hook,still,1
right,yeah,1
got,zaher,1
best,cricketer,2
one,plus,1
50s,ok,1
pain,pls,1
buying,qbank,1
hungry,m,3
find,lt,1
talking,think,1
bed,cuddling,1
_,worry,1
sat,wk,1
babies,together,1
turning,youre,1
excellent,nights,1
dinner,tonight,2
anythin,likes,1
m,thinking,4
didnt,speak,2
foreign,stamps,3
lmao,nice,1
fallen,n,1
credit,gotany,1
outside,right,1
reminds,still,1
8,minutes,1
easy,making,1
ettans,mother,1
kind,ve,1
2,go,16
special,ten,4
disagreeable,lol,1
got,something,1
2,aint,1
later,uup,1
anytime,fine,1
cherish,month,1
swing,wee,1
available,bugis,1
anyone,calls,1
got,nvm,1
apartment,invited,5
tickets,win,1
thing,think,1
away,compliments,1
given,ve,2
nice,rather,1
e,schedule,1
cute,short,3
first,tests,1
lunch,online,1
call,d,1
centre,part,1
eat,u,4
_,noe,1
ok,wk,1
respond,yes,1
day,sure,1
everything,missing,2
enemies,feel,1
ayo,since,1
mth,today,1
boss,morning,1
elephant,size,1
playing,still,1
_,creep,1
already,inside,1
ru,way,1
get,stopped,1
buying,gucci,1
far,wit,1
course,expect,1
cos,mys,1
better,words,1
goal,new,1
course,leh,1
ibored,wanna,1
m,sure,4
ba,gua,1
constant,smile,1
make,tell,1
much,r,1
2,longer,1
one,see,1
care,sleep,2
3d,shrek,1
lets,something,1
lt,wed,1
hit,left,1
need,sure,1
lunch,yup,1
ned,u,1
3,wouldn,1
baby,thank,1
kanagu,msg,1
anyway,home,1
1,big,1
car,karnan,1
2,hurt,1
expected,lor,1
guess,nosy,1
anthony,know,1
ok,today,4
cn,holiday,1
comfey,dont,1
hidden,teeth,1
30,6,2
songs,urgent,1
22,65,1
boatin,docks,1
bored,inever,1
billion,calls,1
d,hello,3
enuff,space,1
believe,cant,2
dont,mistake,3
expression,speaking,1
2,arrange,1
2nd,learn,1
drop,pick,2
job,na,3
fix,ill,1
call,yoga,1
cancel,still,1
file,run,1
ll,say,1
yest,yest,1
shall,tel,2
gt,sent,1
da,rest,1
got,planned,1
ur,wonderful,1
day,mine,1
like,stay,1
cash,good,1
call,mistake,1
know,menu,2
potential,talent,2
_,comin,2
fuck,want,1
still,stock,1
butting,heads,1
staying,town,1
9,thanks,1
score,tell,1
fun,today,1
definitely,imma,1
deer,mountain,1
hunting,job,1
got,place,1
around,move,1
driving,test,1
4,still,1
bank,go,1
firefox,rebtel,1
2mrw,u,3
elaborating,safety,1
actually,cine,1
offer,result,1
selling,without,1
distance,keeping,1
earth,send,1
made,payments,1
1stone,sun,1
fun,much,2
forgot,lol,1
first,sis,1
acknowledgement,astoundingly,1
go,sad,1
day,song,2
screaming,surprise,4
lei,n,1
bad,character,1
darlings,hope,1
affection,deep,4
gd,sounds,1
awesome,know,1
house,ur,3
clean,lt,1
major,person,2
laxinorficated,opportunity,1
last,month,1
dun,meet,1
flash,usb,1
thm,throwin,1
account,email,1
today,yesterday,2
mean,post,1
aeronautics,confidence,2
day,work,1
know,need,4
ask,cooked,1
re,send,1
2nd,ur,4
okay,would,1
anything,like,1
dont,much,1
felt,special,5
fixes,spelling,1
lor,taka,1
2,d,3
gray,remembr,1
night,quizzes,1
earliest,midnight,1
sorry,text,1
anyone,school,1
mail,po,1
blokes,needs,1
always,armand,1
jay,wants,2
replied,waves,1
lara,said,1
makin,u,1
send,tis,2
go,plan,1
mayb,rents,1
case,collecting,1
asked,money,1
night,thanks,1
arrested,police,3
fujitsu,got,1
party,went,1
problem,wouldn,1
pap,preferably,1
check,u,1
shower,sup,1
hope,yr,1
coming,said,1
buns,sexy,5
dint,try,1
good,r,2
well,wish,2
close,still,1
garments,style,1
feeling,great,1
sleeping,trouble,1
coming,give,1
fatty,meant,1
become,even,1
meant,money,1
goes,job,1
docs,waiting,1
month,per,1
bellearlier,hunny,1
dark,liao,1
awesome,remember,1
babe,love,2
change,fb,1
pshew,texted,1
celebrate,gonna,1
bck,text,1
ollu,raksha,1
another,smashed,1
also,right,1
gudnite,tc,2
knw,ru,1
lotz,n,1
hopefully,replacement,1
msg,write,3
bucks,send,1
man,story,5
like,stuffed,1
know,u,7
u,want,11
bed,prin,1
kind,took,1
almost,room,1
com,see,1
package,since,1
pics,pretty,1
measure,tape,1
like,y,1
forgot,wondering,1
already,home,1
need,somebody,1
got,tomo,1
please,reserve,1
dat,needs,1
dont,go,1
bcaz,mobile,1
d,sea,1
unconditionally,without,1
ask,workin,1
adding,tried,1
come,cool,1
c,stripes,1
fun,practicing,1
mandara,movie,1
give,k,4
fingers,good,1
participate,welcome,1
pleasure,smile,2
aft,sian,1
arms,shit,1
forgot,u,1
nvm,take,1
coz,yogasana,1
itried2tell,urmom,1
audition,forth,1
dreams,muah,2
re,says,1
dis,name,1
back,car,2
around,places,1
anything,de,1
later,speak,1
dear,tell,1
height,oh,1
chennai,eve,1
came,fix,1
eat,remember,1
prabu,told,1
go,page,1
got,laptop,1
magic,work,1
stopped,swimming,1
tablets,took,1
pounds,since,1
checking,happening,1
phone,want,1
heard,ve,1
stock,tomorrow,1
going,watch,2
knw,u,8
account,lt,3
oso,shuhui,1
flaked,sorry,1
black,trainners,1
calling,tried,1
left,mobile,2
leave,ll,5
m,workin,2
doggy,hook,1
belly,exposes,1
sorry,yesterday,1
good,riddance,1
lasting,much,1
2,4,1
c,n,2
hospitals,medical,1
getting,really,1
got,nothing,2
learn,use,1
ordered,part,1
appreciate,earlier,1
ask,neva,1
far,find,1
boat,rolled,1
hi,take,1
people,special,4
blue,blue,4
2,hurt,1
friend,world,1
appear,path,1
k,makes,1
like,march,1
crab,footprints,1
7,meeting,1
den,might,1
long,price,1
outside,wait,1
night,see,1
bb,nelson,1
broken,using,1
got,sindu,1
accomodations,embarassed,1
minute,something,1
av,new,1
buy,n,1
afternoon,sunshine,1
hi,lou,1
guy,m,1
saw,yes,1
please,yes,4
heard,seen,1
dont,payments,1
last,nobbing,1
tell,us,1
present,wan,1
costume,im,1
promise,wonderful,1
feel,shake,1
still,want,4
cuck,enjoy,1
grown,ur,1
amp,grief,1
fighting,world,3
checked,heading,1
bbd,called,1
doin,loads,1
knows,worried,1
drug,tell,1
4get,one,3
8,shouted,1
spent,ve,1
pay,site,1
ertini,pataistha,1
chikku,kothi,1
dunno,hmm,1
mon,sch,1
11,rightio,1
please,trade,1
double,parachute,1
guy,one,2
cme,got,1
indians,yeh,1
smokin,yet,1
dont,msgs,1
bus,way,1
beautiful,truth,5
data,hospital,1
allow,wont,1
bin,keris,1
2wks,takes,1
best,haha,1
nice,send,1
bcoz,ones,2
phone,upstairs,1
ask,wait,1
den,manage,1
teaches,volcanoes,1
later,u,5
manual,training,1
bell,give,2
hope,loverboy,1
every,wish,1
go,hos,1
da,lecturer,1
sum1,vry,1
special,treat,1
let,u,3
call,noon,1
better,haha,1
bit,blur,1
cos,haven,1
come,morning,5
hurt,hurt,1
details,money,1
expecting,m,2
know,patty,1
closer,side,1
best,msg,1
hey,whats,2
texts,unlimited,1
correct,good,1
came,knackered,1
lt,works,1
painting,ur,1
resolved,thing,1
life,next,1
ability,question,1
offer,told,1
crap,nite,1
cheers,lou,1
links,practicum,1
2nite,goin,1
8,like,2
guy,loving,1
al,sudn,1
forgive,please,1
2,home,3
fri,said,1
bout,talkin,1
das,hey,1
shit,still,1
achieve,korli,1
going,points,1
carry,needs,1
hurt,ve,1
lab,ur,1
checkmate,chess,1
ah,placement,1
confirm,eating,1
3,sentiment,1
lei,neva,1
second,someone,1
live,next,1
someone,spend,1
born,idiot,1
seeing,year,1
2,comin,1
got,vivek,1
call,home,1
met,u,1
fixed,ve,1
inst,pending,1
20,sale,1
interesting,thing,1
2nd,need,1
dis,num,1
interested,like,1
good,maybe,1
hero,leaving,1
one,parents,1
mag,meeting,1
electricity,went,1
appt,lt,1
2,catches,1
card,itz,2
da,truth,1
room,til,1
c,jan,1
u,wen,9
re,re,1
needy,want,1
bout,wot,1
anything,going,2
eat,shall,1
call,uncle,1
basically,free,1
getting,time,1
eat,wat,1
mu,sitting,1
got,mail,2
goin,mind,1
dat,slowly,1
aka,checkup,1
cause,diapers,1
add,ll,1
know,weird,1
4,lei,1
bf,coming,1
till,working,1
alone,try,1
g,talk,1
didn,oh,1
plan,todays,3
pain,spose,1
dear,sleepwell,2
away,go,2
break,giving,1
taste,wait,1
c,d,1
rights,wife,1
except,theres,1
robs,says,1
faber,yest,1
fuck,ugh,1
online,waiting,1
much,worry,1
hav,make,1
called,police,3
tell,time,1
tirunelvali,week,1
front,us,1
lol,yeah,1
farm,open,1
arise,hurricanes,1
def,night,1
already,mah,1
child,gave,1
get,good,2
del,r,1
4,us,1
re,well,1
added,contact,2
bf,dad,1
called,received,1
crashed,cuddled,1
curious,cuz,1
essential,life,2
eating,nachos,1
activate,run,1
black,swalpa,1
office,still,1
realize,u,1
like,wounds,1
brings,weather,1
also,anything,1
jon,pete,1
clock,o,2
reply,u,1
leh,nice,1
hesitation,lot,1
cos,urself,1
k,sister,1
fancied,skint,1
gram,place,1
hi,recharge,1
5,girls,1
show,won,1
bcoz,urself,2
sister,won,1
blank,wat,1
hyde,westshore,1
m,otside,1
going,liao,1
describe,lucky,1
back,yan,1
cuddling,sex,1
dismay,u,1
haha,okie,1
place,wil,1
go,today,1
dat,day,1
bunch,lotto,1
dreams,meet,1
3,home,1
bit,yes,1
darren,say,2
dear,recharge,1
maangalyam,request,2
haiz,ll,1
gift,loved,1
dont,get,3
fifth,wait,1
might,still,1
gone,late,1
kb,lesson,1
2,str,1
away,u,1
get,shall,1
answered,fine,1
1,name,1
best,k,1
requests,start,1
dont,regret,1
finished,formatting,1
v,walk,1
choosing,phone,1
killing,neck,1
somethin,wanna,1
absolutly,fine,2
eat,said,1
twelve,two,1
bring,light,1
cos,dunno,1
busy,m,1
4,find,1
could,way,4
babe,squishy,1
comin,money,1
net,ticket,1
give,one,3
chat,fact,1
night,pick,1
make,really,1
garbage,novelty,1
lect,today,1
2,little,1
love,wish,1
bus,waiting,1
drop,later,1
desparately,miss,1
elsewhere,n,1
thanks,ve,1
quite,tired,1
7,esplanade,1
justify,much,1
realise,u,1
4got,ooh,1
always,dude,1
girl,u,1
side,system,1
2,catch,1
answer,drugs,1
lt,type,2
carlos,taking,1
checkin,ur,1
goodnight,till,1
around,bit,2
doesn,story,1
got,thk,2
cover,screen,3
friendship,poem,2
brb,gonna,1
dint,till,1
paper,today,1
via,way2sms,1
book,must,1
hey,r,2
bedroom,outside,1
miss,sigh,1
baby,promise,1
boy,long,1
cts,employee,1
love,mind,2
movie,watching,3
4,evr,2
finish,yet,1
get,plan,1
probably,would,1
privacy,violated,1
later,plus,1
far,week,1
1,opinion,4
dunno,lei,6
signing,tmr,1
theplace,wine,1
5wkg,days,1
charges,transfer,1
ever,leafcutter,1
bring,wanted,1
chores,half,1
oops,shower,1
care,cause,1
didn,told,1
life,sorry,1
customer,machan,1
every,seeing,1
dont,knw,2
got,hi,1
l8r,post,1
dont,trip,1
excuses,want,1
d,mrng,1
earth,sofa,1
already,thing,1
9,stand,1
break,chain,1
_,ish,2
told,ve,2
much,sleep,1
cl,roger,1
4,parco,2
problem,sent,1
personal,thought,1
friendship,happy,1
love,see,1
names,nobody,1
kay,sat,1
dollars,shoul,1
ill,think,1
furniture,m,1
forgotten,haven,1
cant,handle,2
mon,muz,1
like,spoiled,1
good,think,1
8,either,1
4,lect,1
babe,swollen,1
camp,hows,1
last,said,1
get,well,1
needing,wont,1
n,thy,2
ll,ok,1
many,years,1
know,minutes,1
gorgeous,keep,1
check,mind,1
dec,since,1
marrge,remembr,1
banks,fees,1
feel,happy,1
d,main,1
coz,somtimes,2
eh,u,2
canada,syria,1
goin,mite,1
lifting,thinking,1
comes,rajini,1
odalebeku,poortiyagi,1
car,drop,1
go,watch,1
day,sorted,1
girl,wen,1
one,til,1
bit,see,3
12,ard,1
fb,proof,1
always,u,4
whats,wrong,1
need,receipts,2
hi,hi,7
g,glad,1
1,india,1
love,much,4
busy,lil,1
said,ystrday,1
barely,m,2
salary,upto,1
family,pray,2
hugs,snogs,2
blood,heart,2
wanted,wish,1
cell,time,1
hope,text,1
get,much,1
day,lt,2
valentine,wasn,1
natwest,reply,1
2,study,1
excuse,tampa,1
life,need,1
chores,time,1
anymore,u,1
make,stars,1
aka,egbon,1
finish,urgent,1
good,number,1
eve,resubbing,1
itwhichturnedinto,touched,2
attach,wat,1
loads,put,1
mr,oh,1
careabout,u,1
great,home,1
early,left,1
get,pls,1
lets,recount,1
2,half,1
going,lessons,1
giving,problems,1
instead,white,1
someone,something,1
slowly,vomit,1
u,werebored,1
smoked,ve,1
ah,poor,1
day,gt,1
discount,oh,1
bad,news,1
get,us,2
b,enuff,1
ok,tests,1
fine,sends,1
drive,madoke,1
next,yr,1
months,pay,2
might,think,2
else,everyone,1
dressed,worlds,1
1,aroundn,1
money,taylor,1
exposed,note,1
watch,x,1
frying,pan,1
e,waiting,2
personally,wuldnt,1
know,oh,2
give,treat,2
da,office,3
slow,using,1
call,dhorte,1
bring,straight,1
vl,week,1
lovely,ve,1
clue,u,1
carry,disturbing,1
cell,chikku,1
already,lido,1
_,properly,1
d,post,3
reaching,tp,1
future,gift,1
decided,yet,1
e,show,2
dear1,lover,3
class,get,1
upcharge,without,1
meet,soon,2
much,soo,1
idea,smoke,1
alright,ll,3
anything,hope,1
2,_,1
lot,time,2
ela,pa,1
best,every,1
gave,number,1
number,sir,2
chikku,ok,2
maga,treat,1
monkeespeople,say,1
deus,ex,2
flood,want,1
airport,evening,1
disappeared,happened,1
hurts,musta,1
anything,read,1
called,wife,3
cam,working,1
go,kind,1
bring,want,1
become,better,1
radio,xmas,1
4,kb,1
2,ya,1
bitch,u,1
done,roommate,1
c,meh,1
m,studying,1
going,sorry,1
andros,go,1
amigos,killing,1
bras,underwear,1
life,risk,1
wat,wit,1
ashley,number,1
girl,r,1
developer,software,1
m,waking,1
damn,job,1
330,hm,1
else,pa,1
grazed,splat,1
named,somebody,1
2,waiting,1
break,walls,1
b,bruce,1
sir,waiting,6
sit,turns,1
lap,office,1
paper,phone,1
gonna,snow,2
cool,m,1
case,gt,1
many,pending,1
account,sending,1
monkeyaround,say,1
funny,lt,1
repair,shop,2
drive,right,1
whenevr,wherevr,1
go,let,2
9ja,miss,1
give,reply,1
m,occurs,1
_,frens,1
cancel,cheyyamo,1
gv,lv,2
points,ur,1
gotta,ugh,1
dirt,everywhere,1
friendship,one,1
shld,thk,1
bud,get,1
narcotics,sorting,1
kama,positions,1
appointment,hairdressers,1
already,da,1
nothing,ok,1
deus,get,1
bit,lor,2
2,askd,2
aretaking,outfor,1
dis,knew,1
hee,rite,1
beautiful,hello,1
enjoyed,hoping,1
would,yahoo,1
fifteen,give,1
man,work,1
day,free,1
pay,ticket,1
asthere,ofsi,1
meant,praps,1
still,tonight,2
stress,studying,1
chase,go,1
care,insha,1
call,even,1
grins,see,2
fri,mentionned,1
tactful,way,1
brings,luv,1
come,vl,1
n,said,1
lot,thanks,2
already,sat,1
come,lunch,1
n,trends,1
go,theatre,1
alibi,re,1
go,know,1
700,pple,1
ex,wat,1
pick,seen,1
queen,tunji,1
purse,snatch,1
make,smoke,1
sheets,time,1
empty,heart,2
happy,would,1
hugh,laurie,1
prospects,yet,1
lor,okie,4
going,try,2
kaaj,kicchu,1
festival,ganesh,1
beautiful,intelligent,2
apps,class,2
friday,keep,1
buy,stuff,1
cinema,warner,1
darren,saying,1
check,told,1
base,rate,1
blood,red,2
u,working,2
actually,got,1
nights,past,1
aunt,nike,1
sending,u,1
message,ok,1
missed,tm,1
5,cooking,3
anything,decided,1
good,jolly,2
meet,shall,1
boat,m,1
carlos,took,1
easier,life,1
one,round,1
k,papers,1
maybe,tonight,1
late,need,1
hair,wat,1
edge,pushes,1
changes,ur,1
u,wnt,1
m,vivek,1
dull,stuff,1
number,old,1
loved,understood,1
boss,soladha,1
u,whats,1
bell,pocy,1
fren,lor,1
cum,plz,1
lor,nothing,2
cashed,month,1
cos,fees,1
liao,went,1
1,mumtaz,1
approaches,hurts,1
happy,u,1
early,sleep,2
disturbance,might,1
bishan,m,1
bit,drink,1
much,safely,1
remember,yet,1
abbey,happy,1
doin,tonight,2
doesnt,sure,1
ll,tomorrow,1
understanding,ve,1
shower,sorry,1
2,find,1
k,luv,1
customer,still,1
lot,violence,1
hee,yet,1
feel,gt,1
teacher,teaches,1
da,super,1
get,let,1
goodo,yes,1
excellent,ll,1
naughty,send,2
carolina,north,1
battery,died,2
lot,say,1
stock,talking,1
couch,link,1
leave,maybe,1
back,northampton,2
back,sch,1
meet,monday,1
bag,mayb,1
phone,yoville,1
buzz,grins,1
da,listed,1
funny,want,1
possible,stupid,3
gals,know,1
cos,lor,3
mah,plaza,1
come,getting,1
indian,swimming,1
arguments,r,1
see,want,1
nudist,themed,1
cos,really,1
still,week,1
howdy,monkeyaround,1
slave,want,1
report,supervisor,1
court,lt,1
jus,reached,1
know,smeone,2
eve,go,3
home,relatives,1
hear,love,2
may,nt,1
ask,princess,1
fine,started,1
sprint,warned,1
mum,say,1
life,means,1
carlos,went,1
cry,sorry,1
phone,pick,13
meeting,smiles,1
booking,tour,1
child,spoilt,1
need,say,2
dying,say,1
back,wlcome,1
2,v,1
cya,meet,1
m,shopping,1
love,m,1
clearly,ok,1
stones,strtd,1
match,think,1
profit,start,1
fit,would,1
babe,class,1
held,prasad,1
1,didnt,2
boring,lowes,1
hun,ru,1
heart,sweet,4
epi,got,1
lol,yep,1
better,oic,1
change,plan,1
2,r,1
fast,jiu,1
day,exact,1
ha,must,1
helps,us,1
home,u,1
won,year,1
didnt,see,1
na,tuition,3
e,thing,2
location,nyc,1
mean,touch,1
d,thought,2
big,thing,1
good,happening,1
lesson,tmr,1
book,brison,1
pete,wuld,1
miss,much,3
g,x,1
need,sir,2
happen,within,1
sha,thing,1
know,still,1
owned,possessive,1
room,think,1
ball,moving,1
clean,home,1
everyone,project,1
arent,well,1
babe,better,1
get,hold,4
hands,hold,1
chad,gymnastics,1
full,give,1
charge,oh,1
4,waiting,2
meh,watch,1
day,otherwise,1
knew,wasn,1
keep,try,1
coping,individual,1
past,rent,2
none,nowhere,1
guys,leaving,1
back,silver,1
il,say,1
loose,world,1
good,would,1
eldest,know,1
e,speling,1
ask,sell,1
obese,oyea,1
pub,tell,1
best,friend,2
busy,w,1
parkin,tot,1
joined,tissco,1
fine,remember,1
msgs,pic,1
knw,ya,1
road,street,1
lot,tell,1
alone,week,1
look,usf,1
bright,light,1
boo,hoping,1
plans,years,1
one,told,1
times,woul,1
4,long,1
like,shorter,1
forgot,liao,1
hurt,sorry,1
doesn,g,1
different,lol,1
insurance,ll,2
dress,want,1
true,way,4
change,say,1
christmas,occasion,1
reason,u,3
distance,shorter,1
girl,ive,1
class,one,1
better,go,2
angry,coz,4
3,weeks,1
half,way,1
good,making,1
glad,see,1
budget,try,1
finishing,school,1
make,think,1
diamond,uncut,1
fyi,x,1
muz,still,1
must,sit,1
another,place,1
b,celebrate,1
ere,got,1
early,go,1
away,takes,1
1,reach,1
afternoon,mah,1
afternoon,sexy,1
day,little,1
predicting,tonite,1
aunts,beth,1
like,round,1
go,nus,1
e,hair,1
dad,said,1
happy,texts,1
unlimited,watch,1
need,person,1
song,u,2
love,work,1
rakhesh,recharge,1
ma,night,1
abt,dvg,1
rewarding,semester,1
instead,jus,1
place,strange,1
headin,towards,1
hopefully,oh,1
oh,rite,1
bath,going,1
know,whenever,1
feet,want,1
space,want,1
ps,u,1
day,shitstorm,1
around,lt,7
_,xuhui,1
computer,ujhhhhhhh,1
dear,yes,1
got,lesson,2
angry,ever,2
dont,moral,1
amplikater,fidalfication,1
duvet,especially,1
e,road,1
btw,see,1
justfound,via,1
already,yar,1
haha,thinkin,1
possession,shit,1
executive,ur,2
ever,told,2
late,oredi,1
shell,unconsciously,1
ever,u,2
predictive,text,1
msgs,neglect,1
da,please,2
thank,tming,1
possessiveness,poured,1
gautham,number,1
forget,us,2
sup,town,1
advice,gary,1
decimal,points,1
built,u,1
4th,smile,4
ros,xxxxxxx,1
buy,cheese,1
cold,way,1
wan,yogasana,1
barmed,remember,1
call,de,1
asus,ppl,1
frm,work,1
didnt,mind,2
send,shade,1
making,tortilla,1
feel,ill,1
4years,decided,1
question,xam,1
found,like,1
4,ur,8
manage,plan,1
hoped,wont,1
audrey,check,1
drink,phone,1
head,islands,1
go,pls,2
face,fucking,1
leaving,thing,1
_,one,2
fulfil,promise,1
love,tomorrow,2
cafe,take,1
fast,sell,1
mu,try,1
night,sure,2
cos,fast,1
every,okay,1
ganesh,happy,1
ask,b4,1
got,lor,1
thing,tomo,1
ask,starving,1
lt,sent,3
go,honesty,1
gap,much,1
asking,working,1
amore,got,1
gt,think,1
bag,ok,1
korean,leona,1
sch,yar,1
rest,u,1
jen,xxx,1
close,eyes,1
month,period,1
think,wake,1
keep,wine,2
complete,course,2
huh,proof,1
d,get,2
needs,replacing,1
u,unable,1
hard,work,1
friendsare,thekingshead,1
belongs,sister,1
left,reply,1
able,know,1
concentrate,ur,1
baby,shower,1
audition,next,1
forfeit,haha,1
election,see,1
allowed,play,1
get,weed,1
another,sent,1
dog,later,1
half,uses,1
hope,safe,1
got,lunch,1
half,years,1
forwarding,message,1
care,give,1
ard,nothing,1
lot,quality,1
2,weeks,1
envelope,rock,2
maybe,ok,1
fact,lost,1
abt,free,1
adult,would,1
doesn,go,1
min,thats,1
get,time,1
babe,need,1
ah,failed,1
outside,r,1
snot,supposed,1
fingers,press,1
going,im,3
darlings,little,1
love,n,1
album,plaid,1
mind,picking,1
chikku,nt,1
sarasota,tampa,1
sec,think,1
e,lazy,1
arty,bit,1
words,ym,2
m,solihull,1
could,swing,2
daaaaa,home,1
found,way,1
oh,well,2
luck,win,1
managed,thats,1
pretty,yes,1
ok,stay,1
reached,ve,4
shit,situation,1
popped,sux,1
haha,hope,1
fat,maybe,1
da,open,1
bcz,u,1
da,jus,1
fringe,thk,1
u,wat,9
let,sure,1
c,taxi,1
k,support,1
make,tea,1
excuse,looking,1
evening,sir,2
changing,dream,1
mad,still,1
coz,thought,1
day,lmao,1
treatin,ya,1
go,gonna,3
even,stick,1
assume,imma,1
long,way,1
check,phone,1
actor,m,1
rdy,ship,1
babe,miss,3
care,wil,2
d,purchase,1
bcaz,speak,1
7,away,1
nahi,wo,1
goin,revision,1
coming,funeral,1
got,leads,1
confirm,pls,1
actually,realising,1
ad,hopeu,1
forward,looking,3
bring,one,1
india,win,1
already,wat,2
grownup,stuff,1
apples,pairs,1
3,kusruthi,4
aathi,love,3
get,watch,1
late,replied,1
fine,wish,1
magical,sight,1
arab,boy,1
9pm,fab,1
ill,maybe,1
even,othrwise,1
battle,rcb,1
giving,lift,1
give,trying,1
hesitant,m,1
happy,person,1
gibe,gonna,1
mr,owl,1
back,omw,3
bed,warm,1
brandy,rum,2
opportunity,went,1
close,heart,1
minimum,wait,1
lavender,say,1
haha,looking,1
charge,pay,2
gt,keralacircle,2
checked,wasn,1
etc,etc,1
cant,case,1
car,silver,1
accidentally,deleted,2
tmr,u,1
enough,get,1
days,watching,1
feb,subletting,1
caring,loving,1
id,recently,1
lt,urn,2
boost,secret,1
2morrow,take,1
bein,bout,1
liking,see,1
tryin,well,1
shld,somebody,1
fedex,want,1
leave,please,2
st,week,1
myspace,stuff,1
get,need,5
costume,im,1
gud,hav,1
though,worry,1
alone,leaving,1
computer,fried,1
appointment,available,1
end,life,2
india,visitor,1
rupaul,watch,1
dis,somtimes,1
work,yet,2
come,enough,1
c,worry,1
go,like,1
customer,voice,1
collect,time,1
good,take,3
havent,juz,1
eve,football,1
hi,petey,1
11,tmr,1
mood,pity,1
much,smoke,2
_,ah,1
ok,whats,3
get,hi,2
okay,thats,1
avoid,like,1
2,judgemental,1
dear,sleep,1
booty,pretty,1
hmmm,imagine,1
2,thout,1
2,excuse,1
bloody,bus,1
best,line,1
money,voila,1
enjoy,showers,1
ended,period,1
got,work,1
dammit,fone,1
first,person,2
8th,market,1
lacking,m,1
ask,u,5
2,valuable,1
favorite,ur,1
2,sch,5
2,wn,2
luvd,r,1
really,tomorrow,1
dehydrated,get,1
painful,words,1
history,iter,1
worse,yeah,1
get,ovulate,1
however,recession,2
enough,replace,2
see,stars,1
aspects,safety,1
go,sat,1
created,gap,4
back,hug,1
ask,say,1
4,next,1
hug,let,1
may,wonder,1
mood,suggestions,1
clark,form,2
gettin,n,1
home,ll,1
forgot,happy,1
kind,oz,1
6,dun,1
needs,papa,1
contact,number,1
go,lesson,1
3,unless,1
know,result,1
horrible,looked,1
experience,satisfied,3
still,yeah,2
hope,think,1
except,perfume,1
leave,locks,1
life,went,1
annoying,trip,1
thk,u,4
throat,wrecked,1
keep,lie,1
buy,shop,1
4,back,1
_,gek1510,1
dunno,lets,1
could,say,1
always,even,1
aight,m,1
doin,wot,1
etc,laundry,1
informed,saved,1
bay,blue,4
avent,coz,1
could,keep,1
appy,fizz,1
find,got,1
pert,potato,1
feels,happened,1
babe,well,1
smoke,want,2
know,second,1
hop,parco,1
4,cos,1
fone,helens,1
complexities,great,1
ahmad,dreams,1
miss,v,1
night,ve,1
insects,like,1
raj,ranju,1
keep,rather,1
anyplaces,something,1
house,see,2
dude,friends,1
morning,reaction,1
good,velly,1
mids,south,1
bed,m,1
wnt,yelow,1
soft,yesterday,1
guy,stopped,1
ask,fri,1
remember,today,1
arrange,pick,1
1st,eat,1
remember,thank,1
contents,pg,1
crack,jokes,3
leh,opinion,1
idk,reacting,1
problem,thanx,1
jay,sort,1
2,give,1
good,goodmorning,1
greet,make,1
talk,wants,1
eighth,half,1
brats,pulling,1
ago,time,1
finished,got,1
cos,u,2
5pm,9am,1
messages,sup,1
g,iouri,1
bad,cant,1
ffectionate,l,1
devouring,lion,1
cannot,everywhere,1
later,m,1
da,help,1
com,wikipedia,1
going,rem,1
free,ur,2
derek,house,1
changed,realized,1
back,love,1
name,yesterday,1
ad,kinda,1
ha,ha,5
know,never,1
good,ideas,1
get,nver,1
im,sorry,2
great,loxahatchee,2
friend,times,1
kinda,yeah,1
parantella,sandiago,1
first,high,1
edison,rightly,2
missing,prospects,1
eat,night,1
da,get,2
bad,totally,1
see,top,1
means,u,3
strips,test,1
darren,wif,1
lar,wif,1
end,month,3
dis,lt,3
missin,true,1
need,take,1
outta,way,2
2geva,bin,1
da,works,1
least,ok,1
near,oso,1
well,went,3
career,educational,2
studying,warwick,1
brand,ll,1
phone,plan,1
caught,u,1
amp,fletcher,1
oredi,thk,1
_,forgot,1
_,need,2
free,set,1
bed,pillows,1
hope,pee,1
leh,tot,1
fro,moments,1
back,leaving,1
enemy,means,3
won,worry,1
day,ok,1
barely,stand,3
run,would,1
falling,love,2
thank,way,1
good,mrng,1
amount,sos,1
creepy,text,1
accordingly,ok,1
nora,told,1
prabu,project,1
personality,ur,4
free,please,1
much,want,1
lt,squeezed,1
problem,said,1
good,love,1
hungry,v,1
enough,good,1
entropication,ever,1
calicut,home,1
five,minutes,1
know,lol,3
piss,talking,1
im,pisces,1
_,pick,4
da,plm,1
jan,whn,1
like,wrote,1
d,hw,1
6,cruel,1
miss,really,1
u,vry,2
caps,spelled,1
english,left,1
de,lt,1
lyfu,meow,1
ll,sure,4
half,home,2
greatly,way,1
day,rest,1
booking,family,1
ipad,please,1
dry,spell,1
l,worry,1
get,try,2
hangin,point,1
im,juan,1
earlier,something,1
3,everyone,3
message,offer,1
4,thing,1
ask,jos,1
air,opinions,1
got,lot,3
princess,yes,5
energy,shouted,2
love,yaxxx,1
7,8,1
money,shipping,1
appear,front,1
parents,working,1
pick,place,1
mistake,u,1
enough,pls,1
still,town,3
fixed,get,1
come,early,1
bank,directors,1
capital,never,1
summon,time,1
da,many,1
anna,come,2
amp,habit,1
else,next,1
cry,end,2
gd,hasnt,1
4d,closes,1
checked,phone,1
details,eckankar,1
630,work,1
6,lei,1
da,sorry,7
text,would,1
got,minor,1
haventcn,u,1
cheer,try,1
questions,wise,2
tooo,winning,2
jez,well,1
6,ard,1
get,hoops,1
know,really,1
quite,still,1
realy,soz,1
oso,reply,1
amrca,thing,1
daddy,shu,1
deficient,like,1
jack,shit,1
hills,shit,1
fr,post,1
card,get,1
always,moment,1
lesson,tonight,1
meet,ready,1
cos,u,2
decided,perfect,1
night,sat,2
msg,super,1
knackered,m,1
bakrid,happy,1
weekend,working,1
apology,meant,1
explain,u,1
gt,shesil,1
fucking,love,2
college,life,1
4,february,1
tel,u,1
give,money,1
gt,guess,1
diff,quite,1
k,much,2
check,mail,1
sit,try,1
wake,wen,1
sn,spk,1
last,year,3
place,sad,1
e,msg,3
look,said,1
feeling,sick,1
check,reference,1
lunch,wif,2
drive,read,1
peril,wellda,1
getting,goods,1
swt,thought,1
already,size,1
project,w,1
give,won,1
cuz,thanksgiving,1
download,flash,1
accordingly,tell,1
go,lesson,2
